target_index,bp_poison_count,msp_poison_count,method,transform,representation,bp_eq2_uniform,full_normalized_distance,bp_delta_from_original,bp_ratio_to_original,cp_eq1_optimized,cp_delta_from_original,cp_ratio_to_original,cp_coefficient_entropy,cp_coefficients
2,10,10,BP,original,layer2_flat,0.406542032957077,0.9017117421405546,0.0,1.0,0.226861372590065,2.9802322387695312e-08,1.0000001313680067,1.7837127447128296,0.14277665 0.23823529 0.01018630 0.01522640 0.01030834 0.03957410 0.54369295 0.00000000 0.00000000 0.00000000
2,10,10,BP,original,layer3_flat,0.3380106985569,0.8222052037744593,0.0,1.0,0.212022066116333,0.0,1.0,1.3162121772766113,0.00000000 0.34944785 0.00000000 0.00383086 0.07985156 0.00000000 0.56686974 0.00000000 0.00000000 0.00000000
2,10,10,BP,original,layer4_pooled,0.4619673192501068,0.961215188446486,0.0,1.0,0.14914430677890778,0.0,1.0,-0.0,0.00000000 0.00000000 0.00000000 0.00000000 0.00000000 0.00000000 1.00000000 0.00000000 0.00000000 0.00000000
2,10,10,BP,original,concat,0.36807820200920105,0.8579955734258785,0.0,1.0,0.2209937572479248,0.0,1.0,1.541723608970642,0.07722284 0.30870682 0.00000000 0.00873191 0.04600609 0.00000000 0.55933225 0.00000000 0.00000000 0.00000000
2,10,10,BP,rotate_-10,layer2_flat,0.3753957450389862,0.8664822502959726,-0.03114628791809082,0.9233872874313523,0.22526690363883972,-0.001594439148902893,0.992971745960317,1.9783494472503662,0.15162881 0.22335796 0.01852981 0.03517387 0.00000000 0.05107167 0.50553203 0.00000000 0.01470591 0.00000000
2,10,10,BP,rotate_-10,layer3_flat,0.3467836081981659,0.8328068301811241,0.00877290964126587,1.0259545324414134,0.21522997319698334,0.0032079070806503296,1.0151300623533923,1.3601810932159424,0.00000000 0.32188845 0.00000000 0.03532461 0.05002662 0.00000000 0.59276038 0.00000000 0.00000000 0.00000000
2,10,10,BP,rotate_-10,layer4_pooled,0.48086026310920715,0.9806735064323979,0.018892943859100342,1.0408967108100367,0.14914879202842712,4.4852495193481445e-06,1.0000300732197975,-0.0,0.00000000 0.00000000 0.00000000 0.00000000 0.00000000 0.00000000 1.00000000 0.00000000 0.00000000 0.00000000
2,10,10,BP,rotate_-10,concat,0.3598878085613251,0.8483959082425199,-0.008190393447875977,0.9777482246893583,0.22261348366737366,0.0016197264194488525,1.0073292858568146,1.6623497009277344,0.09273253 0.28402838 0.00000000 0.04358289 0.02010422 0.00000000 0.55331415 0.00000000 0.00623782 0.00000000
2,10,10,BP,rotate_+10,layer2_flat,0.4056618809700012,0.9007351230744821,-0.0008801519870758057,0.9978350283224796,0.23578839004039764,0.00892704725265503,1.0393502354474207,1.7939939498901367,0.16934161 0.27345586 0.01690066 0.00959240 0.00512565 0.01141939 0.50280380 0.00000000 0.01136057 0.00000000
2,10,10,BP,rotate_+10,layer3_flat,0.34421440958976746,0.829716107581102,0.006203711032867432,1.0183535937156283,0.21530872583389282,0.0032866597175598145,1.0155014983947046,1.2643275260925293,0.00000000 0.35753173 0.00000000 0.01626609 0.03992469 0.00000000 0.58627748 0.00000000 0.00000000 0.00000000
2,10,10,BP,rotate_+10,layer4_pooled,0.46447205543518066,0.9638174676101079,0.0025047361850738525,1.0054218904253536,0.16654451191425323,0.01740020513534546,1.1166669081175384,-0.0,0.00000000 0.00000000 0.00000000 0.00000000 0.00000000 0.00000000 1.00000000 0.00000000 0.00000000 0.00000000
2,10,10,BP,rotate_+10,concat,0.3707432448863983,0.8610960978734004,0.0026650428771972656,1.0072404257101957,0.22609399259090424,0.005100235342979431,1.0230786398967577,1.5499106645584106,0.09891525 0.31212878 0.00000000 0.01361064 0.02587057 0.00000000 0.54947478 0.00000000 0.00000000 0.00000000
2,10,10,BP,scale_0.90,layer2_flat,0.3226581811904907,0.8033158546804497,-0.0838838517665863,0.7936649965657143,0.20014852285385132,-0.026712819933891296,0.882250454812979,2.166518211364746,0.15320750 0.23328955 0.07581849 0.03839169 0.00231276 0.06486139 0.43211859 0.00000000 0.00000000 0.00000000
2,10,10,BP,scale_0.90,layer3_flat,0.296883225440979,0.7705624250389829,-0.04112747311592102,0.8783249367804373,0.20099633932113647,-0.011025726795196533,0.94799726746793,1.738647699356079,0.00000000 0.39035067 0.01459975 0.06270532 0.10687456 0.00000000 0.42546964 0.00000000 0.00000000 0.00000000
2,10,10,BP,scale_0.90,layer4_pooled,0.5504433512687683,1.049231481865435,0.0884760320186615,1.191520110474675,0.07628434151411057,-0.07285996526479721,0.5114800769947146,0.9090334177017212,0.00000000 0.32433495 0.00000000 0.00000000 0.00000000 0.00000000 0.67566508 0.00000000 0.00000000 0.00000000
2,10,10,BP,scale_0.90,concat,0.30918800830841064,0.7863688807530607,-0.058890193700790405,0.840006299261486,0.20447427034378052,-0.016519486904144287,0.925249078934221,1.9920350313186646,0.09067167 0.33038467 0.04747546 0.04171235 0.05420553 0.00000000 0.43555033 0.00000000 0.00000000 0.00000000
2,10,10,BP,scale_1.10,layer2_flat,0.38406991958618164,0.8764358728237699,-0.022472113370895386,0.9447237639675681,0.22339606285095215,-0.0034652799367904663,0.984725119342975,1.8809452056884766,0.18551624 0.22680373 0.01300733 0.01143032 0.00000000 0.05149551 0.50114977 0.00000000 0.01059708 0.00000000
2,10,10,BP,scale_1.10,layer3_flat,0.3348734974861145,0.8183807151761514,-0.0031372010707855225,0.9907186338060594,0.21829992532730103,0.006277859210968018,1.0296094615335645,1.5799150466918945,0.00348992 0.33731118 0.00000000 0.05395114 0.08598933 0.00000000 0.51925844 0.00000000 0.00000000 0.00000000
2,10,10,BP,scale_1.10,layer4_pooled,0.47240519523620605,0.9720135752510929,0.010437875986099243,1.0225944034374987,0.11584984511137009,-0.03329446166753769,0.7767634421562579,-0.0,0.00000000 0.00000000 0.00000000 0.00000000 0.00000000 0.00000000 1.00000000 0.00000000 0.00000000 0.00000000
2,10,10,BP,scale_1.10,concat,0.35775941610336304,0.8458834625447681,-0.010318785905838013,0.9719657783332901,0.22359268367290497,0.0025989264249801636,1.0117601802753766,1.7384250164031982,0.12365598 0.29134500 0.00000000 0.02759937 0.03826970 0.00000000 0.51524007 0.00000000 0.00388984 0.00000000
2,10,10,BP,horizontal_flip,layer2_flat,0.3934963047504425,0.8871260392418233,-0.013045728206634521,0.967910505804993,0.21485671401023865,-0.012004628777503967,0.9470838502940411,1.7062005996704102,0.13850640 0.23591073 0.01800230 0.00364954 0.00000000 0.02544267 0.56466460 0.00000000 0.01382370 0.00000000
2,10,10,BP,horizontal_flip,layer3_flat,0.3383879065513611,0.8226638518269307,0.00037720799446105957,1.0011159646604986,0.1952112317085266,-0.016810834407806396,0.9207118640259676,1.1814171075820923,0.01519742 0.34688008 0.00000000 0.02368119 0.00000000 0.00000000 0.61424136 0.00000000 0.00000000 0.00000000
2,10,10,BP,horizontal_flip,layer4_pooled,0.46751832962036133,0.9669729361469858,0.005551010370254517,1.0120160239457052,0.16353680193424225,0.014392495155334473,1.0965004663340818,-0.0,0.00000000 0.00000000 0.00000000 0.00000000 0.00000000 0.00000000 1.00000000 0.00000000 0.00000000 0.00000000
2,10,10,BP,horizontal_flip,concat,0.36302733421325684,0.8520884158504408,-0.005050867795944214,0.986277731828835,0.20546282827854156,-0.01553092896938324,0.9297223181201024,1.4457032680511475,0.09132512 0.29324433 0.00000000 0.01465178 0.00000000 0.00000000 0.58955634 0.00000000 0.01122241 0.00000000
2,10,10,MSP,original,layer2_flat,0.27434661984443665,0.7407383071563622,0.0,1.0,0.13717803359031677,0.0,1.0,1.6543558835983276,0.14145166 0.22954500 0.01981664 0.00000000 0.00000000 0.03950965 0.56883478 0.00000000 0.00084240 0.00000000
2,10,10,MSP,original,layer3_flat,0.27293694019317627,0.7388327824253283,0.0,1.0,0.10056469589471817,-7.450580596923828e-09,0.9999999259125683,0.9760549664497375,0.00000000 0.19421032 0.00000000 0.00000000 0.04885392 0.00000000 0.75693578 0.00000000 0.00000000 0.00000000
2,10,10,MSP,original,layer4_pooled,0.3807946443557739,0.8726908322605136,0.0,1.0,0.017588656395673752,0.0,1.0,0.35106879472732544,0.00000000 0.06606616 0.00000000 0.00000000 0.00000000 0.00000000 0.93393385 0.00000000 0.00000000 0.00000000
2,10,10,MSP,original,concat,0.2736040949821472,0.7397352161174257,0.0,1.0,0.11946144700050354,0.0,1.0,1.3514175415039062,0.07941106 0.20300739 0.00000000 0.00000000 0.01911872 0.01853703 0.67992586 0.00000000 0.00000000 0.00000000
2,10,10,MSP,rotate_-10,layer2_flat,0.2836308479309082,0.7531677740462721,0.009284228086471558,1.0338412337345442,0.17472726106643677,0.037549227476119995,1.2737262409518664,1.9029037952423096,0.17445156 0.18431066 0.00000000 0.03804918 0.00000000 0.05814425 0.52614039 0.00000000 0.01890398 0.00000000
2,10,10,MSP,rotate_-10,layer3_flat,0.28814375400543213,0.7591360273434954,0.01520681381225586,1.0557154843218994,0.10839050263166428,0.007825799286365509,1.0778185489138972,0.9551953077316284,0.04662968 0.16030532 0.00000000 0.00000000 0.00736819 0.00000000 0.78569674 0.00000000 0.00000000 0.00000000
2,10,10,MSP,rotate_-10,layer4_pooled,0.39721348881721497,0.8913063320960027,0.01641884446144104,1.0431173198067825,0.015200925059616566,-0.002387731336057186,0.8642459502188731,0.25673750042915344,0.00000000 0.04319131 0.00000000 0.00000000 0.00000000 0.00000000 0.95680875 0.00000000 0.00000000 0.00000000
2,10,10,MSP,rotate_-10,concat,0.28613555431365967,0.7564860267231109,0.012531459331512451,1.045801431927707,0.1432695984840393,0.023808151483535767,1.1992956897904987,1.3844258785247803,0.11948353 0.16145538 0.00000000 0.00285265 0.00000000 0.02734469 0.68178290 0.00000000 0.00708087 0.00000000
2,10,10,MSP,rotate_+10,layer2_flat,0.3050905168056488,0.7811408538869912,0.030743896961212158,1.1120622407468803,0.17408788204193115,0.03690984845161438,1.2690652977398469,1.6606411933898926,0.17929041 0.23103288 0.00000000 0.01932127 0.00000000 0.00610620 0.54786688 0.00000000 0.01638234 0.00000000
2,10,10,MSP,rotate_+10,layer3_flat,0.2871645390987396,0.7578450225458232,0.014227598905563354,1.0521277878159012,0.10695410519838333,0.006389401853084564,1.0635352329443304,0.8890260457992554,0.02989804 0.16259076 0.00000000 0.00000000 0.00765736 0.00000000 0.79985386 0.00000000 0.00000000 0.00000000
2,10,10,MSP,rotate_+10,layer4_pooled,0.390190064907074,0.8833912665484915,0.009395420551300049,1.0246731950948798,0.020721834152936935,0.0031331777572631836,1.1781362763932162,-0.0,0.00000000 0.00000000 0.00000000 0.00000000 0.00000000 0.00000000 1.00000000 0.00000000 0.00000000 0.00000000
2,10,10,MSP,rotate_+10,concat,0.2949388325214386,0.7680349373842815,0.021334737539291382,1.0779766748030781,0.1396988481283188,0.020237401127815247,1.1694052904579377,1.2242355346679688,0.11141734 0.18439873 0.00000000 0.00000000 0.00835440 0.00000000 0.69582951 0.00000000 0.00000000 0.00000000
2,10,10,MSP,scale_0.90,layer2_flat,0.24756911396980286,0.7036605914356763,-0.02677750587463379,0.9023953497596585,0.17067936062812805,0.03350132703781128,1.2442178690038599,2.254206418991089,0.16297390 0.19981943 0.04420710 0.07299865 0.01828980 0.06683148 0.43487963 0.00000000 0.00000000 0.00000000
2,10,10,MSP,scale_0.90,layer3_flat,0.24265779554843903,0.6966459582147003,-0.030279144644737244,0.8890617568175431,0.13551202416419983,0.03494732081890106,1.347510803055407,1.627101182937622,0.06033951 0.29259524 0.00000000 0.01519891 0.08264906 0.00000000 0.54921740 0.00000000 0.00000000 0.00000000
2,10,10,MSP,scale_0.90,layer4_pooled,0.39164602756500244,0.8850378834434178,0.010851383209228516,1.0284966802186999,0.041068896651268005,0.023480240255594254,2.3349649754960633,1.8600223064422607,0.25080490 0.22862482 0.00000000 0.10753429 0.00000000 0.00000000 0.41303602 0.00000000 0.00000000 0.00000000
2,10,10,MSP,scale_0.90,concat,0.2450166940689087,0.700023848263627,-0.028587400913238525,0.8955154493758606,0.154273122549057,0.03481167554855347,1.2914051053484672,1.992317795753479,0.12299363 0.24387112 0.00418309 0.05112166 0.04783012 0.03252358 0.49747679 0.00000000 0.00000000 0.00000000
2,10,10,MSP,scale_1.10,layer2_flat,0.2674596905708313,0.7313818299231002,-0.006886929273605347,0.9748969778542,0.15290798246860504,0.01572994887828827,1.1146681321089003,1.8752866983413696,0.17761897 0.21258451 0.02411858 0.00227746 0.00000000 0.06033890 0.51250547 0.00000000 0.01055609 0.00000000
2,10,10,MSP,scale_1.10,layer3_flat,0.2675156593322754,0.7314583506014206,-0.005421280860900879,0.9801372402832537,0.11230407655239105,0.011739373207092285,1.1167345282834202,1.330008625984192,0.05415412 0.18345813 0.00000000 0.00000000 0.05907649 0.00678086 0.69653034 0.00000000 0.00000000 0.00000000
2,10,10,MSP,scale_1.10,layer4_pooled,0.3796355724334717,0.8713616613478834,-0.001159071922302246,0.9969561758825151,0.010255091823637486,-0.007333564572036266,0.5830514618829475,0.6286675333976746,0.00000000 0.15765405 0.00000000 0.00000000 0.00000000 0.00000000 0.84234601 0.00000000 0.00000000 0.00000000
2,10,10,MSP,scale_1.10,concat,0.26753273606300354,0.7314816963711444,-0.006071358919143677,0.9778096927989414,0.13408564031124115,0.01462419331073761,1.1224176809992394,1.5572748184204102,0.12651655 0.18729667 0.00000000 0.00000000 0.01872605 0.04225345 0.62494463 0.00000000 0.00026264 0.00000000
2,10,10,MSP,horizontal_flip,layer2_flat,0.3069504499435425,0.7835182830585927,0.032603830099105835,1.1188417415803207,0.17990343272686005,0.042725399136543274,1.3114594809241218,1.6989433765411377,0.14308776 0.22842631 0.00000000 0.00750824 0.00000000 0.03879274 0.56298065 0.00000000 0.01920431 0.00000000
2,10,10,MSP,horizontal_flip,layer3_flat,0.2939590513706207,0.766758177485732,0.021022111177444458,1.0770218613958544,0.1146617904305458,0.01409708708524704,1.1401792738024905,1.0267665386199951,0.08599855 0.13458520 0.00000000 0.00000000 0.00000000 0.00628438 0.77313197 0.00000000 0.00000000 0.00000000
2,10,10,MSP,horizontal_flip,layer4_pooled,0.38983577489852905,0.8829901187425928,0.009041130542755127,1.0237427985838066,0.021752042695879936,0.004163386300206184,1.2367086039041355,0.09585609287023544,0.00000000 0.01232760 0.00000000 0.00000000 0.00000000 0.00000000 0.98767239 0.00000000 0.00000000 0.00000000
2,10,10,MSP,horizontal_flip,concat,0.2998010814189911,0.7743398238744938,0.026196986436843872,1.0957477863716092,0.1466357409954071,0.027174293994903564,1.2274733370219562,1.3334097862243652,0.11436606 0.17266074 0.00000000 0.00000000 0.00000000 0.01893285 0.68587053 0.00000000 0.00816985 0.00000000
3,10,10,BP,original,layer2_flat,0.39327624440193176,0.8868779447048301,0.0,1.0,0.20306895673274994,0.0,1.0,1.842410922050476,0.23703294 0.22028203 0.02179760 0.05172802 0.00000000 0.00000000 0.46751845 0.00000000 0.00164092 0.00000000
3,10,10,BP,original,layer3_flat,0.3498307168483734,0.8364576699969621,0.0,1.0,0.19826261699199677,0.0,1.0,1.7205173969268799,0.17198224 0.14902456 0.00000000 0.13833931 0.00000000 0.00000000 0.54065382 0.00000000 0.00000000 0.00000000
3,10,10,BP,original,layer4_pooled,0.44627103209495544,0.9447444438523631,0.0,1.0,0.09371275454759598,0.0,1.0,-0.0,0.00000000 0.00000000 0.00000000 0.00000000 0.00000000 0.00000000 1.00000000 0.00000000 0.00000000 0.00000000
3,10,10,BP,original,concat,0.3697669804096222,0.859961604270356,0.0,1.0,0.20200616121292114,0.0,1.0,1.7274658679962158,0.20991232 0.17920087 0.00000000 0.09297217 0.00000000 0.00000000 0.51791465 0.00000000 0.00000000 0.00000000
3,10,10,BP,rotate_-10,layer2_flat,0.38332992792129517,0.8755911465076553,-0.009946316480636597,0.9747090839525866,0.20926350355148315,0.006194546818733215,1.0305046468863042,1.9361536502838135,0.23673324 0.20685332 0.00000000 0.08374652 0.00000000 0.03051077 0.44215614 0.00000000 0.00000000 0.00000000
3,10,10,BP,rotate_-10,layer3_flat,0.3515547811985016,0.838516286303971,0.0017240643501281738,1.0049282817862746,0.19178526103496552,-0.00647735595703125,0.967329413606701,1.6389269828796387,0.17128333 0.16548374 0.00000000 0.09022439 0.00000000 0.00000000 0.57300842 0.00000000 0.00000000 0.00000000
3,10,10,BP,rotate_-10,layer4_pooled,0.46046409010887146,0.9596500300722878,0.014193058013916016,1.0318036730891023,0.10481743514537811,0.011104680597782135,1.1184970034364283,-0.0,0.00000000 0.00000000 0.00000000 0.00000000 0.00000000 0.00000000 1.00000000 0.00000000 0.00000000 0.00000000
3,10,10,BP,rotate_-10,concat,0.36638063192367554,0.8560147567929838,-0.0033863484859466553,0.9908419392067238,0.2015104442834854,-0.00049571692943573,0.9975460306435368,1.7317136526107788,0.20796780 0.18392816 0.00000000 0.09283312 0.00000000 0.00000000 0.51527089 0.00000000 0.00000000 0.00000000
3,10,10,BP,rotate_+10,layer2_flat,0.3759642243385315,0.8671380793605267,-0.01731202006340027,0.9559800005472407,0.20319034159183502,0.00012138485908508301,1.0005977519215024,1.8898464441299438,0.26656899 0.20032367 0.01515129 0.08498279 0.00000000 0.00000000 0.43297324 0.00000000 0.00000000 0.00000000
3,10,10,BP,rotate_+10,layer3_flat,0.34442779421806335,0.8299732456146564,-0.005402922630310059,0.9845556082697096,0.1875467449426651,-0.010715872049331665,0.9459511217401605,1.7230221033096313,0.19491990 0.14272700 0.00000000 0.12779467 0.00000000 0.00000000 0.53455848 0.00000000 0.00000000 0.00000000
3,10,10,BP,rotate_+10,layer4_pooled,0.46309155225753784,0.9623840732862715,0.016820520162582397,1.0376912659636077,0.0674145519733429,-0.026298202574253082,0.7193743508988865,-0.0,0.00000000 0.00000000 0.00000000 0.00000000 0.00000000 0.00000000 1.00000000 0.00000000 0.00000000 0.00000000
3,10,10,BP,rotate_+10,concat,0.35966384410858154,0.8481318813823491,-0.01010313630104065,0.9726770186731621,0.19638103246688843,-0.005625128746032715,0.9721536773322681,1.766061782836914,0.23367266 0.16457687 0.00000000 0.10710895 0.00000000 0.00000000 0.49464157 0.00000000 0.00000000 0.00000000
3,10,10,BP,scale_0.90,layer2_flat,0.31907859444618225,0.7988474127719039,-0.07419764995574951,0.8113345237305252,0.19081580638885498,-0.012253150343894958,0.9396601502219739,2.1596500873565674,0.23367755 0.20737892 0.00423544 0.13061370 0.00000000 0.06299140 0.36110303 0.00000000 0.00000000 0.00000000
3,10,10,BP,scale_0.90,layer3_flat,0.3280995488166809,0.8100611690689549,-0.021731168031692505,0.9378809035770027,0.20645597577095032,0.008193358778953552,1.0413257874995314,1.9243171215057373,0.21027949 0.21042222 0.00000000 0.18349031 0.00000000 0.00000000 0.39580789 0.00000000 0.00000000 0.00000000
3,10,10,BP,scale_0.90,layer4_pooled,0.5001610517501831,1.0001610387834383,0.05389001965522766,1.1207562574745842,0.0595560260117054,-0.03415672853589058,0.6355167586267229,0.5149059295654297,0.08850868 0.01061776 0.00000000 0.00000000 0.00000000 0.00000000 0.90087360 0.00000000 0.00000000 0.00000000
3,10,10,BP,scale_0.90,concat,0.3235831558704376,0.8044664764555918,-0.04618382453918457,0.8751001928622779,0.19955278933048248,-0.0024533718824386597,0.9878549650778197,1.9262925386428833,0.23464812 0.22041084 0.00000000 0.16116929 0.00000000 0.00000000 0.38377178 0.00000000 0.00000000 0.00000000
3,10,10,BP,scale_1.10,layer2_flat,0.38551685214042664,0.8780852488687264,-0.007759392261505127,0.9802698678805648,0.20460636913776398,0.001537412405014038,1.0075708883806882,1.893291711807251,0.23431873 0.25006300 0.01392313 0.06321439 0.00000000 0.00541407 0.43296081 0.00000000 0.00010589 0.00000000
3,10,10,BP,scale_1.10,layer3_flat,0.35701605677604675,0.8450042091919386,0.00718533992767334,1.0205394769001006,0.18478618562221527,-0.013476431369781494,0.9320273706956187,1.7096140384674072,0.13895519 0.15090172 0.00000000 0.16280422 0.00000000 0.00000000 0.54733890 0.00000000 0.00000000 0.00000000
3,10,10,BP,scale_1.10,layer4_pooled,0.4516153633594513,0.9503845151931415,0.00534433126449585,1.0119755280538727,0.06742727756500244,-0.026285476982593536,0.7195101444919875,-0.0,0.00000000 0.00000000 0.00000000 0.00000000 0.00000000 0.00000000 1.00000000 0.00000000 0.00000000 0.00000000
3,10,10,BP,scale_1.10,concat,0.37112390995025635,0.8615380548185394,0.0013569295406341553,1.0036696882429235,0.19757984578609467,-0.004426315426826477,0.9780882157245735,1.758467674255371,0.19194452 0.19158879 0.00000000 0.10878285 0.00000000 0.00000000 0.50768387 0.00000000 0.00000000 0.00000000
3,10,10,BP,horizontal_flip,layer2_flat,0.3786570429801941,0.8702379478972335,-0.014619201421737671,0.962827143439766,0.20032744109630585,-0.002741515636444092,0.9864995827991643,1.975507140159607,0.15264878 0.26314053 0.00000000 0.08994226 0.00000000 0.04572592 0.44636682 0.00000000 0.00217567 0.00000000
3,10,10,BP,horizontal_flip,layer3_flat,0.3336738646030426,0.8169135383907438,-0.01615685224533081,0.9538152270022433,0.19055044651031494,-0.007712170481681824,0.9611012373454435,1.8296012878417969,0.08904919 0.22688673 0.00000000 0.26471570 0.00000000 0.00000000 0.41934836 0.00000000 0.00000000 0.00000000
3,10,10,BP,horizontal_flip,layer4_pooled,0.4613850712776184,0.9606092559179497,0.015114039182662964,1.033867399171482,0.0403992123901844,-0.053313542157411575,0.4310962001467458,-0.0,0.00000000 0.00000000 0.00000000 0.00000000 0.00000000 0.00000000 1.00000000 0.00000000 0.00000000 0.00000000
3,10,10,BP,horizontal_flip,concat,0.35547924041748047,0.8431835392338735,-0.014287739992141724,0.9613601518008035,0.1985444277524948,-0.0034617334604263306,0.9828632283311378,1.8409898281097412,0.13619481 0.25091588 0.00000000 0.16557863 0.00000000 0.00000000 0.44731069 0.00000000 0.00000000 0.00000000
3,10,10,MSP,original,layer2_flat,0.255289763212204,0.7145484773088583,0.0,1.0,0.1380847990512848,0.0,1.0,1.9359700679779053,0.20497715 0.21358223 0.00000000 0.11831461 0.00000000 0.01411988 0.44657221 0.00243393 0.00000000 0.00000000
3,10,10,MSP,original,layer3_flat,0.2850528955459595,0.755053502138702,0.0,1.0,0.1508796364068985,1.4901161193847656e-08,1.0000000987619206,1.6204068660736084,0.24200371 0.09388865 0.00000000 0.10262540 0.00000000 0.00000000 0.56148219 0.00000000 0.00000000 0.00000000
3,10,10,MSP,original,layer4_pooled,0.3952094614505768,0.8890550730416837,0.0,1.0,0.1209779754281044,7.450580596923828e-09,1.00000006158626,0.2906772494316101,0.05101125 0.00000000 0.00000000 0.00000000 0.00000000 0.00000000 0.94898874 0.00000000 0.00000000 0.00000000
3,10,10,MSP,original,concat,0.27148789167404175,0.7368689051304061,0.0,1.0,0.14617487788200378,0.0,1.0,1.7622401714324951,0.21792281 0.15947080 0.00000000 0.11757171 0.00000000 0.00000000 0.50503474 0.00000000 0.00000000 0.00000000
3,10,10,MSP,rotate_-10,layer2_flat,0.27499672770500183,0.7416154363347649,0.01970696449279785,1.0771944955596973,0.1677224487066269,0.029637649655342102,1.2146336878407595,2.0289015769958496,0.17644915 0.17136389 0.00000000 0.11255840 0.00000000 0.07319365 0.46577314 0.00000000 0.00066184 0.00000000
3,10,10,MSP,rotate_-10,layer3_flat,0.2979290187358856,0.7719184137405787,0.012876123189926147,1.0451709959487323,0.16887763142585754,0.01799800992012024,1.1192872154661162,1.6260167360305786,0.26360255 0.12815621 0.00000000 0.06649304 0.00000000 0.00000000 0.54174817 0.00000000 0.00000000 0.00000000
3,10,10,MSP,rotate_-10,layer4_pooled,0.4108444154262543,0.9064705350161739,0.01563495397567749,1.0395611833741312,0.1396196186542511,0.018641650676727295,1.1540912861095218,0.3210001587867737,0.05838497 0.00000000 0.00000000 0.00000000 0.00000000 0.00000000 0.94161505 0.00000000 0.00000000 0.00000000
3,10,10,MSP,rotate_-10,concat,0.2873286008834839,0.7580614762451445,0.01584070920944214,1.0583477558122656,0.16992509365081787,0.023750215768814087,1.1624780955030003,1.7646865844726562,0.22722851 0.17221837 0.00000000 0.10434619 0.00000000 0.00000000 0.49620694 0.00000000 0.00000000 0.00000000
3,10,10,MSP,rotate_+10,layer2_flat,0.26449260115623474,0.7273136890726515,0.009202837944030762,1.0360485975943543,0.16673946380615234,0.028654664754867554,1.2075149831953456,2.177978754043579,0.17465262 0.20751430 0.03948863 0.12192179 0.00000000 0.01834394 0.42481002 0.01326865 0.00000000 0.00000000
3,10,10,MSP,rotate_+10,layer3_flat,0.28070175647735596,0.7492686520565984,-0.004351139068603516,0.9847356784071443,0.15149760246276855,0.00061798095703125,1.0040958543695953,1.749697208404541,0.24161172 0.12283525 0.00000000 0.13145405 0.00000000 0.00000000 0.50409895 0.00000000 0.00000000 0.00000000
3,10,10,MSP,rotate_+10,layer4_pooled,0.400193452835083,0.8946434517002659,0.004983991384506226,1.0126110123128136,0.10195519030094147,-0.019022777676582336,0.8427583303435937,0.8144118189811707,0.08176856 0.08422113 0.00000000 0.00000000 0.00000000 0.00000000 0.83401024 0.00000000 0.00000000 0.00000000
3,10,10,MSP,rotate_+10,concat,0.2729424238204956,0.7388402044021367,0.0014545321464538574,1.0053576317436466,0.15986065566539764,0.01368577778339386,1.0936260592900768,1.8903107643127441,0.20893182 0.17556599 0.01059350 0.13849226 0.00000000 0.00000000 0.46641639 0.00000000 0.00000000 0.00000000
3,10,10,MSP,scale_0.90,layer2_flat,0.22387610375881195,0.6691428902092765,-0.03141365945339203,0.876949004699585,0.1587381809949875,0.020653381943702698,1.149570279172311,2.4509265422821045,0.20347148 0.21253316 0.04596705 0.13217972 0.00000000 0.06717619 0.31391329 0.02475902 0.00000000 0.00000000
3,10,10,MSP,scale_0.90,layer3_flat,0.26292794942855835,0.7251592231069786,-0.022124946117401123,0.9223830157032863,0.15850596129894257,0.007626339793205261,1.0505458571346211,1.9630494117736816,0.28085721 0.26656839 0.00000000 0.15801820 0.00000000 0.00000000 0.29455617 0.00000000 0.00000000 0.00000000
3,10,10,MSP,scale_0.90,layer4_pooled,0.4146926999092102,0.9107059897784907,0.019483238458633423,1.0492985122043204,0.0830339789390564,-0.03794398903846741,0.6863562045842655,1.0539000034332275,0.02168721 0.33088753 0.00000000 0.00000000 0.00000000 0.00000000 0.64742517 0.00000000 0.00000000 0.00000000
3,10,10,MSP,scale_0.90,concat,0.2432243525981903,0.6974587480248424,-0.02826353907585144,0.895893924029284,0.15984663367271423,0.01367175579071045,1.0935301331440352,2.1104679107666016,0.25397697 0.25832075 0.03452214 0.15370174 0.00000000 0.00000000 0.29947844 0.00000000 0.00000000 0.00000000
3,10,10,MSP,scale_1.10,layer2_flat,0.25981247425079346,0.7208501567604649,0.0045227110385894775,1.0177159905734738,0.1486421823501587,0.010557383298873901,1.076455796520198,1.997340440750122,0.17436646 0.21563770 0.00000000 0.11271555 0.00000000 0.04531185 0.45146817 0.00050030 0.00000000 0.00000000
3,10,10,MSP,scale_1.10,layer3_flat,0.2874014675617218,0.758157592538282,0.002348572015762329,1.0082390744049659,0.13907532393932343,-0.01180429756641388,0.9217634731017219,1.6040328741073608,0.21355836 0.07996911 0.00000000 0.12823266 0.00000000 0.00000000 0.57823992 0.00000000 0.00000000 0.00000000
3,10,10,MSP,scale_1.10,layer4_pooled,0.39293432235717773,0.886492326370824,-0.002275139093399048,0.9942432069185727,0.08703400939702988,-0.03394395858049393,0.7194203279516175,0.2118728756904602,0.03354568 0.00000000 0.00000000 0.00000000 0.00000000 0.00000000 0.96645433 0.00000000 0.00000000 0.00000000
3,10,10,MSP,scale_1.10,concat,0.27384209632873535,0.740056884744322,0.0023542046546936035,1.0086714904306358,0.14589305222034454,-0.0002818256616592407,0.9980719965992733,1.757576823234558,0.19155191 0.16031736 0.00000000 0.13168076 0.00000000 0.00000000 0.51644999 0.00000000 0.00000000 0.00000000
3,10,10,MSP,horizontal_flip,layer2_flat,0.29014649987220764,0.7617696500546706,0.03485673666000366,1.1365379332930527,0.2013346403837204,0.06324984133243561,1.4580507178671167,2.16208553314209,0.09084328 0.24424766 0.00000000 0.18623905 0.00000000 0.07343262 0.38978294 0.00000000 0.01545439 0.00000000
3,10,10,MSP,horizontal_flip,layer3_flat,0.2856539487838745,0.7558491235476489,0.0006010532379150391,1.002108567382772,0.16717031598091125,0.01629069447517395,1.107971469655672,1.9430286884307861,0.16966593 0.19688658 0.00000000 0.28902221 0.00000000 0.00000000 0.34442520 0.00000000 0.00000000 0.00000000
3,10,10,MSP,horizontal_flip,layer4_pooled,0.3903845548629761,0.8836114019895579,-0.004824906587600708,0.9877915205524707,0.062424153089523315,-0.05855381488800049,0.5159960456734151,0.463853120803833,0.09838437 0.00000000 0.00000000 0.00000000 0.00000000 0.00000000 0.90161562 0.00000000 0.00000000 0.00000000
3,10,10,MSP,horizontal_flip,concat,0.28786709904670715,0.7587715058523312,0.016379207372665405,1.0603312629215544,0.18557603657245636,0.039401158690452576,1.2695480869290596,1.923288345336914,0.13955857 0.24255916 0.00000000 0.25065860 0.00000000 0.00000000 0.36722365 0.00000000 0.00000000 0.00000000
4,10,10,BP,original,layer2_flat,0.35186147689819336,0.8388819665461803,0.0,1.0,0.19569966197013855,0.0,1.0,2.052988290786743,0.18593921 0.17651400 0.02008855 0.07798075 0.00000000 0.06261642 0.47686109 0.00000000 0.00000000 0.00000000
4,10,10,BP,original,layer3_flat,0.34225577116012573,0.8273521271624624,0.0,1.0,0.21305258572101593,0.0,1.0,1.7716079950332642,0.09031259 0.21204196 0.00000000 0.21485803 0.00000000 0.00000000 0.48278743 0.00000000 0.00000000 0.00000000
4,10,10,BP,original,layer4_pooled,0.4701465666294098,0.9696871316351576,0.0,1.0,0.08231807500123978,0.0,1.0,-0.0,0.00000000 0.00000000 0.00000000 0.00000000 0.00000000 0.00000000 1.00000000 0.00000000 0.00000000 0.00000000
4,10,10,BP,original,concat,0.3468739092350006,0.8329152528739051,0.0,1.0,0.20723308622837067,0.0,1.0,1.8567724227905273,0.15631163 0.19602966 0.00000000 0.14273225 0.00000000 0.01142573 0.49350071 0.00000000 0.00000000 0.00000000
4,10,10,BP,rotate_-10,layer2_flat,0.3339494466781616,0.8172508142279965,-0.01791203022003174,0.9490935172048873,0.18739119172096252,-0.008308470249176025,0.9575447899833299,2.013066530227661,0.23651698 0.12759478 0.00180434 0.09784741 0.00000000 0.07589895 0.46033761 0.00000000 0.00000000 0.00000000
4,10,10,BP,rotate_-10,layer3_flat,0.33757469058036804,0.8216747417078951,-0.00468108057975769,0.9863228585923421,0.2152816355228424,0.002229049801826477,1.0104624395628545,1.7863106727600098,0.10939335 0.19851963 0.00000000 0.20487247 0.00000000 0.00000000 0.48721460 0.00000000 0.00000000 0.00000000
4,10,10,BP,rotate_-10,layer4_pooled,0.4620942771434784,0.9613472599882712,-0.008052289485931396,0.9828728101884419,0.09746100008487701,0.015142925083637238,1.1839562584915309,-0.0,0.00000000 0.00000000 0.00000000 0.00000000 0.00000000 0.00000000 1.00000000 0.00000000 0.00000000 0.00000000
4,10,10,BP,rotate_-10,concat,0.3359386622905731,0.8196812335177293,-0.01093524694442749,0.9684748646316101,0.2047848403453827,-0.002448245882987976,0.9881860279768347,1.8549662828445435,0.19323681 0.16675690 0.00000000 0.14974360 0.00000000 0.00674599 0.48351669 0.00000000 0.00000000 0.00000000
4,10,10,BP,rotate_+10,layer2_flat,0.36936599016189575,0.859495189238306,0.017504513263702393,1.0497483083910244,0.20233218371868134,0.006632521748542786,1.0338913296105792,1.98666250705719,0.11961950 0.25127840 0.01376883 0.07526010 0.00000000 0.06057987 0.47949326 0.00000000 0.00000000 0.00000000
4,10,10,BP,rotate_+10,layer3_flat,0.35599103569984436,0.8437903006077332,0.013735264539718628,1.040131579061825,0.2078780084848404,-0.005174577236175537,0.9757122063614513,1.716705322265625,0.12113828 0.22268601 0.00000000 0.12762949 0.00000000 0.00000000 0.52854627 0.00000000 0.00000000 0.00000000
4,10,10,BP,rotate_+10,layer4_pooled,0.49047768115997314,0.9904319069577405,0.020331114530563354,1.0432442050492436,0.10150505602359772,0.01918698102235794,1.2330834512570403,-0.0,0.00000000 0.00000000 0.00000000 0.00000000 0.00000000 0.00000000 1.00000000 0.00000000 0.00000000 0.00000000
4,10,10,BP,rotate_+10,concat,0.3626236915588379,0.8516145742750507,0.01574978232383728,1.0454049206483318,0.2063446342945099,-0.0008884519338607788,0.9957127891591722,1.785252571105957,0.12772828 0.24272133 0.00000000 0.10708606 0.00000000 0.01078314 0.51168114 0.00000000 0.00000000 0.00000000
4,10,10,BP,scale_0.90,layer2_flat,0.2900633215904236,0.7616604513697998,-0.061798155307769775,0.8243679420311344,0.18118320405483246,-0.014516457915306091,0.9258227747095089,2.3375039100646973,0.23916748 0.16992781 0.04751379 0.10321425 0.00000000 0.10055914 0.33961749 0.00000000 0.00000000 0.00000000
4,10,10,BP,scale_0.90,layer3_flat,0.3178330361843109,0.7972866939618533,-0.02442273497581482,0.9286418607553086,0.20160019397735596,-0.011452391743659973,0.9462461734278003,1.938889980316162,0.23256415 0.17423925 0.00000000 0.21872169 0.00000000 0.00000000 0.37447494 0.00000000 0.00000000 0.00000000
4,10,10,BP,scale_0.90,layer4_pooled,0.5429970026016235,1.0421103613357114,0.07285043597221375,1.1549526065761588,0.0590636245906353,-0.023254450410604477,0.7175049293855359,0.7610599398612976,0.00000000 0.22048934 0.00000000 0.00000000 0.00000000 0.00000000 0.77951068 0.00000000 0.00000000 0.00000000
4,10,10,BP,scale_0.90,concat,0.3031421899795532,0.7786426522860833,-0.04373171925544739,0.8739261786746437,0.193646639585495,-0.013586446642875671,0.9344388152969074,2.094853401184082,0.24745761 0.17406479 0.00155398 0.16617505 0.00000000 0.03876618 0.37198246 0.00000000 0.00000000 0.00000000
4,10,10,BP,scale_1.10,layer2_flat,0.32819539308547974,0.8101794777522814,-0.023666083812713623,0.9327403385523393,0.1863749772310257,-0.009324684739112854,0.9523520651737863,2.144728660583496,0.17154470 0.16644558 0.03385942 0.05939788 0.00000000 0.08159509 0.47720385 0.00000000 0.00995351 0.00000000
4,10,10,BP,scale_1.10,layer3_flat,0.3290856182575226,0.8112775335944199,-0.01317015290260315,0.9615195593110891,0.2199629545211792,0.006910368800163269,1.0324350384049301,1.9149106740951538,0.02218408 0.24314851 0.00000000 0.20249070 0.00000000 0.00000000 0.44339174 0.00000000 0.08878497 0.00000000
4,10,10,BP,scale_1.10,layer4_pooled,0.483231782913208,0.9830887883738763,0.013085216283798218,1.027832206406571,0.03405432030558586,-0.048263754695653915,0.4136918933740771,0.42851048707962036,0.00000000 0.00783652 0.00000000 0.00000000 0.00000000 0.00000000 0.92288023 0.00000000 0.06928333 0.00000000
4,10,10,BP,scale_1.10,concat,0.3287050724029541,0.8108083280319142,-0.01816883683204651,0.9476212065875352,0.20913760364055634,0.001904517412185669,1.0091902188344466,2.018977165222168,0.12546089 0.20482884 0.00000000 0.13166097 0.00000000 0.02741954 0.48368487 0.00000000 0.02694486 0.00000000
4,10,10,BP,horizontal_flip,layer2_flat,0.36253586411476135,0.85151143752126,0.010674387216567993,1.0303369022111681,0.2073274403810501,0.01162777841091156,1.0594164460673745,2.0682945251464844,0.26633197 0.14932965 0.05489987 0.03987580 0.00000000 0.02450026 0.45333326 0.00455075 0.00717841 0.00000000
4,10,10,BP,horizontal_flip,layer3_flat,0.3478846549987793,0.8341278738883856,0.0056288838386535645,1.0164464249048517,0.20928192138671875,-0.00377066433429718,0.9823017199180252,1.6034562587738037,0.23711070 0.09636483 0.00000000 0.09576077 0.00000000 0.00000000 0.57076371 0.00000000 0.00000000 0.00000000
4,10,10,BP,horizontal_flip,layer4_pooled,0.4729031026363373,0.9725256836056694,0.0027565360069274902,1.0058631418425192,0.10541199892759323,0.023093923926353455,1.2805449948352787,-0.0,0.00000000 0.00000000 0.00000000 0.00000000 0.00000000 0.00000000 1.00000000 0.00000000 0.00000000 0.00000000
4,10,10,BP,horizontal_flip,concat,0.3548509478569031,0.8424380663964599,0.007977038621902466,1.022996940414089,0.2104191780090332,0.0031860917806625366,1.0153744358038277,1.7744824886322021,0.25736454 0.12203114 0.01475767 0.07894198 0.00000000 0.00404251 0.52286202 0.00000000 0.00000000 0.00000000
4,10,10,MSP,original,layer2_flat,0.24810823798179626,0.704426345307721,0.0,1.0,0.1281612664461136,0.0,1.0,1.9903100728988647,0.10078469 0.23504694 0.00000000 0.16879636 0.00000000 0.04892512 0.44644693 0.00000000 0.00000000 0.00000000
4,10,10,MSP,original,layer3_flat,0.28632229566574097,0.7567328401301756,0.0,1.0,0.154192715883255,0.0,1.0,1.7355116605758667,0.06406688 0.25781301 0.00000000 0.20320870 0.00000000 0.00000000 0.47491139 0.00000000 0.00000000 0.00000000
4,10,10,MSP,original,layer4_pooled,0.3957670032978058,0.8896819693551239,0.0,1.0,0.04283510148525238,0.0,1.0,0.28672489523887634,0.00000000 0.05007720 0.00000000 0.00000000 0.00000000 0.00000000 0.94992274 0.00000000 0.00000000 0.00000000
4,10,10,MSP,original,concat,0.26816099882125854,0.7323400833236681,0.0,1.0,0.14233006536960602,0.0,1.0,1.7906947135925293,0.09193757 0.25230628 0.00000000 0.19330004 0.00000000 0.00000000 0.46245611 0.00000000 0.00000000 0.00000000
4,10,10,MSP,rotate_-10,layer2_flat,0.2570604979991913,0.7170223120645428,0.00895226001739502,1.0360820748645023,0.1484532356262207,0.020291969180107117,1.1583315282584283,2.0505716800689697,0.15093325 0.17463820 0.00308324 0.17231543 0.00000000 0.05048169 0.44854826 0.00000000 0.00000000 0.00000000
4,10,10,MSP,rotate_-10,layer3_flat,0.2900243103504181,0.7616092309713927,0.003702014684677124,1.0129295368914826,0.1613621860742569,0.007169470191001892,1.0464968150401064,1.7442307472229004,0.08548918 0.25019178 0.00000000 0.17245322 0.00000000 0.00000000 0.49186584 0.00000000 0.00000000 0.00000000
4,10,10,MSP,rotate_-10,layer4_pooled,0.3948776423931122,0.8886817680059743,-0.0008893609046936035,0.9977528169420882,0.05435183644294739,0.011516734957695007,1.26886209109114,-0.0,0.00000000 0.00000000 0.00000000 0.00000000 0.00000000 0.00000000 1.00000000 0.00000000 0.00000000 0.00000000
4,10,10,MSP,rotate_-10,concat,0.27477070689201355,0.7413106054711662,0.006609708070755005,1.0246482825607912,0.15611067414283752,0.013780608773231506,1.0968214883998604,1.8226673603057861,0.13267301 0.21670125 0.00000000 0.18066436 0.00000000 0.00000000 0.46996143 0.00000000 0.00000000 0.00000000
4,10,10,MSP,rotate_+10,layer2_flat,0.287771075963974,0.7586449445741716,0.039662837982177734,1.1598610280120079,0.16484005749225616,0.03667879104614258,1.286192482822244,1.9991281032562256,0.07696624 0.27162921 0.00000000 0.13054776 0.00000000 0.06846453 0.44770584 0.00000000 0.00468647 0.00000000
4,10,10,MSP,rotate_+10,layer3_flat,0.30307796597480774,0.7785601659150149,0.016755670309066772,1.058520312817585,0.15365740656852722,-0.0005353093147277832,0.9965283099680946,1.6977416276931763,0.15532790 0.19626731 0.00000000 0.10492789 0.00000000 0.00000000 0.54347688 0.00000000 0.00000000 0.00000000
4,10,10,MSP,rotate_+10,layer4_pooled,0.41645002365112305,0.9126335777858746,0.02068302035331726,1.052260598233101,0.05767055228352547,0.014835450798273087,1.3463386401228539,0.42011988162994385,0.00000000 0.08516440 0.00000000 0.00000000 0.00000000 0.00000000 0.91483557 0.00000000 0.00000000 0.00000000
4,10,10,MSP,rotate_+10,concat,0.29558566212654114,0.7688766638759966,0.027424663305282593,1.1022693957202185,0.1607384830713272,0.01840841770172119,1.1293361149929106,1.7519893646240234,0.12149676 0.25043517 0.00000000 0.12937209 0.00000000 0.00000000 0.49869600 0.00000000 0.00000000 0.00000000
4,10,10,MSP,scale_0.90,layer2_flat,0.2261630743741989,0.6725519673217809,-0.02194516360759735,0.9115500404741941,0.15263961255550385,0.02447834610939026,1.190996443683641,2.3372554779052734,0.19576594 0.18403319 0.02358242 0.18132710 0.00000000 0.08242067 0.32953602 0.00000000 0.00020852 0.00312601
4,10,10,MSP,scale_0.90,layer3_flat,0.2626897096633911,0.7248306142312024,-0.023632586002349854,0.9174615935957131,0.14670144021511078,-0.007491275668144226,0.9514161507229203,1.8938639163970947,0.24154548 0.16762710 0.00000000 0.17532073 0.00000000 0.00000000 0.41550669 0.00000000 0.00000000 0.00000000
4,10,10,MSP,scale_0.90,layer4_pooled,0.4293424189090729,0.9266524903210187,0.03357541561126709,1.0848363186708556,0.028867656365036964,-0.013967445120215416,0.673925247388566,0.9647905826568604,0.00000000 0.38998619 0.00000000 0.00000000 0.00000000 0.00000000 0.61001384 0.00000000 0.00000000 0.00000000
4,10,10,MSP,scale_0.90,concat,0.24334149062633514,0.6976266775666411,-0.0248195081949234,0.9074454961611544,0.1514548808336258,0.009124815464019775,1.0641102457183598,2.0464844703674316,0.22696775 0.18976805 0.00941574 0.19089562 0.00000000 0.00801383 0.37493902 0.00000000 0.00000000 0.00000000
4,10,10,MSP,scale_1.10,layer2_flat,0.24472038447856903,0.699600435217945,-0.003387853503227234,0.9863452599124817,0.13797403872013092,0.009812772274017334,1.0765658185663032,2.125298500061035,0.12399001 0.22852941 0.00000000 0.14778882 0.00000000 0.07246133 0.41894028 0.00000000 0.00829014 0.00000000
4,10,10,MSP,scale_1.10,layer3_flat,0.2708667814731598,0.7360255178635585,-0.015455514192581177,0.9460205704323833,0.14737583696842194,-0.006816878914833069,0.9557898771304465,1.563260793685913,0.00000000 0.31131721 0.00000000 0.27529538 0.00000000 0.00000000 0.41338745 0.00000000 0.00000000 0.00000000
4,10,10,MSP,scale_1.10,layer4_pooled,0.3755514621734619,0.8666619435206117,-0.020215541124343872,0.9489205998583943,0.02928577922284603,-0.01354932226240635,0.6836864675865211,0.958909809589386,0.07204336 0.00000000 0.00000000 0.00000000 0.00000000 0.00000000 0.78081900 0.00000000 0.14713760 0.00000000
4,10,10,MSP,scale_1.10,concat,0.2587639093399048,0.7193940635561358,-0.00939708948135376,0.9649572849048705,0.14592760801315308,0.003597542643547058,1.025276055583756,1.7822009325027466,0.05534515 0.29075843 0.00000000 0.22833364 0.00000000 0.00000000 0.42309430 0.00000000 0.00246843 0.00000000
4,10,10,MSP,horizontal_flip,layer2_flat,0.29936662316322327,0.7737785512189173,0.051258385181427,1.2065968691655502,0.2032456398010254,0.0750843733549118,1.585858547097736,2.35434627532959,0.19538027 0.15239647 0.05975171 0.12892541 0.00000000 0.03825603 0.39651865 0.02877139 0.00000000 0.00000000
4,10,10,MSP,horizontal_flip,layer3_flat,0.3101384937763214,0.7875766550327928,0.023816198110580444,1.0831796841217731,0.18421079218387604,0.030018076300621033,1.1946789517810565,1.6381484270095825,0.26095408 0.07098515 0.00000000 0.12889419 0.00000000 0.00000000 0.53916657 0.00000000 0.00000000 0.00000000
4,10,10,MSP,horizontal_flip,layer4_pooled,0.4049808084964752,0.8999786758545729,0.009213805198669434,1.0232808827463389,0.0607113279402256,0.01787622645497322,1.4173265811150342,-0.0,0.00000000 0.00000000 0.00000000 0.00000000 0.00000000 0.00000000 1.00000000 0.00000000 0.00000000 0.00000000
4,10,10,MSP,horizontal_flip,concat,0.30509069561958313,0.7811410828007744,0.036929696798324585,1.1377146451591276,0.19557957351207733,0.053249508142471313,1.374126914112051,1.8871643543243408,0.23346171 0.12290682 0.01864565 0.14859655 0.00000000 0.00000000 0.47638923 0.00000000 0.00000000 0.00000000
5,10,10,BP,original,layer2_flat,0.3570059835910797,0.844992288238277,0.0,1.0,0.20164281129837036,1.4901161193847656e-08,1.0000000738988026,2.1459403038024902,0.11191826 0.24760766 0.06396789 0.00373831 0.00000000 0.10194706 0.44048774 0.00000000 0.03033309 0.00000000
5,10,10,BP,original,layer3_flat,0.3768450915813446,0.8681533177743948,0.0,1.0,0.22013132274150848,0.0,1.0,1.6809003353118896,0.00398455 0.33214208 0.00000000 0.18169267 0.00178453 0.00124641 0.45523736 0.00000000 0.02391237 0.00000000
5,10,10,BP,original,layer4_pooled,0.5475494265556335,1.046469709600458,0.0,1.0,0.04218021780252457,0.0,1.0,0.32268550992012024,0.00000000 0.05880568 0.00000000 0.00000000 0.00000000 0.00000000 0.94119436 0.00000000 0.00000000 0.00000000
5,10,10,BP,original,concat,0.3666017949581146,0.8562730813918124,0.0,1.0,0.2150956392288208,-1.4901161193847656e-08,0.999999930723095,1.997694969177246,0.07312943 0.28238648 0.00000000 0.09328508 0.00000000 0.06128385 0.46638677 0.00000000 0.02352845 0.00000000
5,10,10,BP,rotate_-10,layer2_flat,0.3818909525871277,0.8739461683503483,0.024884968996047974,1.0697046272044615,0.21291790902614594,0.011275112628936768,1.0559162679269256,2.070751905441284,0.13767891 0.26057798 0.05285448 0.01045425 0.00000000 0.07505078 0.45073155 0.00000000 0.01265213 0.00000000
5,10,10,BP,rotate_-10,layer3_flat,0.37274062633514404,0.8634125622611059,-0.0041044652462005615,0.9891083489267003,0.23523736000061035,0.015106037259101868,1.0686228432687503,1.8689234256744385,0.08342569 0.29740691 0.00000000 0.13773343 0.02650300 0.00000000 0.45493099 0.00000000 0.00000000 0.00000000
5,10,10,BP,rotate_-10,layer4_pooled,0.5457852482795715,1.0447825116066707,-0.0017641782760620117,0.9967780474410203,0.04355381429195404,0.0013735964894294739,1.0325649453928305,0.3262139558792114,0.00000000 0.05969023 0.00000000 0.00000000 0.00000000 0.00000000 0.94030982 0.00000000 0.00000000 0.00000000
5,10,10,BP,rotate_-10,concat,0.3773934245109558,0.8687846965859329,0.010791629552841187,1.0294369250266349,0.22672902047634125,0.011633366346359253,1.0540846182753425,1.939306616783142,0.12825936 0.28444037 0.00000000 0.07860456 0.00261440 0.03128852 0.46551788 0.00000000 0.00927490 0.00000000
5,10,10,BP,rotate_+10,layer2_flat,0.38437619805336,0.8767852622545158,0.027370214462280273,1.0766659824210507,0.2046736627817154,0.0030308663845062256,1.015030868638227,2.113208055496216,0.09921661 0.25899959 0.09839103 0.01900152 0.00000000 0.07188887 0.44598466 0.00000000 0.00651776 0.00000000
5,10,10,BP,rotate_+10,layer3_flat,0.4046849310398102,0.8996498552657142,0.027839839458465576,1.0738760835163546,0.20694027841091156,-0.013191044330596924,0.9400764772306996,1.5283994674682617,0.00000000 0.30995160 0.00000000 0.14871541 0.00000000 0.00178616 0.52449310 0.00000000 0.01505376 0.00000000
5,10,10,BP,rotate_+10,layer4_pooled,0.5685060620307922,1.0663077060874993,0.02095663547515869,1.0382735045618592,0.035994015634059906,-0.006186202168464661,0.8533387808171122,0.22454287111759186,0.00000000 0.03619017 0.00000000 0.00000000 0.00000000 0.00000000 0.96380985 0.00000000 0.00000000 0.00000000
5,10,10,BP,rotate_+10,concat,0.3937014639377594,0.887357271833346,0.027099668979644775,1.073921266486617,0.21110856533050537,-0.0039870887994766235,0.9814636478101566,1.8713715076446533,0.04555360 0.28398499 0.01127407 0.09440927 0.00000000 0.05047316 0.50826615 0.00000000 0.00603873 0.00000000
5,10,10,BP,scale_0.90,layer2_flat,0.3126538395881653,0.7907639844962152,-0.04435214400291443,0.875766384762918,0.19371721148490906,-0.00792558491230011,0.9606949266035347,2.382899045944214,0.12529925 0.25762162 0.08675831 0.05883919 0.00399009 0.10265576 0.35651782 0.00000000 0.00831805 0.00000000
5,10,10,BP,scale_0.90,layer3_flat,0.32317376136779785,0.8039574135086981,-0.05367133021354675,0.8575772076845029,0.21071091294288635,-0.009420409798622131,0.9572055004201226,1.9862306118011475,0.09546932 0.33956778 0.00000000 0.20956357 0.01383766 0.00000000 0.33508414 0.00000000 0.00647760 0.00000000
5,10,10,BP,scale_0.90,layer4_pooled,0.5700678825378418,1.0677714011321353,0.022518455982208252,1.0411258872533566,0.048389241099357605,0.006209023296833038,1.1472022578393186,0.7983270287513733,0.00000000 0.24198578 0.00000000 0.00000000 0.00000000 0.00000000 0.75801420 0.00000000 0.00000000 0.00000000
5,10,10,BP,scale_0.90,concat,0.3175669014453888,0.7969528235038619,-0.04903489351272583,0.866244807889731,0.20502381026744843,-0.01007184386253357,0.9531750471518111,2.198596954345703,0.12119228 0.29551461 0.01210732 0.13704127 0.00063190 0.06418850 0.36266220 0.00000000 0.00666195 0.00000000
5,10,10,BP,scale_1.10,layer2_flat,0.3562982380390167,0.8441542963688767,-0.0007077455520629883,0.9980175526893362,0.1878432333469391,-0.01379956305027008,0.9315643142390351,2.103358030319214,0.17237219 0.22148019 0.05224517 0.00284933 0.00000000 0.08252381 0.44918704 0.00305219 0.01629004 0.00000000
5,10,10,BP,scale_1.10,layer3_flat,0.3650261461734772,0.8544309757651313,-0.011818945407867432,0.9686371252488906,0.20040570199489594,-0.01972562074661255,0.9103915767149323,1.713832139968872,0.03317587 0.32923847 0.00000000 0.15830635 0.00271664 0.00000000 0.46667141 0.00000000 0.00989126 0.00000000
5,10,10,BP,scale_1.10,layer4_pooled,0.4993527829647064,0.9993525733840949,-0.048196643590927124,0.911977547133926,0.06183687597513199,0.019656658172607422,1.4660160425004947,-0.0,0.00000000 0.00000000 0.00000000 0.00000000 0.00000000 0.00000000 1.00000000 0.00000000 0.00000000 0.00000000
5,10,10,BP,scale_1.10,concat,0.36051321029663086,0.8491327461553121,-0.006088584661483765,0.983391830740592,0.1981411874294281,-0.016954466700553894,0.9211770838929665,1.9476977586746216,0.12274142 0.27295882 0.00000000 0.08112586 0.00000000 0.03895065 0.47206378 0.00000000 0.01215946 0.00000000
5,10,10,BP,horizontal_flip,layer2_flat,0.3308384418487549,0.813435236326476,-0.02616754174232483,0.9267027922640528,0.18426823616027832,-0.017374560236930847,0.9138349569274018,2.153330087661743,0.17949657 0.31249467 0.02904021 0.06352407 0.00000000 0.02880321 0.36845744 0.00000000 0.01818391 0.00000000
5,10,10,BP,horizontal_flip,layer3_flat,0.35603079199790955,0.8438374156173801,-0.02081429958343506,0.9447669611509669,0.20463067293167114,-0.015500649809837341,0.9295845333743407,1.8243883848190308,0.05710825 0.34858066 0.00000000 0.14277668 0.02505248 0.00000000 0.42648193 0.00000000 0.00000000 0.00000000
5,10,10,BP,horizontal_flip,layer4_pooled,0.5383728742599487,1.0376636008456197,-0.009176552295684814,0.9832406868665843,0.04676163196563721,0.00458141416311264,1.1086152324877236,0.5813513398170471,0.00000000 0.13890022 0.00000000 0.00000000 0.00000000 0.00000000 0.86109978 0.00000000 0.00000000 0.00000000
5,10,10,BP,horizontal_flip,concat,0.3430759012699127,0.828342804966534,-0.023525893688201904,0.9358271181110129,0.19594010710716248,-0.01915554702281952,0.9109440537038708,1.8898309469223022,0.13606247 0.33285213 0.00000000 0.10947125 0.01540000 0.00000000 0.40621409 0.00000000 0.00000000 0.00000000
5,10,10,MSP,original,layer2_flat,0.21011711657047272,0.6482547594433422,0.0,1.0,0.1333703100681305,0.0,1.0,2.4066154956817627,0.08571941 0.29819983 0.09600195 0.04017555 0.00000000 0.07997024 0.35363504 0.02869347 0.01760446 0.00000000
5,10,10,MSP,original,layer3_flat,0.26686111092567444,0.7305629485892019,0.0,1.0,0.14532697200775146,0.0,1.0,1.930124282836914,0.16920462 0.36882731 0.00000000 0.15076740 0.00000000 0.00387379 0.30732688 0.00000000 0.00000000 0.00000000
5,10,10,MSP,original,layer4_pooled,0.36905980110168457,0.8591388724783492,0.0,1.0,0.014688807539641857,1.862645149230957e-09,1.0000001268071204,0.933645486831665,0.34952769 0.00000000 0.00000000 0.00000000 0.00000000 0.00000000 0.65047228 0.00000000 0.00000000 0.00000000
5,10,10,MSP,original,concat,0.2374713271856308,0.6891608334570832,0.0,1.0,0.1422146111726761,0.0,1.0,2.170405149459839,0.13633406 0.34186697 0.01278376 0.11709201 0.00000000 0.05291614 0.33132201 0.00000000 0.00768503 0.00000000
5,10,10,MSP,rotate_-10,layer2_flat,0.2498185783624649,0.7068501656821832,0.03970146179199219,1.1889492033767153,0.16470135748386383,0.03133104741573334,1.234917706943122,2.2391576766967773,0.11172989 0.25128618 0.06738868 0.00148867 0.00000000 0.05827618 0.42291725 0.07889555 0.00801755 0.00000000
5,10,10,MSP,rotate_-10,layer3_flat,0.27999448776245117,0.7483241112812699,0.013133376836776733,1.0492142777610838,0.1659819632768631,0.020654991269111633,1.1421277205711533,1.8868579864501953,0.30326006 0.30038255 0.00000000 0.09472104 0.00000000 0.00000000 0.30163637 0.00000000 0.00000000 0.00000000
5,10,10,MSP,rotate_-10,layer4_pooled,0.3773519694805145,0.8687369791605679,0.008292168378829956,1.0224683597456414,0.02064155973494053,0.005952754057943821,1.4052578670069023,0.9622913599014282,0.38618201 0.00000000 0.00000000 0.00000000 0.00000000 0.00000000 0.61381805 0.00000000 0.00000000 0.00000000
5,10,10,MSP,rotate_-10,concat,0.26481571793556213,0.7277578140227174,0.027344390749931335,1.1151481784090973,0.16987724602222443,0.02766263484954834,1.1945133107017114,2.151064395904541,0.21221413 0.30416584 0.01902782 0.06076578 0.00000000 0.00724097 0.35654145 0.03030606 0.00973783 0.00000000
5,10,10,MSP,rotate_+10,layer2_flat,0.25208550691604614,0.7100500079797847,0.041968390345573425,1.1997380843140286,0.15619783103466034,0.022827520966529846,1.1711589405070555,2.1114578247070312,0.07163996 0.27607584 0.15536822 0.03648300 0.00000000 0.04718972 0.41324335 0.00000000 0.00000000 0.00000000
5,10,10,MSP,rotate_+10,layer3_flat,0.30111563205718994,0.7760356075041788,0.0342545211315155,1.1283608578730966,0.15640714764595032,0.011080175638198853,1.0762430778336978,1.8763353824615479,0.11374929 0.31471521 0.00000000 0.09018553 0.01656333 0.01004967 0.45473701 0.00000000 0.00000000 0.00000000
5,10,10,MSP,rotate_+10,layer4_pooled,0.39550310373306274,0.8893852975320232,0.026443302631378174,1.0716504548920536,0.020363375544548035,0.005674569867551327,1.386319350391545,1.0889205932617188,0.32572258 0.03031962 0.00000000 0.00000000 0.00000000 0.00000000 0.64395779 0.00000000 0.00000000 0.00000000
5,10,10,MSP,rotate_+10,concat,0.27452003955841064,0.7409723875535588,0.037048712372779846,1.156013413542187,0.15883655846118927,0.016621947288513184,1.1168793216908919,2.045382499694824,0.09163170 0.29659700 0.07014249 0.07119882 0.00000000 0.02904294 0.44138700 0.00000000 0.00000000 0.00000000
5,10,10,MSP,scale_0.90,layer2_flat,0.19669103622436523,0.6272017796919349,-0.013426080346107483,0.9361019198950385,0.14776617288589478,0.014395862817764282,1.1079390368838642,2.5201635360717773,0.05381553 0.27457571 0.09984863 0.14693782 0.00000000 0.12792197 0.26595631 0.03094404 0.00000000 0.00000000
5,10,10,MSP,scale_0.90,layer3_flat,0.22103890776634216,0.664889325777369,-0.045822203159332275,0.8282919418261627,0.13138557970523834,-0.013941392302513123,0.9040687897792739,2.0879130363464355,0.24208972 0.34593570 0.00000000 0.20544749 0.00000000 0.03008464 0.17644243 0.00000000 0.00000000 0.00000000
5,10,10,MSP,scale_0.90,layer4_pooled,0.3573152720928192,0.8453582342330608,-0.011744529008865356,0.9681771653976542,0.01966175064444542,0.004972944967448711,1.3385533906883933,1.5285987854003906,0.29701450 0.23991115 0.00000000 0.00000000 0.00000000 0.00000000 0.46307436 0.00000000 0.00000000 0.00000000
5,10,10,MSP,scale_0.90,concat,0.20799221098423004,0.6449685433945287,-0.029479116201400757,0.8758624186311433,0.14401905238628387,0.001804441213607788,1.012688156292212,2.332758903503418,0.15068705 0.32427320 0.03116200 0.18922207 0.00000000 0.08606409 0.21859157 0.00000000 0.00000000 0.00000000
5,10,10,MSP,scale_1.10,layer2_flat,0.22133402526378632,0.6653330373035542,0.011216908693313599,1.0533840787287698,0.12657630443572998,-0.006794005632400513,0.9490590849726679,2.1458580493927,0.19982585 0.22609216 0.07283684 0.00000000 0.00000000 0.05433990 0.41282639 0.00000000 0.03407878 0.00000000
5,10,10,MSP,scale_1.10,layer3_flat,0.27043670415878296,0.7354409618164913,0.0035755932331085205,1.0133987047445479,0.13086630403995514,-0.014460667967796326,0.9004956356833368,1.883033037185669,0.23257707 0.27563813 0.00000000 0.07823172 0.00978338 0.00000000 0.40376970 0.00000000 0.00000000 0.00000000
5,10,10,MSP,scale_1.10,layer4_pooled,0.362191379070282,0.8511067842172121,-0.006868422031402588,0.9813894062401785,0.028526216745376587,0.013837411068379879,1.9420378601037531,0.8777213096618652,0.29710346 0.00000000 0.00000000 0.00000000 0.00000000 0.00000000 0.70289660 0.00000000 0.00000000 0.00000000
5,10,10,MSP,scale_1.10,concat,0.24481919407844543,0.6997416581545584,0.007347866892814636,1.0309421224863913,0.13044998049736023,-0.011764630675315857,0.9172755135479814,2.014585018157959,0.22746010 0.26289251 0.00000000 0.05494560 0.00201555 0.02093145 0.40768719 0.00000000 0.02406762 0.00000000
5,10,10,MSP,horizontal_flip,layer2_flat,0.22892792522907257,0.6766504640197516,0.018810808658599854,1.089525351220976,0.16321086883544922,0.029840558767318726,1.223742141349535,2.553607702255249,0.15327196 0.25898135 0.04314527 0.10705197 0.04034036 0.05094521 0.31303811 0.03322577 0.00000000 0.00000000
5,10,10,MSP,horizontal_flip,layer3_flat,0.26570799946784973,0.7289828522919448,-0.001153111457824707,0.9956789827718976,0.1447502076625824,-0.0005767643451690674,0.9960312642780836,1.9631710052490234,0.27234724 0.31280845 0.00000000 0.11949862 0.00589799 0.00000000 0.28944767 0.00000000 0.00000000 0.00000000
5,10,10,MSP,horizontal_flip,layer4_pooled,0.3654572665691376,0.8549353970554004,-0.003602534532546997,0.9902386157425348,0.019940974190831184,0.0052521685138344765,1.357562665676899,0.9955779910087585,0.46087232 0.00000000 0.00000000 0.00000000 0.00000000 0.00000000 0.53912771 0.00000000 0.00000000 0.00000000
5,10,10,MSP,horizontal_flip,concat,0.24675695598125458,0.7025054533329326,0.00928562879562378,1.0391021051073088,0.15635845065116882,0.014143839478492737,1.099454193642733,2.115473747253418,0.22345789 0.30855295 0.00000000 0.12824096 0.04806907 0.00000000 0.29167905 0.00000000 0.00000000 0.00000000
6,10,10,BP,original,layer2_flat,0.3204067051410675,0.8005082199966063,0.0,1.0,0.1814606487751007,0.0,1.0,2.0819790363311768,0.25227579 0.02535870 0.07208949 0.07602760 0.00000000 0.12313839 0.45111004 0.00000000 0.00000000 0.00000000
6,10,10,BP,original,layer3_flat,0.3091367483139038,0.78630369236562,0.0,1.0,0.14923980832099915,0.0,1.0,1.7337760925292969,0.11289563 0.00000000 0.04098660 0.24937561 0.00000000 0.04930925 0.54743290 0.00000000 0.00000000 0.00000000
6,10,10,BP,original,layer4_pooled,0.39611345529556274,0.8900712952292785,0.0,1.0,0.0565253421664238,3.725290298461914e-09,1.0000000659047854,1.6482558250427246,0.25414425 0.02733455 0.00191652 0.22405261 0.00000000 0.00000000 0.49255201 0.00000000 0.00000000 0.00000000
6,10,10,BP,original,concat,0.31522175669670105,0.7940047313419499,0.0,1.0,0.17193681001663208,0.0,1.0,1.8636554479599,0.19533359 0.00000000 0.04604702 0.15316707 0.00000000 0.08187342 0.52357900 0.00000000 0.00000000 0.00000000
6,10,10,BP,rotate_-10,layer2_flat,0.33225563168525696,0.8151756027817036,0.011848926544189453,1.0369808944508063,0.18735098838806152,0.005890339612960815,1.0324606996210441,2.119037628173828,0.21099888 0.07090769 0.03102784 0.10369446 0.00000000 0.11943472 0.46393645 0.00000000 0.00000000 0.00000000
6,10,10,BP,rotate_-10,layer3_flat,0.318196564912796,0.7977425210088729,0.009059816598892212,1.0293068250483872,0.15323039889335632,0.003990590572357178,1.0267394512042465,1.6325180530548096,0.06299397 0.00000000 0.03651628 0.22130528 0.00000000 0.07696296 0.60222149 0.00000000 0.00000000 0.00000000
6,10,10,BP,rotate_-10,layer4_pooled,0.4912301003932953,0.9911913038291804,0.09511664509773254,1.2401247516990315,0.05822911113500595,0.0017037726938724518,1.0301417513071,1.4312679767608643,0.16431765 0.00000000 0.00000000 0.29958177 0.00000000 0.00000000 0.53610063 0.00000000 0.00000000 0.00000000
6,10,10,BP,rotate_-10,concat,0.3257152736186981,0.8071124749608298,0.01049351692199707,1.0332893168032826,0.17614489793777466,0.004208087921142578,1.0244746190225993,1.7715492248535156,0.15690692 0.00000000 0.02400858 0.15682530 0.00000000 0.10189966 0.56035954 0.00000000 0.00000000 0.00000000
6,10,10,BP,rotate_+10,layer2_flat,0.32782110571861267,0.8097173651572661,0.007414400577545166,1.0231405911878706,0.1902843713760376,0.00882372260093689,1.0486260941997636,2.185568332672119,0.21593195 0.09154853 0.06526043 0.11162714 0.00000000 0.06778098 0.44785100 0.00000000 0.00000000 0.00000000
6,10,10,BP,rotate_+10,layer3_flat,0.3077453374862671,0.7845321376288763,-0.0013914108276367188,0.9954990442410316,0.14825895428657532,-0.0009808540344238281,0.993427664874056,1.7252602577209473,0.09104323 0.00000000 0.03901604 0.31743741 0.00000000 0.04629023 0.50621307 0.00000000 0.00000000 0.00000000
6,10,10,BP,rotate_+10,layer4_pooled,0.341930627822876,0.8269590410931801,-0.05418282747268677,0.8632138677740167,0.056340910494327545,-0.00018442794680595398,0.9967372517902788,1.864585280418396,0.23641600 0.01948832 0.05293760 0.27335650 0.00000000 0.00000000 0.41780156 0.00000000 0.00000000 0.00000000
6,10,10,BP,rotate_+10,concat,0.31866899132728577,0.7983345054891287,0.003447234630584717,1.0109359032406213,0.17703892290592194,0.005102112889289856,1.0296743489004283,1.9159947633743286,0.17706858 0.01121700 0.04828250 0.19601645 0.00000000 0.05647534 0.51094019 0.00000000 0.00000000 0.00000000
6,10,10,BP,scale_0.90,layer2_flat,0.2977775037288666,0.7717221050726312,-0.022629201412200928,0.9293735085782078,0.18939341604709625,0.007932767271995544,1.0437161848891192,2.236553907394409,0.24696738 0.04630085 0.06603847 0.12970370 0.00000000 0.11718602 0.39380360 0.00000000 0.00000000 0.00000000
6,10,10,BP,scale_0.90,layer3_flat,0.27628833055496216,0.743355003420253,-0.03284841775894165,0.8937414657493892,0.14113889634609222,-0.008100911974906921,0.945718826189937,1.794258713722229,0.07290719 0.00000000 0.03051431 0.35686848 0.00000000 0.09154928 0.44816083 0.00000000 0.00000000 0.00000000
6,10,10,BP,scale_0.90,layer4_pooled,0.4826052188873291,0.9824512393878172,0.08649176359176636,1.2183509861512065,0.09058395028114319,0.03405861184000969,1.6025370706073065,1.6443216800689697,0.24942590 0.01926486 0.00000000 0.44738978 0.00000000 0.00000000 0.28391951 0.00000000 0.00000000 0.00000000
6,10,10,BP,scale_0.90,concat,0.28857389092445374,0.7597024298032141,-0.026647865772247314,0.9154631138046644,0.1748141497373581,0.002877339720726013,1.0167348674226941,1.9713551998138428,0.18431659 0.00000000 0.04195576 0.22260138 0.00000000 0.09861721 0.45250905 0.00000000 0.00000000 0.00000000
6,10,10,BP,scale_1.10,layer2_flat,0.33899927139282227,0.8234066691408592,0.01859256625175476,1.0580280186193696,0.19466127455234528,0.013200625777244568,1.0727464927866122,2.144991874694824,0.13031264 0.08772273 0.05774899 0.08630807 0.00000000 0.14742765 0.49047995 0.00000000 0.00000000 0.00000000
6,10,10,BP,scale_1.10,layer3_flat,0.3442102372646332,0.8297110789481278,0.03507348895072937,1.1134562265467112,0.1894320398569107,0.04019223153591156,1.2693130739567353,1.6187939643859863,0.01526281 0.00000000 0.01746677 0.32830977 0.00000000 0.13977551 0.49918517 0.00000000 0.00000000 0.00000000
6,10,10,BP,scale_1.10,layer4_pooled,0.382979154586792,0.8751904416603189,-0.013134300708770752,0.9668420738221646,0.0437927283346653,-0.0127326101064682,0.7747450885322356,1.6719883680343628,0.26412219 0.01948753 0.00000000 0.31615084 0.00000000 0.00000000 0.40023941 0.00000000 0.00000000 0.00000000
6,10,10,BP,scale_1.10,concat,0.34137335419654846,0.8262848833139191,0.026151597499847412,1.082962539685758,0.19897021353244781,0.027033403515815735,1.157228713927189,1.9039503335952759,0.09844630 0.00995586 0.03719102 0.18211189 0.00000000 0.14159755 0.53069741 0.00000000 0.00000000 0.00000000
6,10,10,BP,horizontal_flip,layer2_flat,0.3356883227825165,0.8193757657906615,0.015281617641448975,1.0476944377136963,0.19244414567947388,0.010983496904373169,1.0605282576605652,2.0841450691223145,0.21651678 0.05473661 0.04566235 0.12137002 0.00000000 0.08197002 0.47974420 0.00000000 0.00000000 0.00000000
6,10,10,BP,horizontal_flip,layer3_flat,0.3161862790584564,0.7952185599675807,0.007049530744552612,1.0228039234512862,0.1541384905576706,0.004898682236671448,1.0328242329694104,1.6015288829803467,0.17119133 0.00000000 0.03085768 0.28573170 0.00000000 0.00000000 0.51221931 0.00000000 0.00000000 0.00000000
6,10,10,BP,horizontal_flip,layer4_pooled,0.41124939918518066,0.9069171948807462,0.01513594388961792,1.0382111329146493,0.055451419204473495,-0.0010739192366600037,0.9810011002807281,1.704551339149475,0.07993758 0.00000000 0.03838435 0.17467783 0.00000000 0.05716838 0.62484437 0.00000000 0.00000000 0.02498750
6,10,10,BP,horizontal_flip,concat,0.3264721632003784,0.808049705402308,0.011250406503677368,1.0356904504991593,0.17826208472251892,0.006325274705886841,1.0367883683850956,1.7811152935028076,0.20756477 0.00000000 0.03749292 0.19148403 0.00000000 0.04039135 0.52306694 0.00000000 0.00000000 0.00000000
6,10,10,MSP,original,layer2_flat,0.21525493264198303,0.656132505888838,0.0,1.0,0.12459303438663483,0.0,1.0,2.079500913619995,0.22906901 0.00000000 0.19169033 0.07026196 0.00000000 0.09076300 0.41513172 0.00308396 0.00000000 0.00000000
6,10,10,MSP,original,layer3_flat,0.2380870282649994,0.6900536620654939,0.0,1.0,0.13115942478179932,0.0,1.0,1.899294137954712,0.04562194 0.00000000 0.19954628 0.26638749 0.00000000 0.04565761 0.44278666 0.00000000 0.00000000 0.00000000
6,10,10,MSP,original,layer4_pooled,0.30292007327079773,0.7783573385930111,0.0,1.0,0.07262735813856125,-7.450580596923828e-09,0.9999998974135915,1.4868485927581787,0.41469309 0.00000000 0.00000000 0.00000000 0.00000000 0.00000000 0.41596910 0.00000000 0.16933782 0.00000000
6,10,10,MSP,original,concat,0.22579257190227509,0.6720008510445133,0.0,1.0,0.13262349367141724,1.4901161193847656e-08,1.000000112356887,2.0369439125061035,0.14473712 0.00000000 0.19160423 0.16178919 0.00000000 0.05566677 0.44620264 0.00000000 0.00000000 0.00000000
6,10,10,MSP,rotate_-10,layer2_flat,0.25857773423194885,0.7191352226555849,0.04332280158996582,1.2012627588043243,0.1627260148525238,0.03813298046588898,1.3060602918398259,2.0309603214263916,0.19821914 0.00000000 0.10393104 0.11465756 0.00000000 0.11450716 0.46868506 0.00000000 0.00000000 0.00000000
6,10,10,MSP,rotate_-10,layer3_flat,0.2562606632709503,0.7159059481118317,0.018173635005950928,1.0763318990467916,0.14338676631450653,0.012227341532707214,1.0932250316967749,1.7358200550079346,0.00083519 0.00000000 0.17218255 0.26796076 0.00000000 0.07286592 0.48615554 0.00000000 0.00000000 0.00000000
6,10,10,MSP,rotate_-10,layer4_pooled,0.38306352496147156,0.8752868386551594,0.08014345169067383,1.2645696299524014,0.0803859606385231,0.007758595049381256,1.106827433245553,1.7199370861053467,0.32570496 0.00000000 0.00000000 0.06797381 0.00000000 0.00000000 0.45499262 0.00000000 0.15132864 0.00000000
6,10,10,MSP,rotate_-10,concat,0.25751304626464844,0.7176531840166926,0.03172047436237335,1.1404850216948754,0.1578904688358307,0.025266990065574646,1.1905167192089283,1.988601565361023,0.10919041 0.00000000 0.13208027 0.18543066 0.00000000 0.08339332 0.48990527 0.00000000 0.00000000 0.00000000
6,10,10,MSP,rotate_+10,layer2_flat,0.25568968057632446,0.7151079367149052,0.04043474793434143,1.1878458599664499,0.1705053597688675,0.045912325382232666,1.3684983322533897,2.319296360015869,0.18418567 0.11513806 0.11711930 0.13215947 0.00000000 0.05610495 0.39529261 0.00000000 0.00000000 0.00000000
6,10,10,MSP,rotate_+10,layer3_flat,0.24607889354228973,0.7015395834053696,0.007991865277290344,1.0335669915975496,0.14651994407176971,0.015360519289970398,1.1171133474808044,1.9354785680770874,0.03388266 0.00000000 0.12997165 0.38590127 0.00000000 0.08093373 0.36513132 0.00417937 0.00000000 0.00000000
6,10,10,MSP,rotate_+10,layer4_pooled,0.24855777621269226,0.705064218653439,-0.05436229705810547,0.8205391393480603,0.0691971704363823,-0.003430195152759552,0.9527699356174203,1.9901213645935059,0.39186573 0.00000000 0.06414389 0.09698998 0.00000000 0.00000000 0.33653846 0.00000000 0.11046202 0.00000000
6,10,10,MSP,rotate_+10,concat,0.25130659341812134,0.7089521752814097,0.025514021515846252,1.112997612369533,0.16720722615718842,0.03458374738693237,1.2607664020529963,2.17480206489563,0.13029924 0.02729902 0.12852526 0.24113396 0.00000000 0.06150864 0.41123393 0.00000000 0.00000000 0.00000000
6,10,10,MSP,scale_0.90,layer2_flat,0.23436442017555237,0.6846377438843879,0.019109487533569336,1.0887760726267022,0.16986483335494995,0.045271798968315125,1.363357383426951,2.3760695457458496,0.21939859 0.05271189 0.14155905 0.14049000 0.00000000 0.10762714 0.33821332 0.00000000 0.00000000 0.00000000
6,10,10,MSP,scale_0.90,layer3_flat,0.21280914545059204,0.6523942756502268,-0.02527788281440735,0.8938292312751873,0.12432008981704712,-0.006839334964752197,0.9478547959776572,1.9864128828048706,0.04572392 0.00000000 0.17518091 0.40192226 0.00000000 0.08126485 0.29590815 0.00000000 0.00000000 0.00000000
6,10,10,MSP,scale_0.90,layer4_pooled,0.33372732996940613,0.8169789837803738,0.0308072566986084,1.1017009416571952,0.08006612956523895,0.007438763976097107,1.1024237064865645,1.4666147232055664,0.43074861 0.00000000 0.00000000 0.41450888 0.00000000 0.00000000 0.15474251 0.00000000 0.00000000 0.00000000
6,10,10,MSP,scale_0.90,concat,0.22512538731098175,0.6710072835833927,-0.000667184591293335,0.9970451437544228,0.15749691426753998,0.024873435497283936,1.187549261471151,2.175255537033081,0.15195115 0.00000000 0.15850212 0.25485280 0.00000000 0.08797957 0.34671426 0.00000000 0.00000000 0.00000000
6,10,10,MSP,scale_1.10,layer2_flat,0.24975872039794922,0.7067654779316109,0.034503787755966187,1.1602926694051345,0.1613999903202057,0.03680695593357086,1.2954174454011351,2.2244181632995605,0.07001775 0.07830172 0.18709260 0.09209705 0.00000000 0.12755576 0.44493511 0.00000000 0.00000000 0.00000000
6,10,10,MSP,scale_1.10,layer3_flat,0.27099573612213135,0.7362007010620559,0.03290870785713196,1.1382213390490352,0.16445857286453247,0.033299148082733154,1.2538829987846982,1.8432114124298096,0.00000000 0.00000000 0.16217655 0.36275065 0.00000000 0.11347160 0.36160117 0.00000000 0.00000000 0.00000000
6,10,10,MSP,scale_1.10,layer4_pooled,0.2748834192752838,0.7414626346287233,-0.028036653995513916,0.9074453743104777,0.0529252253472805,-0.019702140241861343,0.7287229120625622,1.8418978452682495,0.40322751 0.00000000 0.00000000 0.14031515 0.00000000 0.00000000 0.32173401 0.00000000 0.13472335 0.00000000
6,10,10,MSP,scale_1.10,concat,0.2594166398048401,0.7203008257732877,0.033624067902565,1.1489157398719425,0.16984958946704865,0.0372261106967926,1.280690199365067,2.062289237976074,0.01307726 0.03530084 0.18774097 0.21022932 0.00000000 0.11697434 0.43667719 0.00000000 0.00000000 0.00000000
6,10,10,MSP,horizontal_flip,layer2_flat,0.2710168659687042,0.736229401706702,0.05576193332672119,1.2590506644472887,0.18150711059570312,0.0569140762090683,1.4567998242341282,2.191171169281006,0.18034902 0.04762765 0.08909126 0.12815222 0.00000000 0.09840816 0.45637169 0.00000000 0.00000000 0.00000000
6,10,10,MSP,horizontal_flip,layer3_flat,0.26230356097221375,0.7242976749544537,0.024216532707214355,1.1017129445631064,0.16025365889072418,0.029094234108924866,1.221823434778744,1.951104998588562,0.10347123 0.00000000 0.10188213 0.36247340 0.00000000 0.04988133 0.38229188 0.00000000 0.00000000 0.00000000
6,10,10,MSP,horizontal_flip,layer4_pooled,0.328191339969635,0.810174474998608,0.02527126669883728,1.0834255268258912,0.07683702558279037,0.004209659993648529,1.0579624492702229,1.9638351202011108,0.14260800 0.13055702 0.06434096 0.00000000 0.00000000 0.00000000 0.50062001 0.00000000 0.16187395 0.00000000
6,10,10,MSP,horizontal_flip,concat,0.26690301299095154,0.7306203021966355,0.04111044108867645,1.1820717162754464,0.17668524384498596,0.04406176507472992,1.3322320111262198,2.0243289470672607,0.15446109 0.00000000 0.09752400 0.23016071 0.00000000 0.07198198 0.44587222 0.00000000 0.00000000 0.00000000
7,10,10,BP,original,layer2_flat,0.3914249837398529,0.8847880918500801,0.0,1.0,0.2094048410654068,0.0,1.0,2.211838722229004,0.05841518 0.18418212 0.10294319 0.09605315 0.00000000 0.10585728 0.45254904 0.00000000 0.00000000 0.00000000
7,10,10,BP,original,layer3_flat,0.3635774850845337,0.8527338214056408,0.0,1.0,0.19270962476730347,1.4901161193847656e-08,1.0000000773244324,1.7802125215530396,0.00000000 0.19381976 0.00000000 0.31270379 0.01355499 0.00000000 0.43819210 0.00000000 0.04172936 0.00000000
7,10,10,BP,original,layer4_pooled,0.497337281703949,0.9973337271986233,0.0,1.0,0.026551377028226852,-3.725290298461914e-09,0.9999998596950443,0.14549347758293152,0.00000000 0.00000000 0.00000000 0.00000000 0.02072525 0.00000000 0.97927475 0.00000000 0.00000000 0.00000000
7,10,10,BP,original,concat,0.3775734603404999,0.868991899088248,0.0,1.0,0.2104921042919159,2.9802322387695312e-08,1.0000001415840594,1.9504820108413696,0.03840779 0.19064045 0.00764403 0.21046092 0.00000000 0.06824566 0.48290300 0.00000000 0.00169817 0.00000000
7,10,10,BP,rotate_-10,layer2_flat,0.3666812777519226,0.8563659004793718,-0.024743705987930298,0.9367855731858135,0.20896901190280914,-0.00043582916259765625,0.997918724512871,2.18257737159729,0.08722790 0.13493499 0.04261551 0.14285682 0.00000000 0.12646255 0.46590224 0.00000000 0.00000000 0.00000000
7,10,10,BP,rotate_-10,layer3_flat,0.3596116602420807,0.848070351140848,-0.003965824842453003,0.9890922155382641,0.17555688321590424,-0.017152726650238037,0.9109918459070959,1.7332652807235718,0.00000000 0.17868383 0.00000000 0.32339442 0.01668113 0.00000000 0.45268089 0.00000000 0.02855968 0.00000000
7,10,10,BP,rotate_-10,layer4_pooled,0.5460657477378845,1.0450509535308645,0.04872846603393555,1.097978711483054,0.011010559275746346,-0.015540821477770805,0.4146887643450759,0.4335246682167053,0.00000000 0.07140998 0.00000000 0.00742007 0.00000000 0.00000000 0.92116994 0.00000000 0.00000000 0.00000000
7,10,10,BP,rotate_-10,concat,0.363457590341568,0.852593209381318,-0.014115869998931885,0.9626142420440127,0.20009607076644897,-0.010396003723144531,0.9506109493751552,1.9060444831848145,0.05528609 0.15593155 0.00000000 0.23521602 0.00000000 0.06664459 0.48692179 0.00000000 0.00000000 0.00000000
7,10,10,BP,rotate_+10,layer2_flat,0.41073134541511536,0.9063457898783613,0.01930636167526245,1.0493232738767755,0.2152489721775055,0.005844131112098694,1.0279082903830548,2.150623321533203,0.08625527 0.20242544 0.11425870 0.07813308 0.00000000 0.05181506 0.46711245 0.00000000 0.00000000 0.00000000
7,10,10,BP,rotate_+10,layer3_flat,0.3873274028301239,0.8801447640361486,0.02374991774559021,1.065322850616019,0.1837894767522812,-0.008920133113861084,0.9537120482989364,1.675291895866394,0.00000000 0.19760813 0.00000000 0.24107365 0.03062870 0.00000000 0.51934558 0.00000000 0.01134395 0.00000000
7,10,10,BP,rotate_+10,layer4_pooled,0.5283430814743042,1.0279524127840785,0.031005799770355225,1.0623436064637313,0.03943226858973503,0.01288088783621788,1.4851306210893185,-0.0,0.00000000 0.00000000 0.00000000 0.00000000 0.00000000 0.00000000 1.00000000 0.00000000 0.00000000 0.00000000
7,10,10,BP,rotate_+10,concat,0.39972159266471863,0.8941158679552876,0.02214813232421875,1.0586591343157081,0.2079809308052063,-0.002511143684387207,0.9880701271510371,1.8826947212219238,0.05015822 0.20627156 0.02516127 0.16770785 0.00000000 0.02730332 0.52339774 0.00000000 0.00000000 0.00000000
7,10,10,BP,scale_0.90,layer2_flat,0.3249428868293762,0.8061549315477469,-0.06648209691047668,0.8301536701231829,0.19996413588523865,-0.009440705180168152,0.9549164903156451,2.400667190551758,0.13125007 0.20408088 0.07344064 0.13305888 0.00000000 0.11252235 0.34564725 0.00000000 0.00000000 0.00000000
7,10,10,BP,scale_0.90,layer3_flat,0.327348917722702,0.8091340033921477,-0.036228567361831665,0.9003553056831649,0.1875404715538025,-0.005169138312339783,0.9731765410354809,1.945192575454712,0.00000000 0.28057066 0.00000000 0.30486912 0.05181742 0.00000000 0.33069602 0.00000000 0.03204678 0.00000000
7,10,10,BP,scale_0.90,layer4_pooled,0.6005474328994751,1.0959447366537012,0.10321015119552612,1.2075254661016077,0.026813020929694176,0.00026164017617702484,1.0098541081006687,1.1292012929916382,0.00000000 0.22058457 0.00000000 0.07870862 0.00000000 0.00000000 0.70070684 0.00000000 0.00000000 0.00000000
7,10,10,BP,scale_0.90,concat,0.3260778784751892,0.8075616118602831,-0.05149558186531067,0.8636144028271081,0.20263142883777618,-0.007860645651817322,0.9626558592724184,2.11517596244812,0.07763575 0.25400215 0.00000000 0.22955130 0.01064393 0.05823832 0.36992854 0.00000000 0.00000000 0.00000000
7,10,10,BP,scale_1.10,layer2_flat,0.40334779024124146,0.8981623352615511,0.01192280650138855,1.0304600038235734,0.2163630574941635,0.006958216428756714,1.0332285366151115,2.2260749340057373,0.05898421 0.20863511 0.10162734 0.09045146 0.00000000 0.10546982 0.43483201 0.00000000 0.00000000 0.00000000
7,10,10,BP,scale_1.10,layer3_flat,0.38377124071121216,0.8760950184896752,0.020193755626678467,1.0555418210836893,0.19267162680625916,-3.7983059883117676e-05,0.9998029000219071,1.7448763847351074,0.00000000 0.18268995 0.00000000 0.30675519 0.01703418 0.00000000 0.46151412 0.00000000 0.03200660 0.00000000
7,10,10,BP,scale_1.10,layer4_pooled,0.5177010297775269,1.0175470797732427,0.02036374807357788,1.0409455490723876,0.04095500335097313,0.014403622597455978,1.5424811135294916,0.11316519230604172,0.00000000 0.00000000 0.00000000 0.01513341 0.00000000 0.00000000 0.98486662 0.00000000 0.00000000 0.00000000
7,10,10,BP,scale_1.10,concat,0.3939444124698639,0.8876310184641633,0.016370952129364014,1.0433583232109511,0.21516618132591248,0.00467410683631897,1.0222056191314122,1.9482395648956299,0.03372010 0.19249317 0.01391412 0.20324993 0.00000000 0.06947426 0.48714843 0.00000000 0.00000000 0.00000000
7,10,10,BP,horizontal_flip,layer2_flat,0.38643762469291687,0.8791332375617668,-0.004987359046936035,0.98725845499367,0.20700553059577942,-0.0023993104696273804,0.9885422397237392,2.171340227127075,0.14993080 0.10758659 0.06834209 0.10880037 0.00185446 0.07503286 0.48845273 0.00000000 0.00000000 0.00000000
7,10,10,BP,horizontal_flip,layer3_flat,0.36525771021842957,0.8547019483052903,0.001680225133895874,1.0046213673916045,0.20129120349884033,0.008581593632698059,1.0445312179222115,1.851721167564392,0.02199067 0.14973590 0.00000000 0.30063471 0.05317516 0.00000000 0.46557668 0.00000000 0.00888689 0.00000000
7,10,10,BP,horizontal_flip,layer4_pooled,0.4959689974784851,0.9959608400720232,-0.0013682842254638672,0.9972487801019598,0.03059328906238079,0.00404190830886364,1.1522296842576067,0.2623750865459442,0.00000000 0.00000000 0.00000000 0.00000000 0.04445887 0.00000000 0.95554113 0.00000000 0.00000000 0.00000000
7,10,10,BP,horizontal_flip,concat,0.3759557008743286,0.8671282498850197,-0.0016177594661712646,0.99571537823472,0.2111964374780655,0.0007043629884719849,1.0033462684529886,1.9583898782730103,0.11637301 0.13592252 0.00000000 0.20016068 0.01790443 0.02652091 0.50311852 0.00000000 0.00000000 0.00000000
7,10,10,MSP,original,layer2_flat,0.2467690408229828,0.7025226556104547,0.0,1.0,0.1295081377029419,0.0,1.0,2.2254347801208496,0.10097696 0.25154346 0.07283188 0.14613910 0.00000000 0.03823810 0.39027047 0.00000000 0.00000000 0.00000000
7,10,10,MSP,original,layer3_flat,0.2564679682254791,0.7161954596693267,0.0,1.0,0.1361275315284729,0.0,1.0,1.9155274629592896,0.08700421 0.24262263 0.00000000 0.25132126 0.00000000 0.00000000 0.40541357 0.00000000 0.01363830 0.00000000
7,10,10,MSP,original,layer4_pooled,0.3668133318424225,0.8565200894811779,0.0,1.0,0.024605311453342438,-5.587935447692871e-09,0.9999997728972385,0.44338786602020264,0.09208398 0.00000000 0.00000000 0.00000000 0.00000000 0.00000000 0.90791601 0.00000000 0.00000000 0.00000000
7,10,10,MSP,original,concat,0.2516399621963501,0.70942224689722,0.0,1.0,0.1344662606716156,0.0,1.0,1.9011820554733276,0.10566484 0.26095483 0.00000000 0.22154672 0.00000000 0.00043136 0.40638202 0.00000000 0.00502023 0.00000000
7,10,10,MSP,rotate_-10,layer2_flat,0.26592135429382324,0.7292754682475248,0.019152313470840454,1.0776123026085007,0.1668061465024948,0.03729800879955292,1.2879974143772872,2.135263204574585,0.09958644 0.21738032 0.00599789 0.16062583 0.00000000 0.09936932 0.41704017 0.00000000 0.00000000 0.00000000
7,10,10,MSP,rotate_-10,layer3_flat,0.25783172249794006,0.7180970999773499,0.0013637542724609375,1.0053174448329416,0.13833075761795044,0.002203226089477539,1.0161850146309346,1.9098241329193115,0.07386808 0.25692078 0.00000000 0.25489154 0.00000000 0.00000000 0.39802510 0.00000000 0.01629453 0.00000000
7,10,10,MSP,rotate_-10,layer4_pooled,0.3883974850177765,0.8813597279406139,0.021584153175354004,1.058842335601279,0.026363102719187737,0.001757785677909851,1.0714392614770845,0.9181039929389954,0.05954391 0.14877936 0.00000000 0.00000000 0.00000000 0.00000000 0.79167670 0.00000000 0.00000000 0.00000000
7,10,10,MSP,rotate_-10,concat,0.2622137665748596,0.7241736899043759,0.010573804378509521,1.0420195754528725,0.15555904805660248,0.021092787384986877,1.156863047127795,1.980644941329956,0.09494497 0.24675857 0.00000000 0.21961921 0.00000000 0.01924437 0.41361371 0.00000000 0.00581920 0.00000000
7,10,10,MSP,rotate_+10,layer2_flat,0.29907575249671936,0.7734025504182402,0.05230671167373657,1.2119662640786704,0.17470113933086395,0.04519300162792206,1.3489587791867885,2.1614909172058105,0.11794505 0.21206243 0.09514330 0.11420454 0.00000000 0.02206300 0.43858165 0.00000000 0.00000000 0.00000000
7,10,10,MSP,rotate_+10,layer3_flat,0.28722718358039856,0.7579276793736966,0.030759215354919434,1.1199339456214543,0.145366370677948,0.009238839149475098,1.067868997885081,1.8782074451446533,0.10239370 0.19798899 0.00000000 0.16594298 0.02971435 0.00000000 0.50396001 0.00000000 0.00000000 0.00000000
7,10,10,MSP,rotate_+10,layer4_pooled,0.40758341550827026,0.9028658986895787,0.04077008366584778,1.1111466790505065,0.04006918519735336,0.015463868156075478,1.6284766877624381,0.27868974208831787,0.00000000 0.04819740 0.00000000 0.00000000 0.00000000 0.00000000 0.95180261 0.00000000 0.00000000 0.00000000
7,10,10,MSP,rotate_+10,concat,0.29351842403411865,0.7661832992621526,0.041878461837768555,1.1664221432561062,0.16260217130184174,0.028135910630226135,1.2092414148314015,1.9283920526504517,0.11805646 0.21538544 0.02041625 0.16455612 0.00162332 0.00230434 0.47765815 0.00000000 0.00000000 0.00000000
7,10,10,MSP,scale_0.90,layer2_flat,0.2463645040988922,0.7019465850032924,-0.00040453672409057617,0.9983606666268192,0.1677190512418747,0.0382109135389328,1.2950464288683055,2.393373727798462,0.16041970 0.24003272 0.05032681 0.15538670 0.00000000 0.09375593 0.30007812 0.00000000 0.00000000 0.00000000
7,10,10,MSP,scale_0.90,layer3_flat,0.23914889991283417,0.6915907748268975,-0.01731906831264496,0.9324708327811487,0.14742305874824524,0.011295527219772339,1.0829775365266705,2.1052405834198,0.10858336 0.36256322 0.00000000 0.24835937 0.01402112 0.00000000 0.23725066 0.00000000 0.02922220 0.00000000
7,10,10,MSP,scale_0.90,layer4_pooled,0.39031755924224854,0.8835355785051879,0.02350422739982605,1.064076807900371,0.02014729380607605,-0.004458023235201836,0.8188187037971559,1.1362526416778564,0.03978319 0.33390704 0.00000000 0.00000000 0.00000000 0.00000000 0.62630975 0.00000000 0.00000000 0.00000000
7,10,10,MSP,scale_0.90,concat,0.24310897290706635,0.697293299705463,-0.008530989289283752,0.9660984320026513,0.16089151799678802,0.026425257325172424,1.196519611633359,2.0904412269592285,0.15107006 0.31460130 0.00000000 0.23084401 0.00000000 0.02956639 0.27360898 0.00000000 0.00030929 0.00000000
7,10,10,MSP,scale_1.10,layer2_flat,0.2722967863082886,0.7379658343152324,0.025527745485305786,1.1034479260448007,0.157356396317482,0.0278482586145401,1.215030955646986,2.2691545486450195,0.11157558 0.25355208 0.06532297 0.13595986 0.00000000 0.04505087 0.38421270 0.00000000 0.00432593 0.00000000
7,10,10,MSP,scale_1.10,layer3_flat,0.27179601788520813,0.7372869426284561,0.015328049659729004,1.0597659417888525,0.13930661976337433,0.0031790882349014282,1.0233537492319336,1.9033128023147583,0.07314498 0.21701573 0.00000000 0.24737099 0.02395372 0.00000000 0.43851459 0.00000000 0.00000000 0.00000000
7,10,10,MSP,scale_1.10,layer4_pooled,0.38466548919677734,0.8771151454589954,0.01785215735435486,1.0486682347793597,0.01641104184091091,-0.008194275200366974,0.666971362885216,0.17111748456954956,0.02546600 0.00000000 0.00000000 0.00000000 0.00000000 0.00000000 0.97453403 0.00000000 0.00000000 0.00000000
7,10,10,MSP,scale_1.10,concat,0.27209147810935974,0.737687573582963,0.020451515913009644,1.08127292554976,0.15105149149894714,0.016585230827331543,1.123341206518054,1.95957612991333,0.10035253 0.24498735 0.00148804 0.21313019 0.00000000 0.00809559 0.42333886 0.00000000 0.00860735 0.00000000
7,10,10,MSP,horizontal_flip,layer2_flat,0.2996312975883484,0.7741205301351314,0.0528622567653656,1.2142175395619077,0.18186375498771667,0.05235561728477478,1.404265077183495,2.079634189605713,0.17257915 0.07492116 0.00000000 0.15017773 0.00000000 0.05185446 0.49614963 0.05431786 0.00000000 0.00000000
7,10,10,MSP,horizontal_flip,layer3_flat,0.29447147250175476,0.7674261821201499,0.038003504276275635,1.1481803148325949,0.1782974749803543,0.04216994345188141,1.309782620591715,1.9705113172531128,0.13833489 0.10689171 0.00000000 0.14237210 0.10173201 0.00000000 0.51066929 0.00000000 0.00000000 0.00000000
7,10,10,MSP,horizontal_flip,layer4_pooled,0.36508864164352417,0.8545041154301414,-0.0017246901988983154,0.9952981801663782,0.028644125908613205,0.0040388088673353195,1.1641437442320157,0.5468765497207642,0.12618309 0.00000000 0.00000000 0.00000000 0.00000000 0.00000000 0.87381691 0.00000000 0.00000000 0.00000000
7,10,10,MSP,horizontal_flip,concat,0.29708850383758545,0.7708287797398141,0.04544854164123535,1.1806093962356905,0.18157143890857697,0.047105178236961365,1.3503122493429645,2.0713069438934326,0.16077779 0.09804305 0.00000000 0.15396480 0.03444755 0.00878323 0.50617176 0.03781186 0.00000000 0.00000000
8,10,10,BP,original,layer2_flat,0.18275943398475647,0.6045815643645719,0.0,1.0,0.14441624283790588,1.4901161193847656e-08,1.0000001031820414,2.206528663635254,0.04670877 0.00000000 0.06226287 0.47925514 0.14029747 0.03416232 0.18211387 0.00000000 0.00000100 0.05519862
8,10,10,BP,original,layer3_flat,0.29700183868408203,0.7707163404055762,0.0,1.0,0.1350076049566269,0.0,1.0,1.125017523765564,0.00535387 0.00000000 0.00000000 0.65948951 0.03440047 0.00000000 0.30075622 0.00000000 0.00000000 0.00000000
8,10,10,BP,original,layer4_pooled,0.40012118220329285,0.894562666562039,0.0,1.0,0.06214802339673042,-7.450580596923828e-09,0.9999998801155806,0.9777101278305054,0.00000000 0.00000000 0.00000000 0.58766538 0.00000000 0.00000000 0.41233456 0.00000000 0.00000000 0.00000000
8,10,10,BP,original,concat,0.22012899816036224,0.6635194016159018,0.0,1.0,0.1452932059764862,0.0,1.0,1.693920373916626,0.01636034 0.00000000 0.02790837 0.56544715 0.10200356 0.00000000 0.26077646 0.00000000 0.00047422 0.02702990
8,10,10,BP,rotate_-10,layer2_flat,0.23572200536727905,0.6866178054307637,0.05296257138252258,1.2897939122893665,0.19771024584770203,0.053294017910957336,1.3690306738514972,2.2516493797302246,0.10759181 0.00000000 0.03335154 0.38550454 0.11602951 0.05763576 0.28319901 0.00000000 0.00000000 0.01668782
8,10,10,BP,rotate_-10,layer3_flat,0.31729549169540405,0.7966121913395552,0.02029365301132202,1.0683283750065933,0.1564515382051468,0.021443933248519897,1.158835002333759,1.3449256420135498,0.05211542 0.00000000 0.00000000 0.53686506 0.01426109 0.00285769 0.39390075 0.00000000 0.00000000 0.00000000
8,10,10,BP,rotate_-10,layer4_pooled,0.48727548122406006,0.9871934777175749,0.08715429902076721,1.2178197578559293,0.05612878501415253,-0.006019245833158493,0.9031466363294747,0.9909158945083618,0.00000000 0.00000000 0.00000000 0.44394907 0.00000000 0.00000000 0.55605090 0.00000000 0.00000000 0.00000000
8,10,10,BP,rotate_-10,concat,0.2628556787967682,0.7250595545150318,0.042726680636405945,1.19409837410465,0.1871553659439087,0.041862159967422485,1.2881219371944288,1.8157113790512085,0.07326904 0.00000000 0.01469292 0.45945868 0.07658973 0.02177059 0.35421902 0.00000000 0.00000000 0.00000000
8,10,10,BP,rotate_+10,layer2_flat,0.21485067903995514,0.6555161005497198,0.03209124505519867,1.1755928236115007,0.17351338267326355,0.02909715473651886,1.2014811988377243,2.0924830436706543,0.12071841 0.00000000 0.11282472 0.45358726 0.08811025 0.00797443 0.21577984 0.00000000 0.00000000 0.00100509
8,10,10,BP,rotate_+10,layer3_flat,0.29929861426353455,0.7736906542844298,0.0022967755794525146,1.007733203234098,0.12322677671909332,-0.01178082823753357,0.9127395212941444,1.1517446041107178,0.04446821 0.00000000 0.00858182 0.67538816 0.00000000 0.00000000 0.27156174 0.00000000 0.00000000 0.00000000
8,10,10,BP,rotate_+10,layer4_pooled,0.4031301736831665,0.8979200116749448,0.0030089914798736572,1.007520200413527,0.03800873085856438,-0.024139299988746643,0.6115838320337921,0.974801778793335,0.00000000 0.00000000 0.00000000 0.59317762 0.00000000 0.00000000 0.40682235 0.00000000 0.00000000 0.00000000
8,10,10,BP,rotate_+10,concat,0.24241307377815247,0.6962945838912614,0.022284075617790222,1.1012318949521371,0.16090616583824158,0.015612959861755371,1.1074582927447734,1.7116711139678955,0.08402850 0.00000000 0.06376512 0.54785001 0.03623369 0.00000000 0.26812273 0.00000000 0.00000000 0.00000000
8,10,10,BP,scale_0.90,layer2_flat,0.26515641808509827,0.728225813996041,0.0823969841003418,1.4508494161060022,0.23487232625484467,0.09045609831809998,1.6263568825318857,2.3755300045013428,0.19223364 0.00000000 0.05552487 0.33212003 0.10493875 0.05544032 0.24524868 0.00000000 0.00000000 0.01449375
8,10,10,BP,scale_0.90,layer3_flat,0.31086593866348267,0.7884997636822508,0.013864099979400635,1.0466801823206928,0.15179871022701263,0.016791105270385742,1.1243715513333916,1.427862524986267,0.12472547 0.00000000 0.00000000 0.58073223 0.01338359 0.00000000 0.28115875 0.00000000 0.00000000 0.00000000
8,10,10,BP,scale_0.90,layer4_pooled,0.5568666458129883,1.0553356298476693,0.15674546360969543,1.3917449777244353,0.061845120042562485,-0.00030291080474853516,0.9951259790436825,0.9999185800552368,0.00000000 0.00000000 0.00000000 0.50531119 0.00000000 0.00000000 0.49468884 0.00000000 0.00000000 0.00000000
8,10,10,BP,scale_0.90,concat,0.27874770760536194,0.7466561559451069,0.058618709444999695,1.2662925372604936,0.21433250606060028,0.06903930008411407,1.4751722533730312,1.941771388053894,0.16864479 0.00000000 0.03203974 0.43357173 0.06571066 0.00696162 0.29307139 0.00000000 0.00000000 0.00000000
8,10,10,BP,scale_1.10,layer2_flat,0.1989322006702423,0.6307649335057274,0.01617276668548584,1.0884921031586599,0.16373232007026672,0.019316092133522034,1.1337529196639096,2.2418019771575928,0.00471387 0.00000000 0.12343930 0.38881218 0.12108140 0.08613608 0.25629878 0.00000000 0.01502953 0.00448890
8,10,10,BP,scale_1.10,layer3_flat,0.3130415081977844,0.7912540782805286,0.016039669513702393,1.054005286919148,0.15383939445018768,0.01883178949356079,1.139486879272255,1.1213796138763428,0.00000000 0.00000000 0.00000000 0.62132788 0.00012455 0.02063156 0.35137469 0.00000000 0.00000000 0.00654133
8,10,10,BP,scale_1.10,layer4_pooled,0.42439374327659607,0.921296633312633,0.024272561073303223,1.0606630244856925,0.06266311556100845,0.0005150847136974335,1.0082880295106154,0.9821892380714417,0.00000000 0.00000000 0.00000000 0.57840461 0.00000000 0.00000000 0.42159542 0.00000000 0.00000000 0.00000000
8,10,10,BP,scale_1.10,concat,0.23924089968204498,0.6917237883462517,0.01911190152168274,1.0868213714745254,0.1651684045791626,0.01987519860267639,1.1367937232093022,1.8164258003234863,0.00000000 0.00000000 0.06367866 0.48962659 0.07182749 0.03773134 0.32426044 0.00000000 0.01287554 0.00000000
8,10,10,BP,horizontal_flip,layer2_flat,0.18853403627872467,0.6140586882028861,0.005774602293968201,1.0315967398674382,0.16235749423503876,0.017941266298294067,1.1242330349884795,2.216958522796631,0.05724121 0.00000000 0.00000000 0.34243816 0.00000000 0.01813199 0.23916820 0.01767479 0.05928193 0.26606372
8,10,10,BP,horizontal_flip,layer3_flat,0.2745319902896881,0.7409885158215181,-0.02246984839439392,0.9243444131730806,0.14944420754909515,0.014436602592468262,1.1069317731915864,1.3318326473236084,0.00000000 0.00000000 0.00000000 0.60728961 0.00000000 0.00000000 0.25692943 0.00000000 0.00000000 0.13578093
8,10,10,BP,horizontal_flip,layer4_pooled,0.3096071481704712,0.7869017069119513,-0.09051403403282166,0.773783448468851,0.018557224422693253,-0.04359080642461777,0.2985971425062066,0.8153291344642639,0.00000000 0.00000000 0.00000000 0.74742806 0.00000000 0.00000000 0.25257188 0.00000000 0.00000000 0.00000000
8,10,10,BP,horizontal_flip,concat,0.21635575592517853,0.6578081117243516,-0.003773242235183716,0.9828589496763266,0.16289156675338745,0.017598360776901245,1.1211230811413728,1.7911518812179565,0.01206746 0.00000000 0.00000000 0.44934934 0.00000000 0.00000000 0.27828595 0.00000000 0.04669943 0.21359783
8,10,10,MSP,original,layer2_flat,0.1581004559993744,0.5623174477096978,0.0,1.0,0.10318498313426971,-7.450580596923828e-09,0.99999992779395,1.838760256767273,0.02699539 0.00000000 0.11506005 0.61384416 0.00927167 0.04804501 0.11125420 0.00000000 0.00000000 0.07552954
8,10,10,MSP,original,layer3_flat,0.22116689383983612,0.6650817902180696,0.0,1.0,0.09643954783678055,1.4901161193847656e-08,1.0000001545129962,1.2490341663360596,0.04129784 0.00679953 0.00000000 0.72204334 0.02063679 0.00000000 0.19274646 0.00000000 0.00000000 0.01647606
8,10,10,MSP,original,layer4_pooled,0.2860438823699951,0.7563648357373511,0.0,1.0,0.03545065596699715,0.0,1.0,0.8623048067092896,0.00000000 0.00000000 0.00000000 0.71490180 0.00000000 0.00000000 0.28509820 0.00000000 0.00000000 0.00000000
8,10,10,MSP,original,concat,0.17873099446296692,0.5978812498531241,0.0,1.0,0.10327089577913284,0.0,1.0,1.5661780834197998,0.03582478 0.00000000 0.05018158 0.66989744 0.01512765 0.00582652 0.17233151 0.00000000 0.00000000 0.05081049
8,10,10,MSP,rotate_-10,layer2_flat,0.21735955774784088,0.6593323255352204,0.05925910174846649,1.3748192968420418,0.16670900583267212,0.06352401524782181,1.6156323210105794,2.1315526962280273,0.08480894 0.00000000 0.05911420 0.48274747 0.01371300 0.08518505 0.22722144 0.00000000 0.00000000 0.04720979
8,10,10,MSP,rotate_-10,layer3_flat,0.24756662547588348,0.7036570549292936,0.026399731636047363,1.1193656572083797,0.12757159769535065,0.031132064759731293,1.3228143460648183,1.5038652420043945,0.06436927 0.02573753 0.00000000 0.59791231 0.01394207 0.00000000 0.28804314 0.00000000 0.00000000 0.00999575
8,10,10,MSP,rotate_-10,layer4_pooled,0.3414076566696167,0.8263263963708489,0.05536377429962158,1.193549933110667,0.03689206764101982,0.0014414116740226746,1.0406596615680088,1.182699203491211,0.00000000 0.04027239 0.00000000 0.56237066 0.00000000 0.00000000 0.39735687 0.00000000 0.00000000 0.00000000
8,10,10,MSP,rotate_-10,concat,0.2274107187986374,0.6744045059141248,0.04867972433567047,1.2723630810742483,0.15564055740833282,0.05236966162919998,1.507109590108492,1.8132988214492798,0.08165035 0.00000000 0.02238242 0.53767681 0.01334626 0.03280280 0.28135684 0.00000000 0.00000000 0.03078450
8,10,10,MSP,rotate_+10,layer2_flat,0.19209866225719452,0.6198365304775034,0.03399820625782013,1.2150417975881083,0.1305372565984726,0.027352266013622284,1.2650798905763827,1.7703720331192017,0.07327258 0.00000000 0.17383583 0.56952167 0.00000000 0.00935399 0.15362279 0.00000000 0.00000000 0.02039318
8,10,10,MSP,rotate_+10,layer3_flat,0.22099018096923828,0.6648160361622428,-0.00017671287059783936,0.9992009976378968,0.08650089055299759,-0.009938642382621765,0.8969443123583614,1.2305707931518555,0.05434166 0.00438616 0.03812036 0.72077781 0.00000000 0.00000000 0.18237403 0.00000000 0.00000000 0.00000000
8,10,10,MSP,rotate_+10,layer4_pooled,0.2736690640449524,0.7398230383611373,-0.012374818325042725,0.9567380423504644,0.03426295518875122,-0.001187700778245926,0.9664970718928836,1.1488759517669678,0.00000000 0.10298110 0.00000000 0.70581156 0.00000000 0.00000000 0.19120738 0.00000000 0.00000000 0.00000000
8,10,10,MSP,rotate_+10,concat,0.20153021812438965,0.6348704090196513,0.02279922366142273,1.1275616673526603,0.11787957698106766,0.014608681201934814,1.1414598090931367,1.4835987091064453,0.06478541 0.00000000 0.11406843 0.63328683 0.00000000 0.00000000 0.18785939 0.00000000 0.00000000 0.00000000
8,10,10,MSP,scale_0.90,layer2_flat,0.24023103713989258,0.693153716198496,0.08213058114051819,1.5194835183797553,0.20221742987632751,0.0990324392914772,1.959756246806863,2.3417530059814453,0.11681706 0.00000000 0.11090310 0.39677256 0.01200444 0.06734820 0.22212662 0.00000000 0.00000000 0.07402804
8,10,10,MSP,scale_0.90,layer3_flat,0.23529228568077087,0.6859916700380128,0.014125391840934753,1.0638675689459207,0.1189756914973259,0.022536158561706543,1.2336817472614414,1.5524373054504395,0.06525854 0.07397657 0.00425894 0.64890695 0.02435706 0.00000000 0.18324192 0.00000000 0.00000000 0.00000000
8,10,10,MSP,scale_0.90,layer4_pooled,0.36803415417671204,0.8579442338249171,0.08199027180671692,1.28663529220449,0.033342812210321426,-0.00210784375667572,0.9405414738001304,1.4237394332885742,0.00000000 0.16029996 0.00000000 0.54079974 0.00000000 0.00000000 0.29890031 0.00000000 0.00000000 0.00000000
8,10,10,MSP,scale_0.90,concat,0.23877479135990143,0.6910496239198766,0.06004379689693451,1.3359450725209256,0.18126676976680756,0.07799587398767471,1.7552551316464855,2.060464382171631,0.11211301 0.01741669 0.07011361 0.49679875 0.01304110 0.01693620 0.24184653 0.00000000 0.00000000 0.03173409
8,10,10,MSP,scale_1.10,layer2_flat,0.1907331943511963,0.6176296533541703,0.0326327383518219,1.2064050868502532,0.14021694660186768,0.037031956017017365,1.3588889799452628,2.0315799713134766,0.03625759 0.00000000 0.15518229 0.50603634 0.02560150 0.06080551 0.20199761 0.00000000 0.00261241 0.01150676
8,10,10,MSP,scale_1.10,layer3_flat,0.24446995556354523,0.69924238367471,0.023303061723709106,1.1053641497559723,0.12377985566854477,0.027340322732925415,1.283497046287995,1.327885389328003,0.00000000 0.02669602 0.02593822 0.64806008 0.00350827 0.00000000 0.27783695 0.00000000 0.00000000 0.01796051
8,10,10,MSP,scale_1.10,layer4_pooled,0.3088076412677765,0.7858850313726258,0.022763758897781372,1.0795813520257604,0.03327568620443344,-0.0021749697625637054,0.9386479684740631,0.8914581537246704,0.00000000 0.00000000 0.00000000 0.69147962 0.00000000 0.00000000 0.30852044 0.00000000 0.00000000 0.00000000
8,10,10,MSP,scale_1.10,concat,0.20971715450286865,0.6476374827059791,0.030986160039901733,1.1733675803283727,0.1367224007844925,0.03345150500535965,1.323919965568799,1.6667685508728027,0.01292742 0.00000000 0.09913194 0.57060140 0.02065365 0.02219930 0.26810718 0.00000000 0.00000000 0.00637915
8,10,10,MSP,horizontal_flip,layer2_flat,0.20509637892246246,0.6404629246450765,0.046995922923088074,1.297253557086368,0.1740306168794632,0.07084562629461288,1.6865884843558623,2.558936595916748,0.04127216 0.00000000 0.08901591 0.33531040 0.00000000 0.07263711 0.22467940 0.02814056 0.04350113 0.16544327
8,10,10,MSP,horizontal_flip,layer3_flat,0.23593659698963165,0.6869302686439602,0.014769703149795532,1.0667808047276037,0.153802752494812,0.05736321955919266,1.5948102174747374,1.8805807828903198,0.00255261 0.00067035 0.11503815 0.52399945 0.00000000 0.01583133 0.22494498 0.00000000 0.10250605 0.01445709
8,10,10,MSP,horizontal_flip,layer4_pooled,0.1976332813501358,0.628702284631026,-0.08841060101985931,0.6909194481384087,0.01167652104049921,-0.023774134926497936,0.3293739064247532,1.1018035411834717,0.06196362 0.03468101 0.00000000 0.80042922 0.00710580 0.00000000 0.08351342 0.00000000 0.01230683 0.00000000
8,10,10,MSP,horizontal_flip,concat,0.21506863832473755,0.655848516541339,0.03633764386177063,1.2033091348859275,0.17062833905220032,0.06735744327306747,1.6522403312591933,2.260370969772339,0.02451707 0.00000000 0.09141308 0.42375261 0.00000000 0.03918903 0.25370997 0.00217384 0.05880002 0.10644443
9,10,10,BP,original,layer2_flat,0.40216389298439026,0.8968432337754355,0.0,1.0,0.23709803819656372,0.0,1.0,2.027568817138672,0.18985711 0.16766872 0.06338905 0.12290017 0.00000000 0.00000000 0.45618492 0.00000000 0.00000000 0.00000000
9,10,10,BP,original,layer3_flat,0.3992100656032562,0.893543581033691,0.0,1.0,0.22926819324493408,0.0,1.0,1.5509068965911865,0.01812295 0.14567344 0.00000000 0.36220556 0.00000000 0.00000000 0.47399801 0.00000000 0.00000000 0.00000000
9,10,10,BP,original,layer4_pooled,0.5091473460197449,1.0091058874268297,0.0,1.0,0.036753762513399124,0.0,1.0,-0.0,0.00000000 0.00000000 0.00000000 0.00000000 0.00000000 0.00000000 1.00000000 0.00000000 0.00000000 0.00000000
9,10,10,BP,original,concat,0.4007164537906647,0.8952278523266182,0.0,1.0,0.2403329461812973,0.0,1.0,1.7799828052520752,0.13232893 0.14447299 0.00000000 0.23001727 0.00000000 0.00000000 0.49318084 0.00000000 0.00000000 0.00000000
9,10,10,BP,rotate_-10,layer2_flat,0.40153560042381287,0.8961423998715973,-0.0006282925605773926,0.9984377201147687,0.23105336725711823,-0.006044670939445496,0.9745056054221388,1.9587774276733398,0.21403822 0.15127175 0.02368935 0.11746576 0.00000000 0.01115765 0.48237726 0.00000000 0.00000000 0.00000000
9,10,10,BP,rotate_-10,layer3_flat,0.41882336139678955,0.9152304206010523,0.019613295793533325,1.0491302636967483,0.25122275948524475,0.02195456624031067,1.0957593198144155,1.725990653038025,0.11686310 0.14941655 0.00000000 0.20460163 0.00000000 0.00000000 0.52911866 0.00000000 0.00000000 0.00000000
9,10,10,BP,rotate_-10,layer4_pooled,0.5266405344009399,1.026294825477494,0.01749318838119507,1.0343578111874954,0.10763116180896759,0.07087739929556847,2.92843927932006,-0.0,0.00000000 0.00000000 0.00000000 0.00000000 0.00000000 0.00000000 1.00000000 0.00000000 0.00000000 0.00000000
9,10,10,BP,rotate_-10,concat,0.4100258946418762,0.9055671092104397,0.009309440851211548,1.023231990508809,0.24242080748081207,0.0020878612995147705,1.0086873703030756,1.7619657516479492,0.17837992 0.14563173 0.00000000 0.15880153 0.00000000 0.00000000 0.51718682 0.00000000 0.00000000 0.00000000
9,10,10,BP,rotate_+10,layer2_flat,0.39858293533325195,0.8928414588640605,-0.0035809576511383057,0.9910957753453307,0.2351241558790207,-0.00197388231754303,0.9916748264450072,2.0727384090423584,0.19432427 0.17513287 0.04130311 0.11896872 0.00000000 0.01712964 0.45314139 0.00000000 0.00000000 0.00000000
9,10,10,BP,rotate_+10,layer3_flat,0.4045548737049103,0.8995052792562257,0.005344808101654053,1.013388460267313,0.23844394087791443,0.009175747632980347,1.0400218953317157,1.7245609760284424,0.08567682 0.15284698 0.00000000 0.26215044 0.00000000 0.00000000 0.49932575 0.00000000 0.00000000 0.00000000
9,10,10,BP,rotate_+10,layer4_pooled,0.5194348692893982,1.0192495958197856,0.01028752326965332,1.0202053950591234,0.09159805625677109,0.054844293743371964,2.492208960154364,0.27212291955947876,0.00000000 0.04668001 0.00000000 0.00000000 0.00000000 0.00000000 0.95331997 0.00000000 0.00000000 0.00000000
9,10,10,BP,rotate_+10,concat,0.40149545669555664,0.8960976026031502,0.0007790029048919678,1.0019440252515734,0.2399716079235077,-0.0003613382577896118,0.9984965096815501,1.7991440296173096,0.15911399 0.15929033 0.00000000 0.18724971 0.00000000 0.00000000 0.49434596 0.00000000 0.00000000 0.00000000
9,10,10,BP,scale_0.90,layer2_flat,0.35671189427375793,0.8446441786619475,-0.045451998710632324,0.8869814035933765,0.22501292824745178,-0.012085109949111938,0.9490290597046529,2.2806499004364014,0.18803371 0.17487502 0.07235738 0.09973653 0.00000000 0.06366002 0.40133739 0.00000000 0.00000000 0.00000000
9,10,10,BP,scale_0.90,layer3_flat,0.39349231123924255,0.8871215376026472,-0.005717754364013672,0.9856773291641354,0.23455460369586945,0.005286410450935364,1.0230577577120115,1.8525197505950928,0.08324456 0.20337918 0.00000000 0.21750592 0.00000000 0.00000000 0.47901294 0.00000000 0.01685741 0.00000000
9,10,10,BP,scale_0.90,layer4_pooled,0.6673659682273865,1.1553059925642093,0.1582186222076416,1.3107521298975702,0.07358736544847488,0.03683360293507576,2.0021723060501726,0.5606279373168945,0.00000000 0.13116625 0.00000000 0.00000000 0.00000000 0.00000000 0.86883378 0.00000000 0.00000000 0.00000000
9,10,10,BP,scale_0.90,concat,0.3734227418899536,0.8642022238920166,-0.02729371190071106,0.931887718504064,0.23368628323078156,-0.006646662950515747,0.9723439376244565,1.919525146484375,0.16495651 0.19453591 0.00357039 0.17132799 0.00000000 0.00667230 0.45876485 0.00000000 0.00017201 0.00000000
9,10,10,BP,scale_1.10,layer2_flat,0.386038213968277,0.8786787967946842,-0.01612567901611328,0.9599027180276994,0.23057128489017487,-0.006526753306388855,0.9724723436937492,2.0949866771698,0.20248556 0.16815579 0.08698597 0.10666877 0.00000000 0.00258294 0.43312103 0.00000000 0.00000000 0.00000000
9,10,10,BP,scale_1.10,layer3_flat,0.3907240331172943,0.8839955125647351,-0.008486032485961914,0.9787429395771442,0.24027132987976074,0.01100313663482666,1.0479924252860653,1.7086012363433838,0.05192003 0.16826628 0.00000000 0.35236150 0.00000000 0.00000000 0.42745218 0.00000000 0.00000000 0.00000000
9,10,10,BP,scale_1.10,layer4_pooled,0.5018831491470337,1.001881379352899,-0.007264196872711182,0.9857326235136357,0.04748847708106041,0.010734714567661285,1.2920711740316577,0.1251160353422165,0.00000000 0.00038869 0.00000000 0.00000000 0.00000000 0.00000000 0.98330581 0.01630548 0.00000000 0.00000000
9,10,10,BP,scale_1.10,concat,0.38836869597435,0.8813270629843951,-0.012347757816314697,0.9691857978391514,0.2424478679895401,0.002114921808242798,1.008799966221188,1.939754843711853,0.15147735 0.15594229 0.02121673 0.21320456 0.00000000 0.00000000 0.45815900 0.00000000 0.00000000 0.00000000
9,10,10,BP,horizontal_flip,layer2_flat,0.42009592056274414,0.916619790930508,0.017932027578353882,1.04458885516857,0.24931520223617554,0.012217164039611816,1.0515279001567772,2.0138721466064453,0.25237066 0.14853124 0.03359168 0.09102893 0.00000000 0.01885648 0.45562097 0.00000000 0.00000000 0.00000000
9,10,10,BP,horizontal_flip,layer3_flat,0.4028922915458679,0.897655046825748,0.0036822259426116943,1.0092237803098432,0.25229737162590027,0.023029178380966187,1.1004464599076025,1.695876121520996,0.01864170 0.19855320 0.00000000 0.31582272 0.01336149 0.00000000 0.45362094 0.00000000 0.00000000 0.00000000
9,10,10,BP,horizontal_flip,layer4_pooled,0.5089548826217651,1.0089151427367569,-0.00019246339797973633,0.9996219888024872,0.06589796394109726,0.029144201427698135,1.792958310493524,-0.0,0.00000000 0.00000000 0.00000000 0.00000000 0.00000000 0.00000000 1.00000000 0.00000000 0.00000000 0.00000000
9,10,10,BP,horizontal_flip,concat,0.41121363639831543,0.9068777606693368,0.010497182607650757,1.0261960358960163,0.2577395737171173,0.017406627535820007,1.0724271383192578,1.824155569076538,0.16860867 0.16478929 0.00000000 0.18826142 0.00000000 0.00000000 0.47834063 0.00000000 0.00000000 0.00000000
9,10,10,MSP,original,layer2_flat,0.2844755947589874,0.7542885320074638,0.0,1.0,0.15001952648162842,0.0,1.0,2.0714285373687744,0.12139422 0.19748697 0.07926314 0.09469335 0.00000000 0.02215338 0.48500898 0.00000000 0.00000000 0.00000000
9,10,10,MSP,original,layer3_flat,0.29441800713539124,0.7673565105417315,0.0,1.0,0.13783018290996552,0.0,1.0,1.469996690750122,0.00794232 0.16897000 0.00000000 0.26186982 0.00064604 0.00000000 0.56057185 0.00000000 0.00000000 0.00000000
9,10,10,MSP,original,layer4_pooled,0.37752822041511536,0.8689398372903793,0.0,1.0,0.023178910836577415,7.450580596923828e-09,1.0000003214380109,1.1302459239959717,0.00000000 0.06744432 0.00000000 0.24442674 0.00000000 0.00000000 0.68812889 0.00000000 0.00000000 0.00000000
9,10,10,MSP,original,concat,0.28947916626930237,0.7608931150553307,0.0,1.0,0.147991344332695,0.0,1.0,1.8024907112121582,0.06753685 0.17651904 0.01932128 0.18927746 0.00000000 0.00759921 0.53974617 0.00000000 0.00000000 0.00000000
9,10,10,MSP,rotate_-10,layer2_flat,0.30843958258628845,0.7854165551938518,0.023963987827301025,1.084239169435675,0.17291629314422607,0.022896766662597656,1.1526252428562958,2.028904914855957,0.15244134 0.17120646 0.03944638 0.07429352 0.00000000 0.05192198 0.51069033 0.00000000 0.00000000 0.00000000
9,10,10,MSP,rotate_-10,layer3_flat,0.3312411904335022,0.8139302063856608,0.03682318329811096,1.1250710975740432,0.16541939973831177,0.027589216828346252,1.2001681797532557,1.6184033155441284,0.13275449 0.17279108 0.00000000 0.07614645 0.00000000 0.01144932 0.60685867 0.00000000 0.00000000 0.00000000
9,10,10,MSP,rotate_-10,layer4_pooled,0.415708988904953,0.911821242245379,0.038180768489837646,1.101133548235823,0.01467045396566391,-0.008508449420332909,0.6329226936117228,0.48789992928504944,0.00000000 0.10605473 0.00000000 0.00000000 0.00000000 0.00000000 0.89394528 0.00000000 0.00000000 0.00000000
9,10,10,MSP,rotate_-10,concat,0.3196168541908264,0.7995209242925746,0.030137687921524048,1.104110041181281,0.17027099430561066,0.02227964997291565,1.1505469801171537,1.7761433124542236,0.14191703 0.17246534 0.00000000 0.08657914 0.00000000 0.03455570 0.56448281 0.00000000 0.00000000 0.00000000
9,10,10,MSP,rotate_+10,layer2_flat,0.3041609227657318,0.7799498993726864,0.019685328006744385,1.0691986531335067,0.1762913018465042,0.026271775364875793,1.1751223722727717,2.109327554702759,0.11394898 0.21421209 0.04830416 0.09938832 0.00000000 0.05228128 0.47186509 0.00000000 0.00000000 0.00000000
9,10,10,MSP,rotate_+10,layer3_flat,0.30824220180511475,0.7851652078449666,0.01382419466972351,1.0469543109953847,0.14887458086013794,0.011044397950172424,1.0801304744499018,1.739862322807312,0.08163139 0.14932430 0.01979972 0.13590005 0.00000000 0.01454094 0.59880352 0.00000000 0.00000000 0.00000000
9,10,10,MSP,rotate_+10,layer4_pooled,0.39846423268318176,0.892708499660647,0.020936012268066406,1.0554554895127854,0.022347504273056984,-0.0008313991129398346,0.9641312145333742,0.9727704524993896,0.02822050 0.20003065 0.00000000 0.00000000 0.00000000 0.00000000 0.76213211 0.00000000 0.00961667 0.00000000
9,10,10,MSP,rotate_+10,concat,0.3061549961566925,0.7825023912509054,0.016675829887390137,1.0576063213883207,0.1648419201374054,0.016850575804710388,1.1138619010495319,1.9121973514556885,0.09330324 0.17905635 0.02592286 0.12640645 0.00000000 0.03144045 0.54387063 0.00000000 0.00000000 0.00000000
9,10,10,MSP,scale_0.90,layer2_flat,0.28494203090667725,0.7549066576824942,0.00046643614768981934,1.0016396350206538,0.18620365858078003,0.03618413209915161,1.2411961492448889,2.282335042953491,0.13768022 0.21240063 0.08675405 0.07561724 0.00000000 0.08294067 0.40460721 0.00000000 0.00000000 0.00000000
9,10,10,MSP,scale_0.90,layer3_flat,0.30415672063827515,0.779944511665125,0.009738713502883911,1.0330778460108672,0.1635182946920395,0.025688111782073975,1.1863750830155089,1.8762458562850952,0.08130004 0.27555442 0.00000000 0.10541283 0.01983328 0.02028940 0.49761012 0.00000000 0.00000000 0.00000000
9,10,10,MSP,scale_0.90,layer4_pooled,0.49012184143066406,0.9900725644422878,0.1125936210155487,1.2982389525515388,0.02252754382789135,-0.0006513595581054688,0.9718986033450195,1.1761592626571655,0.00000000 0.34803349 0.00000000 0.04706433 0.00000000 0.00000000 0.60490221 0.00000000 0.00000000 0.00000000
9,10,10,MSP,scale_0.90,concat,0.2936801314353943,0.7663943259646359,0.004200965166091919,1.0145121502877663,0.1781122237443924,0.030120879411697388,1.20353135885961,2.0953781604766846,0.11092513 0.24186204 0.02301206 0.10332100 0.00533492 0.05469284 0.46085197 0.00000000 0.00000000 0.00000000
9,10,10,MSP,scale_1.10,layer2_flat,0.2759700119495392,0.7429266611847217,-0.008505582809448242,0.9701008347776743,0.15236887335777283,0.002349346876144409,1.0156602739071867,2.1740832328796387,0.13949995 0.19042158 0.09941887 0.08596295 0.00000000 0.03469041 0.45000622 0.00000000 0.00000000 0.00000000
9,10,10,MSP,scale_1.10,layer3_flat,0.2905493676662445,0.7622983243668381,-0.0038686394691467285,0.9868600446461329,0.1532229334115982,0.01539275050163269,1.1116790979779514,1.8395309448242188,0.04551490 0.17706142 0.01448675 0.23240463 0.00000000 0.02186036 0.50867194 0.00000000 0.00000000 0.00000000
9,10,10,MSP,scale_1.10,layer4_pooled,0.3682185709476471,0.8581591588366894,-0.009309649467468262,0.9753405203531352,0.028867347165942192,0.0056884437799453735,1.2454147068552237,1.2844213247299194,0.00000000 0.16156818 0.00000000 0.18946598 0.00000000 0.00000000 0.64896590 0.00000000 0.00000000 0.00000000
9,10,10,MSP,scale_1.10,concat,0.283146470785141,0.7525243793859984,-0.006332695484161377,0.9781238298916193,0.15572725236415863,0.007735908031463623,1.052272705990294,2.026132583618164,0.09394695 0.17712575 0.04725710 0.16562362 0.00000000 0.02240914 0.49363744 0.00000000 0.00000000 0.00000000
9,10,10,MSP,horizontal_flip,layer2_flat,0.34457504749298096,0.8301506459588898,0.06009945273399353,1.2112640023995715,0.22652077674865723,0.07650125026702881,1.5099419526289952,2.1857542991638184,0.19691703 0.18898597 0.02661386 0.09773380 0.00000000 0.03597709 0.43497992 0.00000000 0.01879238 0.00000000
9,10,10,MSP,horizontal_flip,layer3_flat,0.3268643021583557,0.8085348504033153,0.03244629502296448,1.1102048592018814,0.1980302929878235,0.06020011007785797,1.4367701529986765,1.8422311544418335,0.06433673 0.20530987 0.00000000 0.21380912 0.02642823 0.00000000 0.49011603 0.00000000 0.00000000 0.00000000
9,10,10,MSP,horizontal_flip,layer4_pooled,0.3928191065788269,0.8863623486800721,0.015290886163711548,1.0405026308943415,0.015345493331551552,-0.007833410054445267,0.6620457006244849,0.6801138520240784,0.00000000 0.02274338 0.00000000 0.11944403 0.00000000 0.00000000 0.85781264 0.00000000 0.00000000 0.00000000
9,10,10,MSP,horizontal_flip,concat,0.3354159891605377,0.8190433311620793,0.04593682289123535,1.158687837480994,0.21440322697162628,0.06641188263893127,1.4487551818516082,1.9022793769836426,0.14339343 0.19686386 0.00000000 0.17187905 0.01244099 0.00120026 0.47411761 0.00000000 0.00010479 0.00000000
10,10,10,BP,original,layer2_flat,0.43074581027030945,0.9281657290272136,0.0,1.0,0.20046107470989227,0.0,1.0,1.5057915449142456,0.16490535 0.21259364 0.00000000 0.03068150 0.00000000 0.00000000 0.59181952 0.00000000 0.00000000 0.00000000
10,10,10,BP,original,layer3_flat,0.3640291094779968,0.8532632764604332,0.0,1.0,0.15968380868434906,0.0,1.0,1.0274686813354492,0.01413502 0.22340916 0.00000000 0.02509949 0.00000000 0.00000000 0.73735631 0.00000000 0.00000000 0.00000000
10,10,10,BP,original,layer4_pooled,0.44055426120758057,0.9386738104449069,0.0,1.0,0.13635551929473877,0.0,1.0,-0.0,0.00000000 0.00000000 0.00000000 0.00000000 0.00000000 0.00000000 1.00000000 0.00000000 0.00000000 0.00000000
10,10,10,BP,original,concat,0.3922095000743866,0.8856743194587801,0.0,1.0,0.17909973859786987,1.4901161193847656e-08,1.0000000832003584,1.320663332939148,0.09152094 0.20401371 0.00000000 0.03046768 0.00000000 0.00000000 0.67399776 0.00000000 0.00000000 0.00000000
10,10,10,BP,rotate_-10,layer2_flat,0.422248899936676,0.9189656140864858,-0.008496910333633423,0.980273957097153,0.2046533226966858,0.004192247986793518,1.0209130275932106,1.5881242752075195,0.20004243 0.18350671 0.00000000 0.04508492 0.00000000 0.00000000 0.57022721 0.00000000 0.00113875 0.00000000
10,10,10,BP,rotate_-10,layer3_flat,0.367512971162796,0.8573365397121436,0.0034838616847991943,1.0095702832385722,0.1561584323644638,-0.003525376319885254,0.9779227690715226,1.068204641342163,0.02478074 0.19514066 0.00000000 0.03284527 0.00000000 0.00000000 0.74723327 0.00000000 0.00000000 0.00000000
10,10,10,BP,rotate_-10,layer4_pooled,0.44267773628234863,0.9409332986799316,0.0021234750747680664,1.004820008025669,0.12416154891252518,-0.012193970382213593,0.9105722273275471,-0.0,0.00000000 0.00000000 0.00000000 0.00000000 0.00000000 0.00000000 1.00000000 0.00000000 0.00000000 0.00000000
10,10,10,BP,rotate_-10,concat,0.39139798283576965,0.8847575745205798,-0.0008115172386169434,0.9979309087656955,0.1804366260766983,0.001336902379989624,1.0074645697513531,1.37898850440979,0.11447390 0.17302974 0.00000000 0.04309550 0.00000000 0.00000000 0.66940087 0.00000000 0.00000000 0.00000000
10,10,10,BP,rotate_+10,layer2_flat,0.4124496877193451,0.9082397125421736,-0.018296122550964355,0.9575245490154847,0.19112904369831085,-0.009332031011581421,0.9534471666130684,1.5811117887496948,0.18486440 0.19250269 0.00000000 0.03243808 0.00000000 0.00000000 0.58174521 0.00844961 0.00000000 0.00000000
10,10,10,BP,rotate_+10,layer3_flat,0.3617275059223175,0.8505615861562494,-0.0023016035556793213,0.9936774189323118,0.1483561247587204,-0.011327683925628662,0.9290617876734801,1.0619521141052246,0.02439975 0.20398968 0.00000000 0.02824669 0.00000000 0.00000000 0.74336386 0.00000000 0.00000000 0.00000000
10,10,10,BP,rotate_+10,layer4_pooled,0.44413164258003235,0.9424772067058517,0.0035773813724517822,1.0081201833404991,0.12207524478435516,-0.014280274510383606,0.895271752957712,-0.0,0.00000000 0.00000000 0.00000000 0.00000000 0.00000000 0.00000000 1.00000000 0.00000000 0.00000000 0.00000000
10,10,10,BP,rotate_+10,concat,0.3841821253299713,0.8765638885215057,-0.008027374744415283,0.9795329415965898,0.17003761231899261,-0.009062111377716064,0.9494018684640103,1.3529514074325562,0.10855355 0.18369317 0.00000000 0.03550401 0.00000000 0.00000000 0.67224926 0.00000000 0.00000000 0.00000000
10,10,10,BP,scale_0.90,layer2_flat,0.35601699352264404,0.8438210634046107,-0.0747288167476654,0.8265129573736382,0.19005177915096283,-0.010409295558929443,0.9480732328012215,1.9276458024978638,0.22224310 0.19064255 0.00000000 0.06140114 0.00000000 0.05518275 0.47053042 0.00000000 0.00000000 0.00000000
10,10,10,BP,scale_0.90,layer3_flat,0.3424290120601654,0.8275614926519544,-0.02160009741783142,0.9406638182074347,0.17221106588840485,0.012527257204055786,1.078450390851713,1.4847956895828247,0.05333577 0.28769004 0.00000000 0.07797158 0.00000000 0.00000000 0.58100259 0.00000000 0.00000000 0.00000000
10,10,10,BP,scale_0.90,layer4_pooled,0.4542086720466614,0.9531093033295409,0.01365441083908081,1.0309937096093962,0.099205382168293,-0.03715013712644577,0.7275494434085094,-0.0,0.00000000 0.00000000 0.00000000 0.00000000 0.00000000 0.00000000 1.00000000 0.00000000 0.00000000 0.00000000
10,10,10,BP,scale_0.90,concat,0.34869804978370667,0.8351024485459334,-0.04351145029067993,0.8890606926086273,0.18329650163650513,0.004196777939796448,1.0234326321289022,1.6774667501449585,0.15363283 0.23840593 0.00000000 0.07677664 0.00000000 0.00000000 0.53118461 0.00000000 0.00000000 0.00000000
10,10,10,BP,scale_1.10,layer2_flat,0.42708349227905273,0.9242115475139366,-0.003662317991256714,0.991497728117309,0.1997670978307724,-0.000693976879119873,0.9965380965849817,1.5232703685760498,0.16927500 0.20177406 0.00000000 0.03694833 0.00000000 0.00000000 0.59200269 0.00000000 0.00000000 0.00000000
10,10,10,BP,scale_1.10,layer3_flat,0.3620845675468445,0.8509812777574421,-0.0019445419311523438,0.9946582790207755,0.15616272389888763,-0.0035210847854614258,0.9779496442723282,1.017626166343689,0.00579593 0.23497102 0.00000000 0.02991997 0.00000000 0.00000000 0.72931314 0.00000000 0.00000000 0.00000000
10,10,10,BP,scale_1.10,layer4_pooled,0.44183725118637085,0.9400396280863599,0.0012829899787902832,1.0029122178395702,0.13178381323814392,-0.004571706056594849,0.9664721598347672,-0.0,0.00000000 0.00000000 0.00000000 0.00000000 0.00000000 0.00000000 1.00000000 0.00000000 0.00000000 0.00000000
10,10,10,BP,scale_1.10,concat,0.39023447036743164,0.883441532154145,-0.001975029706954956,0.9949643501583328,0.17734242975711823,-0.001757293939590454,0.9901881817385911,1.3415868282318115,0.09113781 0.20428205 0.00000000 0.03542438 0.00000000 0.00000000 0.66915584 0.00000000 0.00000000 0.00000000
10,10,10,BP,horizontal_flip,layer2_flat,0.4512898623943329,0.9500419594884564,0.020544052124023438,1.0476941426570896,0.21519352495670319,0.014732450246810913,1.0734928228238736,1.5811879634857178,0.11988236 0.23455863 0.00000000 0.03244058 0.00000000 0.02068042 0.59243804 0.00000000 0.00000000 0.00000000
10,10,10,BP,horizontal_flip,layer3_flat,0.36608725786209106,0.8556719673590938,0.0020581483840942383,1.0056538016617405,0.15842542052268982,-0.0012583881616592407,0.9921195005804324,0.7527550458908081,0.00000000 0.20932131 0.00000000 0.00115794 0.00000000 0.00000000 0.78952086 0.00000000 0.00000000 0.00000000
10,10,10,BP,horizontal_flip,layer4_pooled,0.44160911440849304,0.9397969082823087,0.0010548532009124756,1.0023943774780857,0.14598232507705688,0.009626805782318115,1.0706007782599452,-0.0,0.00000000 0.00000000 0.00000000 0.00000000 0.00000000 0.00000000 1.00000000 0.00000000 0.00000000 0.00000000
10,10,10,BP,horizontal_flip,concat,0.4010257422924042,0.8955732714774421,0.008816242218017578,1.022478400488318,0.18471172451972961,0.005612000823020935,1.0313345029637961,1.2161697149276733,0.05898819 0.21376044 0.00000000 0.02674850 0.00000000 0.00000000 0.70050287 0.00000000 0.00000000 0.00000000
10,10,10,MSP,original,layer2_flat,0.27906566858291626,0.7470818811655336,0.0,1.0,0.12321019172668457,0.0,1.0,1.554396629333496,0.11979012 0.28021622 0.00000000 0.03062449 0.00000000 0.00735625 0.56201285 0.00000000 0.00000000 0.00000000
10,10,10,MSP,original,layer3_flat,0.28114569187164307,0.7498609095980975,0.0,1.0,0.09809385985136032,7.450580596923828e-09,1.0000000759535936,1.1898143291473389,0.18573609 0.12245048 0.00000000 0.00000000 0.00000000 0.00000000 0.69181335 0.00000000 0.00000000 0.00000000
10,10,10,MSP,original,layer4_pooled,0.3574838936328888,0.84555767826079,0.0,1.0,0.047617342323064804,0.0,1.0,-0.0,0.00000000 0.00000000 0.00000000 0.00000000 0.00000000 0.00000000 1.00000000 0.00000000 0.00000000 0.00000000
10,10,10,MSP,original,concat,0.28033915162086487,0.7487845506163503,0.0,1.0,0.11049949377775192,7.450580596923828e-09,1.0000000674263823,1.2851563692092896,0.15463661 0.19471614 0.00000000 0.00047545 0.00000000 0.00000000 0.65017188 0.00000000 0.00000000 0.00000000
10,10,10,MSP,rotate_-10,layer2_flat,0.2908894419670105,0.7627443109810922,0.011823773384094238,1.042369143592949,0.14661401510238647,0.023403823375701904,1.1899503851712878,1.6712770462036133,0.17089617 0.23233879 0.00000000 0.01650953 0.00000000 0.02325233 0.55031037 0.00000000 0.00669281 0.00000000
10,10,10,MSP,rotate_-10,layer3_flat,0.2865085303783417,0.7569789037725446,0.005362838506698608,1.019074944634499,0.09704205393791199,-0.0010517984628677368,0.9892776311958907,1.1230677366256714,0.18365206 0.09898184 0.00000000 0.00000000 0.00000000 0.00000000 0.71736610 0.00000000 0.00000000 0.00000000
10,10,10,MSP,rotate_-10,layer4_pooled,0.35534530878067017,0.8430246838387001,-0.002138584852218628,0.99401767494899,0.037766944617033005,-0.0098503977060318,0.793134240063339,-0.0,0.00000000 0.00000000 0.00000000 0.00000000 0.00000000 0.00000000 1.00000000 0.00000000 0.00000000 0.00000000
10,10,10,MSP,rotate_-10,concat,0.288473516702652,0.7595702952362632,0.00813436508178711,1.0290161578742278,0.1208193302154541,0.010319843888282776,1.093392686529184,1.3056143522262573,0.18273988 0.15836877 0.00000000 0.00464584 0.00000000 0.00000000 0.65424550 0.00000000 0.00000000 0.00000000
10,10,10,MSP,rotate_+10,layer2_flat,0.2858712077140808,0.7561365058163517,0.006805539131164551,1.0243868734040213,0.14298152923583984,0.019771337509155273,1.1604683608710982,1.6493136882781982,0.15174213 0.26245210 0.00000000 0.05056406 0.00000000 0.00000000 0.53184706 0.00000000 0.00339468 0.00000000
10,10,10,MSP,rotate_+10,layer3_flat,0.278767853975296,0.7466831375828652,-0.002377837896347046,0.9915423285325525,0.09289983659982681,-0.005194015800952911,0.9470505472689675,1.1599149703979492,0.16015616 0.13127047 0.00000000 0.00000000 0.00000000 0.00000000 0.70857340 0.00000000 0.00000000 0.00000000
10,10,10,MSP,rotate_+10,layer4_pooled,0.35446351766586304,0.841978049198271,-0.003020375967025757,0.9915510152462449,0.0359857976436615,-0.011631544679403305,0.7557288140895472,-0.0,0.00000000 0.00000000 0.00000000 0.00000000 0.00000000 0.00000000 1.00000000 0.00000000 0.00000000 0.00000000
10,10,10,MSP,rotate_+10,concat,0.2819654941558838,0.7509533862442912,0.001626342535018921,1.0058013392906768,0.11710576713085175,0.00660628080368042,1.0597856245599233,1.4158217906951904,0.15612930 0.18315676 0.00000000 0.02510280 0.00000000 0.00000000 0.63561112 0.00000000 0.00000000 0.00000000
10,10,10,MSP,scale_0.90,layer2_flat,0.24563303589820862,0.7009037535899043,-0.03343263268470764,0.8801979732786289,0.1481742560863495,0.024964064359664917,1.20261363130446,1.9965755939483643,0.18064874 0.25504407 0.00000000 0.06285443 0.00000000 0.06964342 0.43125689 0.00000000 0.00055246 0.00000000
10,10,10,MSP,scale_0.90,layer3_flat,0.26158955693244934,0.7233112150830365,-0.019556134939193726,0.930441278296192,0.11282683908939362,0.014732986688613892,1.150192762623589,1.5812911987304688,0.25092840 0.21746576 0.00000000 0.01884711 0.00000000 0.00000000 0.51275873 0.00000000 0.00000000 0.00000000
10,10,10,MSP,scale_0.90,layer4_pooled,0.3431512117385864,0.8284337170088943,-0.014332681894302368,0.9599067758029375,0.02829868718981743,-0.019318655133247375,0.5942937133750085,0.43703874945640564,0.00000000 0.09017050 0.00000000 0.00000000 0.00000000 0.00000000 0.90982944 0.00000000 0.00000000 0.00000000
10,10,10,MSP,scale_0.90,concat,0.2543451488018036,0.7132252782982437,-0.02599400281906128,0.9072765874167898,0.1303219199180603,0.019822433590888977,1.179389373195985,1.7172110080718994,0.22349328 0.25048766 0.00000000 0.05247370 0.00000000 0.00000000 0.47354540 0.00000000 0.00000000 0.00000000
10,10,10,MSP,scale_1.10,layer2_flat,0.28832870721817017,0.7593796247176641,0.009263038635253906,1.0331930426349398,0.14158399403095245,0.018373802304267883,1.1491256692861667,1.6640124320983887,0.12884308 0.25842574 0.00000000 0.04506121 0.00000000 0.01763953 0.55003047 0.00000000 0.00000000 0.00000000
10,10,10,MSP,scale_1.10,layer3_flat,0.27993178367614746,0.7482403139047608,-0.0012139081954956055,0.9956822806445652,0.09791024774312973,-0.0001836046576499939,0.9981282755936838,1.2024714946746826,0.16262706 0.14730096 0.00000000 0.00000000 0.00000000 0.00000000 0.69007194 0.00000000 0.00000000 0.00000000
10,10,10,MSP,scale_1.10,layer4_pooled,0.356094092130661,0.8439124268911568,-0.0013898015022277832,0.996112268197316,0.04365163668990135,-0.003965705633163452,0.9167171992469797,-0.0,0.00000000 0.00000000 0.00000000 0.00000000 0.00000000 0.00000000 1.00000000 0.00000000 0.00000000 0.00000000
10,10,10,MSP,scale_1.10,concat,0.2836258113384247,0.7531610868047083,0.0032866597175598145,1.0117238698146345,0.1184142678976059,0.00791478157043457,1.071627315505599,1.3720933198928833,0.15031534 0.19847977 0.00000000 0.01356433 0.00000000 0.00000000 0.63764054 0.00000000 0.00000000 0.00000000
10,10,10,MSP,horizontal_flip,layer2_flat,0.3221370577812195,0.8026668770806722,0.04307138919830322,1.1543414115282027,0.1658477783203125,0.04263758659362793,1.346055679288806,1.633357286453247,0.05671350 0.24211392 0.00000000 0.02671068 0.00000000 0.05620202 0.60337996 0.00000000 0.01487987 0.00000000
10,10,10,MSP,horizontal_flip,layer3_flat,0.28962334990501404,0.7610825840932297,0.008477658033370972,1.0301539674213158,0.10751651972532272,0.009422667324543,1.0960576742969474,1.0648455619812012,0.10971926 0.14288990 0.00000000 0.00000000 0.00000000 0.00000000 0.74739087 0.00000000 0.00000000 0.00000000
10,10,10,MSP,horizontal_flip,layer4_pooled,0.35998719930648804,0.8485130515277747,0.002503305673599243,1.0070025691175977,0.05554463341832161,0.007927291095256805,1.1664790748149445,-0.0,0.00000000 0.00000000 0.00000000 0.00000000 0.00000000 0.00000000 1.00000000 0.00000000 0.00000000 0.00000000
10,10,10,MSP,horizontal_flip,concat,0.30299508571624756,0.7784537053881208,0.02265593409538269,1.0808161612971638,0.13378378748893738,0.023284301161766052,1.210718637122115,1.2114924192428589,0.09585377 0.20015003 0.00000000 0.00848013 0.00000000 0.00000000 0.69551605 0.00000000 0.00000000 0.00000000
11,10,10,BP,original,layer2_flat,0.21965734660625458,0.6628081873457126,0.0,1.0,0.18394148349761963,2.9802322387695312e-08,1.0000001620206962,2.4194412231445312,0.08483908 0.00000000 0.13091645 0.28056878 0.00268105 0.21239112 0.23303752 0.00000000 0.00000000 0.05556601
11,10,10,BP,original,layer3_flat,0.24838578701019287,0.7048202423457954,0.0,1.0,0.17868195474147797,1.4901161193847656e-08,1.0000000833948928,2.16497540473938,0.01945363 0.02210755 0.11062695 0.41756079 0.04405591 0.10556507 0.28063014 0.00000000 0.00000000 0.00000000
11,10,10,BP,original,layer4_pooled,0.38778334856033325,0.8806626466023562,0.0,1.0,0.054739054292440414,-1.1175870895385742e-08,0.9999997958337287,0.8381091356277466,0.00000000 0.00000000 0.00000000 0.73232460 0.00000000 0.00000000 0.26767543 0.00000000 0.00000000 0.00000000
11,10,10,BP,original,concat,0.22995437681674957,0.6781657272625174,0.0,1.0,0.1848563253879547,0.0,1.0,2.2474379539489746,0.06332264 0.00000000 0.12951268 0.34662884 0.01636498 0.16483586 0.27296683 0.00000000 0.00000000 0.00636814
11,10,10,BP,rotate_-10,layer2_flat,0.2515093684196472,0.709238138314131,0.03185202181339264,1.145007769170333,0.2052910476922989,0.021349593997001648,1.1160673332083784,2.4886903762817383,0.15834609 0.00000000 0.10786129 0.19433774 0.00000000 0.16016448 0.28418919 0.00000000 0.00000000 0.09510124
11,10,10,BP,rotate_-10,layer3_flat,0.24835485219955444,0.70477635062416,-3.0934810638427734e-05,0.999875456599145,0.17844216525554657,-0.00023977458477020264,0.9986580927821629,2.1163218021392822,0.02491526 0.01676526 0.17365111 0.40725562 0.02723595 0.06700493 0.28317189 0.00000000 0.00000000 0.00000000
11,10,10,BP,rotate_-10,layer4_pooled,0.40183645486831665,0.8964780587034092,0.014053106307983398,1.0362395816120524,0.06850219517946243,0.013763129711151123,1.2514315798625981,0.8515834212303162,0.00000000 0.00000000 0.00000000 0.72281742 0.00000000 0.00000000 0.27718261 0.00000000 0.00000000 0.00000000
11,10,10,BP,rotate_-10,concat,0.25032123923301697,0.7075609362210677,0.020366862416267395,1.088569144445592,0.19987305998802185,0.015016734600067139,1.081234626775527,2.33840274810791,0.11100095 0.00000000 0.13682707 0.28785104 0.00000000 0.11545639 0.30619651 0.00000000 0.00000000 0.04266803
11,10,10,BP,rotate_+10,layer2_flat,0.2642541825771332,0.7269858080831195,0.0445968359708786,1.203029111749298,0.2098250836133957,0.02588362991809845,1.1407166758659768,2.4559760093688965,0.12392539 0.03059657 0.08315799 0.23039088 0.00504508 0.20019415 0.30577964 0.00000000 0.00000000 0.02091029
11,10,10,BP,rotate_+10,layer3_flat,0.2728002667427063,0.7386477736278724,0.024414479732513428,1.0982925795645997,0.19204649329185486,0.013364553451538086,1.0747952113314128,2.28615665435791,0.04496428 0.05177612 0.05245226 0.38587555 0.08163425 0.08102763 0.30226994 0.00000000 0.00000000 0.00000000
11,10,10,BP,rotate_+10,layer4_pooled,0.49403730034828186,0.9940194166597369,0.10625395178794861,1.2740033892175828,0.06633101403713226,0.011591948568820953,1.2117673816576175,0.9719958305358887,0.00000000 0.00000000 0.00000000 0.59819639 0.00000000 0.00000000 0.40180364 0.00000000 0.00000000 0.00000000
11,10,10,BP,rotate_+10,concat,0.26739946007728577,0.7312994736457641,0.037445083260536194,1.162837010448439,0.2068154215812683,0.0219590961933136,1.1187900719497137,2.3509206771850586,0.10011097 0.03138728 0.07345389 0.29358980 0.02378359 0.14973325 0.32794124 0.00000000 0.00000000 0.00000000
11,10,10,BP,scale_0.90,layer2_flat,0.2677571773529053,0.7317884630860277,0.048099830746650696,1.2189766538182434,0.2206917703151703,0.03675031661987305,1.1997935532278161,2.396311044692993,0.21841794 0.00416429 0.03931370 0.20015946 0.00000000 0.19974506 0.27123865 0.00000000 0.00000000 0.06696084
11,10,10,BP,scale_0.90,layer3_flat,0.2560473680496216,0.7156079485998204,0.007661581039428711,1.0308454889131133,0.18625201284885406,0.0075700730085372925,1.0423661899756635,2.275019884109497,0.08541647 0.02036872 0.11138339 0.39025465 0.03829283 0.07527551 0.27900848 0.00000000 0.00000000 0.00000000
11,10,10,BP,scale_0.90,layer4_pooled,0.5585416555404663,1.05692162012182,0.17075830698013306,1.440344608951473,0.11340998858213425,0.05867092311382294,2.071829097022418,1.1858365535736084,0.04116003 0.00000000 0.00000000 0.56193048 0.00000000 0.00000000 0.39690951 0.00000000 0.00000000 0.00000000
11,10,10,BP,scale_0.90,concat,0.26365870237350464,0.7261662376804703,0.033704325556755066,1.1465696196922897,0.21334657073020935,0.02849024534225464,1.1541210195664582,2.2440590858459473,0.17405157 0.00046088 0.08732247 0.29095468 0.00000000 0.14688918 0.29351750 0.00000000 0.00000000 0.00680368
11,10,10,BP,scale_1.10,layer2_flat,0.2530724108219147,0.7114385578838339,0.033415064215660095,1.1521235903637037,0.20709291100502014,0.0231514573097229,1.1258631855109067,2.38671875,0.06502104 0.00000000 0.17607436 0.20042999 0.01041982 0.20975170 0.30587277 0.00000000 0.00000000 0.03243031
11,10,10,BP,scale_1.10,layer3_flat,0.2740802764892578,0.7403786551343277,0.02569448947906494,1.1034458927310002,0.19292443990707397,0.014242500066757202,1.0797086716173196,2.113903522491455,0.01030961 0.02521388 0.10797122 0.38729966 0.03402898 0.10501433 0.33016235 0.00000000 0.00000000 0.00000000
11,10,10,BP,scale_1.10,layer4_pooled,0.4018145799636841,0.8964536574343195,0.01403123140335083,1.0361831714935836,0.04626233130693436,-0.008476734161376953,0.8451428776012021,0.9090571999549866,0.00000000 0.00000000 0.00000000 0.67564255 0.00000000 0.00000000 0.32435745 0.00000000 0.00000000 0.00000000
11,10,10,BP,scale_1.10,concat,0.260774701833725,0.7221837741651704,0.030820325016975403,1.1340279991339415,0.2054394632577896,0.0205831378698349,1.1113466787058872,2.1739988327026367,0.04695144 0.00000000 0.15235488 0.28277388 0.01319096 0.16266851 0.34206027 0.00000000 0.00000000 0.00000000
11,10,10,BP,horizontal_flip,layer2_flat,0.22775274515151978,0.6749114684927494,0.008095398545265198,1.0368546678283412,0.19149574637413025,0.007554292678833008,1.0410690060724745,2.3773553371429443,0.16514046 0.00000000 0.16848968 0.28511292 0.00254487 0.15082876 0.21297127 0.00000000 0.00000000 0.01491208
11,10,10,BP,horizontal_flip,layer3_flat,0.24615949392318726,0.7016544647092147,-0.0022262930870056152,0.9910369545947277,0.16802798211574554,-0.010653957724571228,0.940374736618414,2.002851963043213,0.16246997 0.01000311 0.12511086 0.36263072 0.00000000 0.01211552 0.32766980 0.00000000 0.00000000 0.00000000
11,10,10,BP,horizontal_flip,layer4_pooled,0.362517386674881,0.8514897376655587,-0.02526596188545227,0.9348451603732126,0.0449647456407547,-0.00977431982755661,0.8214379484970118,0.9617539644241333,0.00936113 0.00000000 0.00000000 0.68318170 0.00000000 0.00000000 0.30745718 0.00000000 0.00000000 0.00000000
11,10,10,BP,horizontal_flip,concat,0.23432588577270508,0.6845814572024356,0.004371508955955505,1.0190103315990378,0.18575529754161835,0.0008989721536636353,1.004863085706005,2.1707515716552734,0.15897880 0.00000000 0.14529261 0.33020461 0.00000000 0.08502758 0.28049636 0.00000000 0.00000000 0.00000000
11,10,10,MSP,original,layer2_flat,0.16434043645858765,0.573306962208881,0.0,1.0,0.1199849396944046,-1.4901161193847656e-08,0.9999998758080857,1.969622254371643,0.02965748 0.00000000 0.07701601 0.52518916 0.00000000 0.16379912 0.17191380 0.00566622 0.00000000 0.02675824
11,10,10,MSP,original,layer3_flat,0.18697954714298248,0.6115219491448897,0.0,1.0,0.09382645785808563,0.0,1.0,1.7048375606536865,0.07096222 0.08293666 0.02358309 0.64565182 0.00000000 0.05577401 0.12109226 0.00000000 0.00000000 0.00000000
11,10,10,MSP,original,layer4_pooled,0.27428022027015686,0.7406486620120999,0.0,1.0,0.046104129403829575,3.725290298461914e-09,1.000000080801669,1.4108928442001343,0.11403670 0.09356251 0.00000000 0.67957085 0.00000000 0.00000000 0.11282993 0.00000000 0.00000000 0.00000000
11,10,10,MSP,original,concat,0.17245298624038696,0.58728695922928,0.0,1.0,0.11197783797979355,0.0,1.0,1.7534153461456299,0.05426130 0.00000000 0.05925553 0.58865869 0.00000000 0.12876885 0.16645610 0.00000000 0.00000000 0.00259947
11,10,10,MSP,rotate_-10,layer2_flat,0.20445139706134796,0.639455075922223,0.040110960602760315,1.2440723748024356,0.1571911871433258,0.03720623254776001,1.3100908165766387,2.242981195449829,0.08642612 0.00000000 0.05793554 0.40036830 0.00000000 0.16949539 0.22111873 0.00000000 0.00000000 0.06465591
11,10,10,MSP,rotate_-10,layer3_flat,0.19558046758174896,0.6254286011716269,0.00860092043876648,1.0459992580479585,0.1090053915977478,0.01517893373966217,1.1617766894968882,1.7285830974578857,0.05046329 0.09008349 0.11189362 0.62358177 0.00000000 0.00898222 0.11499556 0.00000000 0.00000000 0.00000000
11,10,10,MSP,rotate_-10,layer4_pooled,0.2813621461391449,0.7501495132827121,0.007081925868988037,1.0258200385794745,0.04737793654203415,0.001273810863494873,1.0276289994598071,1.3462069034576416,0.07569308 0.14378859 0.00000000 0.69702864 0.00000000 0.00000000 0.08348966 0.00000000 0.00000000 0.00000000
11,10,10,MSP,rotate_-10,concat,0.20108027756214142,0.6341613005571082,0.028627291321754456,1.1660005543869452,0.1422407627105713,0.03026292473077774,1.2702581624764753,2.0758166313171387,0.07742467 0.00902455 0.08054160 0.50781542 0.00000000 0.10494059 0.19349650 0.00000000 0.00000000 0.02675662
11,10,10,MSP,rotate_+10,layer2_flat,0.20899958908557892,0.6465285594396878,0.04465915262699127,1.2717478034565963,0.15304680168628693,0.03306184709072113,1.275549940422842,2.0936293601989746,0.06333992 0.03911222 0.05650076 0.45144528 0.00000000 0.15299134 0.23661053 0.00000000 0.00000000 0.00000000
11,10,10,MSP,rotate_+10,layer3_flat,0.210439532995224,0.6487519294695376,0.023459985852241516,1.1254681927011851,0.11138547956943512,0.017559021711349487,1.1871436065264311,1.845147728919983,0.08423430 0.09526683 0.00000000 0.58764797 0.01815711 0.06430313 0.15039062 0.00000000 0.00000000 0.00000000
11,10,10,MSP,rotate_+10,layer4_pooled,0.35488787293434143,0.8424818964634687,0.08060765266418457,1.2938879536573757,0.05728422850370407,0.011180102825164795,1.242496797420593,1.3632235527038574,0.00000000 0.18741949 0.00000000 0.60434055 0.00000000 0.00000000 0.20823999 0.00000000 0.00000000 0.00000000
11,10,10,MSP,rotate_+10,concat,0.2095385193824768,0.6473615981543496,0.037085533142089844,1.215047207649859,0.13932543992996216,0.02734760195016861,1.244223343148126,1.919944405555725,0.07991856 0.06650097 0.00581087 0.52259666 0.00000000 0.12029947 0.20487343 0.00000000 0.00000000 0.00000000
11,10,10,MSP,scale_0.90,layer2_flat,0.2072172462940216,0.6437658678339845,0.04287680983543396,1.2609023728982103,0.1643161177635193,0.04433116316795349,1.369472683612803,2.3391165733337402,0.10368695 0.02053290 0.06737962 0.40312040 0.00000000 0.18129170 0.17788246 0.00000000 0.00000000 0.04610589
11,10,10,MSP,scale_0.90,layer3_flat,0.19109047949314117,0.618207860663614,0.004110932350158691,1.0219860001425347,0.10285929590463638,0.00903283804655075,1.0962717580164523,1.8078374862670898,0.09518755 0.10112890 0.03534920 0.62516546 0.00794773 0.03441441 0.10080677 0.00000000 0.00000000 0.00000000
11,10,10,MSP,scale_0.90,layer4_pooled,0.39559492468833923,0.8894885324593446,0.12131470441818237,1.442302052617025,0.07399274408817291,0.027888618409633636,1.604905049137727,1.304993748664856,0.00000000 0.24001093 0.00000000 0.62632334 0.00000000 0.00000000 0.13366571 0.00000000 0.00000000 0.00000000
11,10,10,MSP,scale_0.90,concat,0.20155765116214752,0.6349136180019256,0.02910466492176056,1.1687686920133815,0.14574556052684784,0.03376772254705429,1.3015571934229175,2.0628371238708496,0.09851878 0.05092525 0.06034075 0.52084434 0.00000000 0.11400010 0.15477894 0.00000000 0.00000000 0.00059188
11,10,10,MSP,scale_1.10,layer2_flat,0.20747964084148407,0.6441733320178414,0.04313920438289642,1.2624990252688335,0.15762147307395935,0.037636518478393555,1.3136769822928347,2.026545286178589,0.02337225 0.01963854 0.07800518 0.41472322 0.00136044 0.18194707 0.28095344 0.00000000 0.00000000 0.00000000
11,10,10,MSP,scale_1.10,layer3_flat,0.21620218455791473,0.6575746110638925,0.02922263741493225,1.156287882077442,0.11714564263820648,0.02331918478012085,1.2485352779185488,1.772505760192871,0.05743494 0.10890272 0.00570036 0.58635718 0.00000000 0.06180551 0.17979932 0.00000000 0.00000000 0.00000000
11,10,10,MSP,scale_1.10,layer4_pooled,0.29292115569114685,0.7654033651495751,0.01864093542098999,1.0679631050411194,0.058775320649147034,0.012671194970607758,1.274838635021142,1.5178306102752686,0.08640217 0.09011244 0.00000000 0.61704278 0.00000000 0.00000000 0.20644256 0.00000000 0.00000000 0.00000000
11,10,10,MSP,scale_1.10,concat,0.21067988872528076,0.649122313166449,0.0382269024848938,1.221665645333544,0.14487868547439575,0.0329008474946022,1.2938157057492516,1.9790860414505005,0.03687711 0.05825873 0.04003888 0.49263972 0.00000000 0.12717769 0.24500790 0.00000000 0.00000000 0.00000000
11,10,10,MSP,horizontal_flip,layer2_flat,0.19523897767066956,0.6248823532004557,0.03089854121208191,1.1880154505959344,0.1491917371749878,0.029206782579421997,1.2434203744763341,2.0049097537994385,0.10823980 0.00000000 0.09419419 0.50773907 0.00000000 0.07350582 0.19942068 0.00000000 0.01690036 0.00000000
11,10,10,MSP,horizontal_flip,layer3_flat,0.2138807773590088,0.6540348268387682,0.026901230216026306,1.1438725819317082,0.12797857820987701,0.03415212035179138,1.3639924295456527,1.9338171482086182,0.18184198 0.06487063 0.00000000 0.48590142 0.00000000 0.00000000 0.21810125 0.00798162 0.00000000 0.04130309
11,10,10,MSP,horizontal_flip,layer4_pooled,0.2598458230495453,0.7208964184257615,-0.014434397220611572,0.9473735393447564,0.06615854054689407,0.020054414868354797,1.4349809170604189,1.4491419792175293,0.28413761 0.00000000 0.00000000 0.53218389 0.00000000 0.00000000 0.18367852 0.00000000 0.00000000 0.00000000
11,10,10,MSP,horizontal_flip,concat,0.20189020037651062,0.635437172939246,0.029437214136123657,1.170697039104441,0.1433068811893463,0.031329043209552765,1.2797789613952568,1.9615209102630615,0.15374263 0.00894418 0.05581047 0.51149660 0.00000000 0.03166837 0.21585903 0.00000000 0.00000000 0.02247870
12,10,10,BP,original,layer2_flat,0.3443000316619873,0.8298192955842704,0.0,1.0,0.24005226790905,0.0,1.0,2.4471068382263184,0.10780424 0.15810771 0.08942922 0.18249159 0.00000000 0.13757047 0.32459673 0.00000000 0.00000000 0.00000000
12,10,10,BP,original,layer3_flat,0.35282373428344727,0.8400282546241492,0.0,1.0,0.24105636775493622,2.9802322387695312e-08,1.0000001236321876,1.9293214082717896,0.03417671 0.04345526 0.02256280 0.35880074 0.00000000 0.12735993 0.41301286 0.00000000 0.00063171 0.00000000
12,10,10,BP,original,layer4_pooled,0.39134934544563293,0.8847026002512177,0.0,1.0,0.1016867607831955,7.450580596923828e-09,1.000000073269923,1.2031364440917969,0.00000000 0.15936711 0.00000000 0.00000000 0.10349901 0.00000000 0.71991730 0.01721654 0.00000000 0.00000000
12,10,10,BP,original,concat,0.3482382893562317,0.8345517232098101,0.0,1.0,0.24516960978507996,1.4901161193847656e-08,1.0000000607789934,2.2187976837158203,0.07596037 0.08768118 0.04926981 0.26775751 0.00000000 0.12562883 0.39370230 0.00000000 0.00000000 0.00000000
12,10,10,BP,rotate_-10,layer2_flat,0.3512662649154663,0.8381721361575631,0.006966233253479004,1.020233031114844,0.23813480138778687,-0.0019174665212631226,0.9920122957472678,2.3780715465545654,0.17692402 0.14401655 0.03258496 0.17915973 0.00000000 0.14286941 0.32444528 0.00000000 0.00000000 0.00000000
12,10,10,BP,rotate_-10,layer3_flat,0.35411176085472107,0.8415601711758002,0.0012880265712738037,1.0036506233739804,0.2458685040473938,0.004812166094779968,1.0199628275100818,2.053318500518799,0.09226234 0.08692912 0.00000000 0.29154503 0.01097859 0.09092832 0.42726898 0.00000000 0.00008769 0.00000000
12,10,10,BP,rotate_-10,layer4_pooled,0.44040754437446594,0.9385174951746674,0.04905819892883301,1.1253565375785788,0.1266762912273407,0.0249895378947258,1.2457501796004822,0.892562747001648,0.00000000 0.27031043 0.00000000 0.00000000 0.00000000 0.00000000 0.72362065 0.00606884 0.00000000 0.00000000
12,10,10,BP,rotate_-10,concat,0.35259753465652466,0.8397589352385894,0.004359245300292969,1.0125179953885575,0.2448192536830902,-0.00035034120082855225,0.9985710250857452,2.1265907287597656,0.14126639 0.10214310 0.00000000 0.24057665 0.00000000 0.12043997 0.39557385 0.00000000 0.00000000 0.00000000
12,10,10,BP,rotate_+10,layer2_flat,0.3605089485645294,0.8491277272172066,0.016208916902542114,1.0470778838568564,0.23718661069869995,-0.0028656572103500366,0.9880623614377856,2.359837055206299,0.10171323 0.13020566 0.09019914 0.12654103 0.00000000 0.15551008 0.39545920 0.00000000 0.00037165 0.00000000
12,10,10,BP,rotate_+10,layer3_flat,0.3596595525741577,0.8481268213824601,0.006835818290710449,1.019374598776848,0.24347198009490967,0.0024156421422958374,1.0100210687792024,2.101107597351074,0.03914221 0.05094212 0.04634004 0.22404192 0.00000000 0.12329280 0.49093801 0.00000000 0.02530292 0.00000000
12,10,10,BP,rotate_+10,layer4_pooled,0.44913583993911743,0.9477719556297469,0.0577864944934845,1.147659617080833,0.10341409593820572,0.0017273426055908203,1.0169868989712332,0.872734785079956,0.00000000 0.29313365 0.00000000 0.00000000 0.00000000 0.00000000 0.70686638 0.00000000 0.00000000 0.00000000
12,10,10,BP,rotate_+10,concat,0.36014071106910706,0.848693950808072,0.011902421712875366,1.0341789575604812,0.24286842346191406,-0.0023011714220046997,0.9906139608254243,2.198348045349121,0.07369355 0.07763214 0.06127782 0.18017904 0.00000000 0.13966967 0.46357539 0.00000000 0.00397239 0.00000000
12,10,10,BP,scale_0.90,layer2_flat,0.2983478307723999,0.7724607831759486,-0.0459522008895874,0.8665344273492052,0.20058593153953552,-0.039466336369514465,0.8355927368938547,2.4322633743286133,0.15481243 0.12862223 0.05613549 0.17801814 0.00000000 0.16952667 0.31288505 0.00000000 0.00000000 0.00000000
12,10,10,BP,scale_0.90,layer3_flat,0.32561439275741577,0.8069874754386412,-0.027209341526031494,0.9228812041763175,0.21861334145069122,-0.022442996501922607,0.9068972975676695,2.2037343978881836,0.12073504 0.06500927 0.00881073 0.30590171 0.03016205 0.08460213 0.38351399 0.00000000 0.00126512 0.00000000
12,10,10,BP,scale_0.90,layer4_pooled,0.5776350498199463,1.0748349173895928,0.18628570437431335,1.4760087286250911,0.08681206405162811,-0.014874689280986786,0.8537204818391069,0.9540426731109619,0.00000000 0.37447020 0.00000000 0.00000000 0.00000000 0.00000000 0.62552983 0.00000000 0.00000000 0.00000000
12,10,10,BP,scale_0.90,concat,0.30966776609420776,0.7869787368083178,-0.038570523262023926,0.8892410041032067,0.21144406497478485,-0.03372552990913391,0.862439998218521,2.258366107940674,0.14015640 0.08394986 0.02583015 0.24638551 0.00064108 0.13446821 0.36856878 0.00000000 0.00000000 0.00000000
12,10,10,BP,scale_1.10,layer2_flat,0.34106555581092834,0.8259122905138636,-0.00323447585105896,0.9906056475352725,0.23220238089561462,-0.007849887013435364,0.9672992591081172,2.4757137298583984,0.11492697 0.23034970 0.06146534 0.15023619 0.00000000 0.16012083 0.27855510 0.00000000 0.00434587 0.00000000
12,10,10,BP,scale_1.10,layer3_flat,0.34734874963760376,0.8334851524023733,-0.005474984645843506,0.984482379970987,0.2398378998041153,-0.0012184381484985352,0.9949454216435786,2.017920732498169,0.00000000 0.09023140 0.00177465 0.32465923 0.00000000 0.13319920 0.38978332 0.00000000 0.06035218 0.00000000
12,10,10,BP,scale_1.10,layer4_pooled,0.40086179971694946,0.8953901939567458,0.009512454271316528,1.0243068102246609,0.07111198455095291,-0.030574768781661987,0.6993239750574789,0.8774967193603516,0.00000000 0.04497042 0.00000000 0.00000000 0.15578401 0.00000000 0.79924566 0.00000000 0.00000000 0.00000000
12,10,10,BP,scale_1.10,concat,0.34397435188293457,0.829426732005829,-0.004263937473297119,0.9877556902741299,0.2434992641210556,-0.0016703307628631592,0.9931870395117829,2.2785792350769043,0.05478856 0.14488582 0.02480917 0.24403942 0.00000000 0.14827259 0.37105152 0.00000000 0.01215285 0.00000000
12,10,10,BP,horizontal_flip,layer2_flat,0.34507083892822266,0.8307476619626716,0.0007708072662353516,1.0022387661787666,0.24136969447135925,0.0013174265623092651,1.0054880821321919,2.4163284301757812,0.11701896 0.12104675 0.05966673 0.18338086 0.00000000 0.20591895 0.31296778 0.00000000 0.00000000 0.00000000
12,10,10,BP,horizontal_flip,layer3_flat,0.3597462773323059,0.8482290696884962,0.006922543048858643,1.0196204007162333,0.2690750062465668,0.028018668293952942,1.1162328629556486,2.2819454669952393,0.08828282 0.03864948 0.02950815 0.29832667 0.05393943 0.09032385 0.39383879 0.00000000 0.00713080 0.00000000
12,10,10,BP,horizontal_flip,layer4_pooled,0.41025543212890625,0.9058205474915064,0.018906086683273315,1.048309999501076,0.12079848349094391,0.01911173015832901,1.1879470976482753,0.9984328746795654,0.00000000 0.10657810 0.00000000 0.00000000 0.12016014 0.00000000 0.77326173 0.00000000 0.00000000 0.00000000
12,10,10,BP,horizontal_flip,concat,0.3519708514213562,0.8390123377178147,0.0037325620651245117,1.010718413739092,0.2585707902908325,0.013401195406913757,1.05466091916171,2.2686381340026855,0.10631479 0.06454227 0.03601786 0.24905130 0.00549026 0.16223703 0.37634650 0.00000000 0.00000000 0.00000000
12,10,10,MSP,original,layer2_flat,0.23607710003852844,0.6871347757733245,0.0,1.0,0.16625282168388367,0.0,1.0,2.3336315155029297,0.03069984 0.07240003 0.24391505 0.20610335 0.00000000 0.10840239 0.33043122 0.00511607 0.00293206 0.00000000
12,10,10,MSP,original,layer3_flat,0.27791765332221985,0.7455436316168489,0.0,1.0,0.20615585148334503,0.0,1.0,2.2417519092559814,0.13298950 0.00771762 0.12553290 0.30571729 0.02151747 0.06381842 0.34270674 0.00000000 0.00000000 0.00000000
12,10,10,MSP,original,layer4_pooled,0.28648945689201355,0.7569537064999596,0.0,1.0,0.06697752326726913,0.0,1.0,1.364522933959961,0.14943102 0.00000000 0.00000000 0.00000000 0.08564517 0.00000000 0.68950403 0.00000000 0.00000000 0.07541975
12,10,10,MSP,original,concat,0.2553715407848358,0.7146629146455492,0.0,1.0,0.18646462261676788,0.0,1.0,2.2820558547973633,0.07725988 0.04407046 0.18416984 0.26105678 0.00000000 0.09031363 0.34312940 0.00000000 0.00000000 0.00000000
12,10,10,MSP,rotate_-10,layer2_flat,0.2654258608818054,0.7285957190126846,0.029348760843276978,1.1243185418592605,0.18946519494056702,0.02321237325668335,1.139620928062684,2.37943172454834,0.10252434 0.06750371 0.14027044 0.20760272 0.00000000 0.12916097 0.35293782 0.00000000 0.00000000 0.00000000
12,10,10,MSP,rotate_-10,layer3_flat,0.2849786877632141,0.754955214252096,0.007061034440994263,1.0254069302779492,0.21513962745666504,0.008983775973320007,1.0435775938865466,2.429032325744629,0.14859185 0.07350966 0.09635353 0.22683519 0.04776159 0.04211820 0.36482996 0.00000000 0.00000000 0.00000000
12,10,10,MSP,rotate_-10,layer4_pooled,0.3338248133659363,0.8170982968602202,0.04733535647392273,1.1652254745681605,0.09018946439027786,0.023211941123008728,1.3465631452216669,0.8961268663406372,0.27831113 0.00000000 0.00000000 0.00000000 0.00000000 0.00000000 0.71669835 0.00000000 0.00000000 0.00499059
12,10,10,MSP,rotate_-10,concat,0.2744511663913727,0.7408794320149166,0.019079625606536865,1.0747132023710417,0.20206128060817719,0.015596657991409302,1.0836440595135344,2.352628231048584,0.12433458 0.07219167 0.11757524 0.22450641 0.00000000 0.09739265 0.36399940 0.00000000 0.00000000 0.00000000
12,10,10,MSP,rotate_+10,layer2_flat,0.27754756808280945,0.7450470697651383,0.041470468044281006,1.1756649333515925,0.19440604746341705,0.028153225779533386,1.1693398373285666,2.26840877532959,0.04035112 0.05260698 0.21665415 0.13574874 0.00000000 0.13893610 0.40592739 0.00000000 0.00977553 0.00000000
12,10,10,MSP,rotate_+10,layer3_flat,0.29107192158699036,0.7629835143526895,0.013154268264770508,1.0473315318673622,0.21926116943359375,0.013105317950248718,1.0635699537795749,2.1242687702178955,0.14716801 0.00292398 0.15555149 0.19082230 0.00000000 0.08115605 0.42237815 0.00000000 0.00000000 0.00000000
12,10,10,MSP,rotate_+10,layer4_pooled,0.33015531301498413,0.8125949950805557,0.04366585612297058,1.1524169740713255,0.0646892860531807,-0.00228823721408844,0.9658357445538375,1.1166044473648071,0.26771924 0.05409817 0.00000000 0.00000000 0.00000000 0.00000000 0.67818266 0.00000000 0.00000000 0.00000000
12,10,10,MSP,rotate_+10,concat,0.2837165892124176,0.7532816063231832,0.028345048427581787,1.1109953299430222,0.20680461823940277,0.020339995622634888,1.1090823306699291,2.2247402667999268,0.08833239 0.03059522 0.18451528 0.16785476 0.00000000 0.11174837 0.41695392 0.00000000 0.00000000 0.00000000
12,10,10,MSP,scale_0.90,layer2_flat,0.22978748381137848,0.6779195878736334,-0.006289616227149963,0.9733577876630268,0.17073556780815125,0.004482746124267578,1.026963428823868,2.462855815887451,0.08631765 0.06063610 0.16943754 0.19699718 0.00000000 0.17721164 0.30191031 0.00000000 0.00748958 0.00000000
12,10,10,MSP,scale_0.90,layer3_flat,0.25570759177207947,0.7151329831186357,-0.02221006155014038,0.920084020268011,0.19407415390014648,-0.012081697583198547,0.9413953205974559,2.4930100440979004,0.18570112 0.07129586 0.10768405 0.26575887 0.04731174 0.04249860 0.27974975 0.00000000 0.00000000 0.00000000
12,10,10,MSP,scale_0.90,layer4_pooled,0.38915738463401794,0.8822214967161228,0.1026679277420044,1.3583654660644096,0.05376674234867096,-0.013210780918598175,0.80275799590731,1.4260046482086182,0.00000000 0.41560775 0.00000000 0.00000000 0.00000000 0.00000000 0.45449522 0.12989710 0.00000000 0.00000000
12,10,10,MSP,scale_0.90,concat,0.24053548276424408,0.6935927951820781,-0.014836058020591736,0.9419040274615652,0.18223720788955688,-0.0042274147272109985,0.977328596342499,2.433805465698242,0.13278534 0.06938776 0.13733163 0.24058999 0.00000000 0.12305454 0.29685071 0.00000000 0.00000000 0.00000000
12,10,10,MSP,scale_1.10,layer2_flat,0.2445446103811264,0.6993491408175553,0.008467510342597961,1.0358675633561247,0.17066477239131927,0.004411950707435608,1.0265375989575565,2.4434494972229004,0.05736014 0.13890974 0.19706497 0.16884851 0.00000000 0.13882007 0.29899657 0.00000000 0.00000000 0.00000000
12,10,10,MSP,scale_1.10,layer3_flat,0.2683034837245941,0.7325346186011882,-0.009614169597625732,0.9654064091191631,0.20222145318984985,-0.003934398293495178,0.9809154178008188,2.44351863861084,0.08977282 0.06389006 0.10581685 0.26246661 0.04334216 0.08488877 0.34982276 0.00000000 0.00000000 0.00000000
12,10,10,MSP,scale_1.10,layer4_pooled,0.2839900553226471,0.7536445519243765,-0.002499401569366455,0.9912757642236733,0.04014198109507561,-0.026835542172193527,0.5993351073208917,1.2381588220596313,0.04006489 0.00000000 0.00000000 0.00000000 0.18947113 0.00000000 0.70946056 0.00000000 0.00000000 0.06100348
12,10,10,MSP,scale_1.10,concat,0.25550577044487,0.7148507123097382,0.0001342296600341797,1.000525624976147,0.18704618513584137,0.0005815625190734863,1.0031188893148146,2.400848865509033,0.06966473 0.10422105 0.14882772 0.22222786 0.00000000 0.11928518 0.33506656 0.00000000 0.00070692 0.00000000
12,10,10,MSP,horizontal_flip,layer2_flat,0.27554869651794434,0.7423593422567596,0.039471596479415894,1.1671979047218337,0.20833198726177216,0.04207916557788849,1.253103467065633,2.3536291122436523,0.08867125 0.02444056 0.15946205 0.20660530 0.00000000 0.14516284 0.36179364 0.00000000 0.01386435 0.00000000
12,10,10,MSP,horizontal_flip,layer3_flat,0.29674601554870605,0.7703843398573287,0.018828362226486206,1.0677479893822674,0.2380007952451706,0.03184494376182556,1.154470239542261,2.354297637939453,0.11500716 0.04674654 0.14342208 0.23577549 0.11963398 0.00000000 0.33941481 0.00000000 0.00000000 0.00000000
12,10,10,MSP,horizontal_flip,layer4_pooled,0.3113078773021698,0.7890600449929901,0.02481842041015625,1.086629437185273,0.08444491028785706,0.01746738702058792,1.260794758722635,1.1978034973144531,0.13318519 0.00000000 0.00000000 0.00000000 0.15929580 0.00000000 0.70358849 0.00000000 0.00000000 0.00393049
12,10,10,MSP,horizontal_flip,concat,0.2855014204978943,0.7556472993373222,0.03012987971305847,1.11798448496,0.22418953478336334,0.03772491216659546,1.2023167270926636,2.426258087158203,0.10160057 0.03895936 0.14918907 0.22670728 0.03762800 0.08634405 0.35957170 0.00000000 0.00000000 0.00000000
13,10,10,BP,original,layer2_flat,0.3928227126598358,0.8863664170757326,0.0,1.0,0.20540542900562286,0.0,1.0,1.8279446363449097,0.14520483 0.24557346 0.00000000 0.01583824 0.00000000 0.05384263 0.51935190 0.00000000 0.02018899 0.00000000
13,10,10,BP,original,layer3_flat,0.35726916790008545,0.8453036944200415,0.0,1.0,0.2107321172952652,0.0,1.0,1.541804313659668,0.04594045 0.29140535 0.00000000 0.10835560 0.00000000 0.00000000 0.55429864 0.00000000 0.00000000 0.00000000
13,10,10,BP,original,layer4_pooled,0.44259247183799744,0.9408426774312456,0.0,1.0,0.08056575804948807,0.0,1.0,-0.0,0.00000000 0.00000000 0.00000000 0.00000000 0.00000000 0.00000000 1.00000000 0.00000000 0.00000000 0.00000000
13,10,10,BP,original,concat,0.37265515327453613,0.8633135621250672,0.0,1.0,0.21013034880161285,0.0,1.0,1.6500415802001953,0.11037014 0.27205178 0.00000000 0.06906479 0.00000000 0.00000000 0.54267436 0.00000000 0.00583888 0.00000000
13,10,10,BP,rotate_-10,layer2_flat,0.3967636227607727,0.8908014624603764,0.00394091010093689,1.0100322867642826,0.2137034833431244,0.008298054337501526,1.0403984177907681,1.90492844581604,0.16219305 0.18286394 0.00000000 0.03164433 0.00000000 0.09327667 0.52051139 0.00000000 0.00951071 0.00000000
13,10,10,BP,rotate_-10,layer3_flat,0.3568381071090698,0.8447935926710972,-0.000431060791015625,0.9987934565035431,0.2024928778409958,-0.00823923945426941,0.9609018332849284,1.4987527132034302,0.08494061 0.29574138 0.00000000 0.04943570 0.00000000 0.00000000 0.56988227 0.00000000 0.00000000 0.00000000
13,10,10,BP,rotate_-10,layer4_pooled,0.45490115880966187,0.9538355820681695,0.012308686971664429,1.0278104300340245,0.10070616006851196,0.020140402019023895,1.2499871224000962,-0.0,0.00000000 0.00000000 0.00000000 0.00000000 0.00000000 0.00000000 1.00000000 0.00000000 0.00000000 0.00000000
13,10,10,BP,rotate_-10,concat,0.3746836483478546,0.8656600352885128,0.0020284950733184814,1.0054433570970067,0.20987388491630554,-0.000256463885307312,0.9987795009775183,1.61631178855896,0.14434418 0.25472516 0.00000000 0.05615883 0.00000000 0.00000000 0.54477179 0.00000000 0.00000000 0.00000000
13,10,10,BP,rotate_+10,layer2_flat,0.4080420136451721,0.9033736919405746,0.015219300985336304,1.0387434343657127,0.20428432524204254,-0.0011211037635803223,0.9945419954623294,1.7841696739196777,0.16687481 0.25978392 0.00000000 0.02546923 0.00000000 0.02565109 0.50917256 0.00000000 0.01304832 0.00000000
13,10,10,BP,rotate_+10,layer3_flat,0.36468029022216797,0.8540261005638738,0.0074111223220825195,1.0207438060373974,0.18854369223117828,-0.022188425064086914,0.8947079099817873,1.4598246812820435,0.07939613 0.23416869 0.00000000 0.06389395 0.00000000 0.00000000 0.62254119 0.00000000 0.00000000 0.00000000
13,10,10,BP,rotate_+10,layer4_pooled,0.44917625188827515,0.9478145935659307,0.00658378005027771,1.0148754903645825,0.09724239259958267,0.016676634550094604,1.2069940748232502,-0.0,0.00000000 0.00000000 0.00000000 0.00000000 0.00000000 0.00000000 1.00000000 0.00000000 0.00000000 0.00000000
13,10,10,BP,rotate_+10,concat,0.38409101963043213,0.8764599473226738,0.011435866355895996,1.0306875304296155,0.19718481600284576,-0.01294553279876709,0.9383928458095906,1.5700793266296387,0.13017204 0.24289122 0.00000000 0.05452643 0.00000000 0.00000000 0.57228339 0.00000000 0.00012688 0.00000000
13,10,10,BP,scale_0.90,layer2_flat,0.3425661027431488,0.8277271322641886,-0.05025660991668701,0.8720628713745513,0.1977401077747345,-0.007665321230888367,0.962681993032223,2.0486016273498535,0.19845675 0.23611809 0.00000000 0.05108361 0.00000000 0.10603632 0.40798536 0.00000000 0.00031985 0.00000000
13,10,10,BP,scale_0.90,layer3_flat,0.34024760127067566,0.8249213311227631,-0.01702156662940979,0.9523564635330569,0.2025173008441925,-0.008214816451072693,0.9610177292551776,1.6671063899993896,0.08306868 0.33343083 0.00000000 0.10065810 0.00000000 0.00000000 0.48284242 0.00000000 0.00000000 0.00000000
13,10,10,BP,scale_0.90,layer4_pooled,0.49808573722839355,0.9980839015116851,0.05549326539039612,1.1253823074753584,0.05693056806921959,-0.02363518998026848,0.7066347968145842,0.13358452916145325,0.00000000 0.01861371 0.00000000 0.00000000 0.00000000 0.00000000 0.98138630 0.00000000 0.00000000 0.00000000
13,10,10,BP,scale_0.90,concat,0.3413641154766083,0.8262737022035838,-0.031291037797927856,0.9160321881426078,0.2034839540719986,-0.006646394729614258,0.9683701342167494,1.7763421535491943,0.16471866 0.29852092 0.00000000 0.08791043 0.00000000 0.00000000 0.44884998 0.00000000 0.00000000 0.00000000
13,10,10,BP,scale_1.10,layer2_flat,0.42450928688049316,0.9214220388947653,0.03168657422065735,1.0806638037959266,0.21347418427467346,0.008068755269050598,1.0392820935068392,1.808082938194275,0.11257290 0.27189991 0.00000000 0.02767552 0.00000000 0.05121724 0.52181953 0.00000000 0.01481489 0.00000000
13,10,10,BP,scale_1.10,layer3_flat,0.36787140369415283,0.8577545146417509,0.010602235794067383,1.0296757647920034,0.21373292803764343,0.003000810742378235,1.0142399306801413,1.4078670740127563,0.00588550 0.34904605 0.00000000 0.11052919 0.00000000 0.00000000 0.53453922 0.00000000 0.00000000 0.00000000
13,10,10,BP,scale_1.10,layer4_pooled,0.44649574160575867,0.9449822660830823,0.0039032697677612305,1.0088191056471045,0.0979808121919632,0.017415054142475128,1.2161595020500104,-0.0,0.00000000 0.00000000 0.00000000 0.00000000 0.00000000 0.00000000 1.00000000 0.00000000 0.00000000 0.00000000
13,10,10,BP,scale_1.10,concat,0.39167168736457825,0.8850668758512864,0.019016534090042114,1.0510298433361032,0.2152213305234909,0.005090981721878052,1.0242277317431205,1.5747944116592407,0.07559422 0.31483901 0.00000000 0.07675610 0.00000000 0.00000000 0.53281069 0.00000000 0.00000000 0.00000000
13,10,10,BP,horizontal_flip,layer2_flat,0.3969419300556183,0.8910016049992483,0.004119217395782471,1.010486199659588,0.21850702166557312,0.013101592659950256,1.0637840621998742,1.819291114807129,0.19481067 0.23454897 0.00000000 0.07703287 0.00000000 0.00000000 0.48165151 0.00000000 0.01195600 0.00000000
13,10,10,BP,horizontal_flip,layer3_flat,0.3549162745475769,0.842515607627036,-0.002352893352508545,0.993414227803839,0.21549443900585175,0.004762321710586548,1.022598936373288,1.6306331157684326,0.04637311 0.30824795 0.00000000 0.14390482 0.00000000 0.00000000 0.50147414 0.00000000 0.00000000 0.00000000
13,10,10,BP,horizontal_flip,layer4_pooled,0.44563546776771545,0.9440714673876289,0.0030429959297180176,1.0068753901689158,0.08900449424982071,0.008438736200332642,1.1047434593123837,-0.0,0.00000000 0.00000000 0.00000000 0.00000000 0.00000000 0.00000000 1.00000000 0.00000000 0.00000000 0.00000000
13,10,10,BP,horizontal_flip,concat,0.37351304292678833,0.8643067082081318,0.0008578896522521973,1.0023021006008144,0.21822012960910797,0.008089780807495117,1.0384988691714128,1.7433733940124512,0.13048720 0.26299348 0.00000000 0.11065784 0.00000000 0.00000000 0.49586150 0.00000000 0.00000000 0.00000000
13,10,10,MSP,original,layer2_flat,0.2663504183292389,0.729863574004401,0.0,1.0,0.14450234174728394,0.0,1.0,1.9124455451965332,0.13723226 0.23354480 0.00000000 0.06074369 0.00000000 0.03042201 0.51698971 0.01086665 0.01020092 0.00000000
13,10,10,MSP,original,layer3_flat,0.3113991320133209,0.789175686413768,0.0,1.0,0.16435140371322632,0.0,1.0,1.4166946411132812,0.06021485 0.30851704 0.00000000 0.04398087 0.00000000 0.00000000 0.58728725 0.00000000 0.00000000 0.00000000
13,10,10,MSP,original,layer4_pooled,0.39567050337791443,0.889573497107366,0.0,1.0,0.05213966593146324,1.1175870895385742e-08,1.0000002143449347,0.2669667601585388,0.00000000 0.04550048 0.00000000 0.00000000 0.00000000 0.00000000 0.95449948 0.00000000 0.00000000 0.00000000
13,10,10,MSP,original,concat,0.29199251532554626,0.7641891327747945,0.0,1.0,0.156668022274971,0.0,1.0,1.5940008163452148,0.10968219 0.27733853 0.00000000 0.06475712 0.00000000 0.00000000 0.54822218 0.00000000 0.00000000 0.00000000
13,10,10,MSP,rotate_-10,layer2_flat,0.28846439719200134,0.7595582889969688,0.02211397886276245,1.0830258837263926,0.17872849106788635,0.03422614932060242,1.2368553264017181,2.001242160797119,0.13703841 0.18602048 0.00000000 0.06463465 0.00000000 0.09740837 0.50308740 0.00000000 0.01181068 0.00000000
13,10,10,MSP,rotate_-10,layer3_flat,0.3074079155921936,0.7841019265276595,-0.003991216421127319,0.9871829558569747,0.15537311136722565,-0.008978292346000671,0.9453713680376463,1.3768715858459473,0.06599890 0.33387461 0.00000000 0.02447973 0.00000000 0.00000000 0.57564676 0.00000000 0.00000000 0.00000000
13,10,10,MSP,rotate_-10,layer4_pooled,0.4084440767765045,0.9038186508105533,0.012773573398590088,1.0322833602442116,0.06536184251308441,0.013222187757492065,1.253591778066392,0.24664056301116943,0.00000000 0.04095209 0.00000000 0.00000000 0.00000000 0.00000000 0.95904791 0.00000000 0.00000000 0.00000000
13,10,10,MSP,rotate_-10,concat,0.29901549220085144,0.7733246306705244,0.007022976875305176,1.0240519071780012,0.16854135692119598,0.011873334646224976,1.0757865866546146,1.6422278881072998,0.12148774 0.28342858 0.00000000 0.06525263 0.00000000 0.00148622 0.52834487 0.00000000 0.00000000 0.00000000
13,10,10,MSP,rotate_+10,layer2_flat,0.3097360134124756,0.787065452694343,0.043385595083236694,1.1628891569054882,0.17668719589710236,0.03218485414981842,1.222728945153587,1.8577525615692139,0.15482181 0.20140788 0.00000000 0.07975980 0.00000000 0.02162271 0.52982283 0.00000000 0.01256497 0.00000000
13,10,10,MSP,rotate_+10,layer3_flat,0.3243458867073059,0.8054140385010754,0.012946754693984985,1.0415760782961643,0.15464963018894196,-0.009701773524284363,0.9409693297104187,1.3457858562469482,0.11197630 0.20781994 0.00000000 0.02256165 0.00000000 0.00000000 0.65764213 0.00000000 0.00000000 0.00000000
13,10,10,MSP,rotate_+10,layer4_pooled,0.4044652283191681,0.8994056129679957,0.008794724941253662,1.0222273959422024,0.050667647272348404,-0.0014720074832439423,0.9717679856125663,-0.0,0.00000000 0.00000000 0.00000000 0.00000000 0.00000000 0.00000000 1.00000000 0.00000000 0.00000000 0.00000000
13,10,10,MSP,rotate_+10,concat,0.317867249250412,0.7973296046810403,0.025874733924865723,1.0886143738853342,0.1656317263841629,0.008963704109191895,1.0572146375435971,1.5614910125732422,0.13959175 0.20484866 0.00000000 0.06230507 0.00000000 0.00000000 0.59325451 0.00000000 0.00000000 0.00000000
13,10,10,MSP,scale_0.90,layer2_flat,0.24834607541561127,0.7047638972246113,-0.018004342913627625,0.9324035493298733,0.16474325954914093,0.020240917801856995,1.140073285712668,2.1940078735351562,0.19714579 0.21944325 0.00000000 0.08594293 0.01937876 0.07158630 0.40176404 0.00473896 0.00000000 0.00000000
13,10,10,MSP,scale_0.90,layer3_flat,0.2945036292076111,0.7674680829944801,-0.01689550280570984,0.9457432565838596,0.15726812183856964,-0.007083281874656677,0.9569016040351377,1.6391921043395996,0.09300354 0.40964374 0.00000000 0.07014001 0.00000000 0.00000000 0.42721269 0.00000000 0.00000000 0.00000000
13,10,10,MSP,scale_0.90,layer4_pooled,0.4282780587673187,0.925503169921442,0.0326075553894043,1.082410882567553,0.03039691038429737,-0.021742744371294975,0.5829902504571934,0.8632181882858276,0.00000000 0.28578818 0.00000000 0.00000000 0.00000000 0.00000000 0.71421182 0.00000000 0.00000000 0.00000000
13,10,10,MSP,scale_0.90,concat,0.2731815576553345,0.7391637946427496,-0.018810957670211792,0.9355772607761031,0.16323168575763702,0.006563663482666016,1.0418953618441937,1.8111652135849,0.16535068 0.33698517 0.00000000 0.09595790 0.00000000 0.00000000 0.40170628 0.00000000 0.00000000 0.00000000
13,10,10,MSP,scale_1.10,layer2_flat,0.29840102791786194,0.7725296472212079,0.03205060958862305,1.1203324920214113,0.15903136134147644,0.014529019594192505,1.1005452189799205,1.8409655094146729,0.09306487 0.24580912 0.00000000 0.07009926 0.00000000 0.04522992 0.53492624 0.00000000 0.01087060 0.00000000
13,10,10,MSP,scale_1.10,layer3_flat,0.32265326380729675,0.8033097333000475,0.01125413179397583,1.0361405368126018,0.1678524911403656,0.0035010874271392822,1.0213024491912888,1.2484793663024902,0.00259205 0.35011509 0.00000000 0.06049173 0.00000000 0.00000000 0.58680117 0.00000000 0.00000000 0.00000000
13,10,10,MSP,scale_1.10,layer4_pooled,0.40191543102264404,0.896566150401234,0.006244927644729614,1.0157831518685363,0.05594535171985626,0.003805696964263916,1.0729904519320344,-0.0,0.00000000 0.00000000 0.00000000 0.00000000 0.00000000 0.00000000 1.00000000 0.00000000 0.00000000 0.00000000
13,10,10,MSP,scale_1.10,concat,0.3125229477882385,0.7905984414204704,0.02053043246269226,1.0703115024703023,0.16530288755893707,0.008634865283966064,1.0551156844806258,1.5227457284927368,0.05980264 0.30820787 0.00000000 0.07704071 0.00000000 0.00000000 0.55494875 0.00000000 0.00000000 0.00000000
13,10,10,MSP,horizontal_flip,layer2_flat,0.31256628036499023,0.7906532493640815,0.04621586203575134,1.1735152598050358,0.203206866979599,0.058704525232315063,1.4062531065038066,1.920147180557251,0.13346413 0.21370240 0.00000000 0.14231792 0.00000000 0.00000000 0.48139799 0.00000000 0.02911751 0.00000000
13,10,10,MSP,horizontal_flip,layer3_flat,0.3105485439300537,0.7880971309807614,-0.0008505880832672119,0.9972684956513364,0.1654198169708252,0.001068413257598877,1.0065007857155672,1.4177109003067017,0.01376398 0.34734061 0.00000000 0.09589060 0.00000000 0.00000000 0.54300487 0.00000000 0.00000000 0.00000000
13,10,10,MSP,horizontal_flip,layer4_pooled,0.3994591534137726,0.8938223015944193,0.0037886500358581543,1.009575265286404,0.051371827721595764,-0.000767827033996582,0.9852736456046537,0.056328266859054565,0.00000000 0.00646646 0.00000000 0.00000000 0.00000000 0.00000000 0.99353349 0.00000000 0.00000000 0.00000000
13,10,10,MSP,horizontal_flip,concat,0.3114834129810333,0.7892824753927244,0.01949089765548706,1.0667513605055583,0.18387342989444733,0.02720540761947632,1.1736500354332293,1.6904335021972656,0.08200190 0.28319603 0.00000000 0.12929484 0.00000000 0.00000000 0.50550723 0.00000000 0.00000000 0.00000000
14,10,10,BP,original,layer2_flat,0.3532083332538605,0.840485970440745,0.0,1.0,0.22067596018314362,-2.9802322387695312e-08,0.9999998649498644,2.179029941558838,0.16437687 0.19915311 0.06940385 0.08262599 0.00000000 0.00689247 0.44690722 0.00000000 0.03064047 0.00000000
14,10,10,BP,original,layer3_flat,0.359097957611084,0.8474644035133087,0.0,1.0,0.2546057105064392,0.0,1.0,2.1978566646575928,0.09391060 0.17594051 0.00000000 0.18304734 0.02432445 0.00000000 0.42267936 0.00000000 0.10009773 0.00000000
14,10,10,BP,original,layer4_pooled,0.45839494466781616,0.9574914565340165,0.0,1.0,0.06629364937543869,0.0,1.0,-0.0,0.00000000 0.00000000 0.00000000 0.00000000 0.00000000 0.00000000 1.00000000 0.00000000 0.00000000 0.00000000
14,10,10,BP,original,concat,0.3560638129711151,0.8438765466241079,0.0,1.0,0.23982498049736023,0.0,1.0,2.140925407409668,0.14877337 0.18816179 0.02242537 0.13395281 0.00843997 0.00000000 0.45612654 0.00000000 0.04212014 0.00000000
14,10,10,BP,rotate_-10,layer2_flat,0.3495959937572479,0.8361770072864333,-0.003612339496612549,0.9897727795283753,0.21300353109836578,-0.00767245888710022,0.9652320178213735,2.08412504196167,0.15036537 0.22650000 0.03269681 0.12710039 0.00000000 0.00280544 0.44260454 0.00000000 0.01792745 0.00000000
14,10,10,BP,rotate_-10,layer3_flat,0.3501300513744354,0.8368154532206434,-0.00896790623664856,0.9750265740961519,0.23764367401599884,-0.01696203649044037,0.9333791985394423,2.1305174827575684,0.11384984 0.17530653 0.00000000 0.16645640 0.02301852 0.00000000 0.45471925 0.00000000 0.06664953 0.00000000
14,10,10,BP,rotate_-10,layer4_pooled,0.4982670545578003,0.998265550400093,0.03987210988998413,1.086982001773146,0.06767766922712326,0.0013840198516845703,1.0208771106237584,-0.0,0.00000000 0.00000000 0.00000000 0.00000000 0.00000000 0.00000000 1.00000000 0.00000000 0.00000000 0.00000000
14,10,10,BP,rotate_-10,concat,0.34989088773727417,0.8365296022703251,-0.006172925233840942,0.9826634299556738,0.22590963542461395,-0.013915345072746277,0.9419770824380764,2.0009407997131348,0.14696749 0.20245150 0.00000000 0.15275057 0.00876772 0.00000000 0.46242681 0.00000000 0.02663589 0.00000000
14,10,10,BP,rotate_+10,layer2_flat,0.36902183294296265,0.8590946780686779,0.015813499689102173,1.044771026615875,0.21894866228103638,-0.0017273277044296265,0.9921725616613952,2.067809581756592,0.17265908 0.21912517 0.04860266 0.06903047 0.00000000 0.00383231 0.46327317 0.00000000 0.02347717 0.00000000
14,10,10,BP,rotate_+10,layer3_flat,0.38235509395599365,0.8744770939893093,0.023257136344909668,1.0647654375412328,0.26255002617836,0.007944315671920776,1.031202425334795,2.0533435344696045,0.09803672 0.20648855 0.00000000 0.16470535 0.04515848 0.00000000 0.46600676 0.00000000 0.01960417 0.00000000
14,10,10,BP,rotate_+10,layer4_pooled,0.4687444865703583,0.9682401422894614,0.010349541902542114,1.0225777836839356,0.09773584455251694,0.03144219517707825,1.4742866846647464,-0.0,0.00000000 0.00000000 0.00000000 0.00000000 0.00000000 0.00000000 1.00000000 0.00000000 0.00000000 0.00000000
14,10,10,BP,rotate_+10,concat,0.3754090964794159,0.8664976589459615,0.01934528350830078,1.0543309451944105,0.2413000762462616,0.0014750957489013672,1.006150717685189,2.0047974586486816,0.15270074 0.21214333 0.00728124 0.11580521 0.01394774 0.00000000 0.47887498 0.00000000 0.01924672 0.00000000
14,10,10,BP,scale_0.90,layer2_flat,0.3357997536659241,0.8195117493555831,-0.0174085795879364,0.9507129986783888,0.21234861016273499,-0.008327379822731018,0.9622642235648666,2.2736992835998535,0.21425560 0.23643860 0.02325954 0.10545882 0.01298775 0.03308213 0.36529681 0.00000000 0.00922078 0.00000000
14,10,10,BP,scale_0.90,layer3_flat,0.3439469039440155,0.8293936386831231,-0.015151053667068481,0.9578080204971942,0.2346464842557907,-0.0199592262506485,0.9216073111209134,2.1886658668518066,0.14743719 0.17351344 0.00000000 0.17122538 0.07975416 0.00000000 0.41341594 0.00000000 0.01465388 0.00000000
14,10,10,BP,scale_0.90,layer4_pooled,0.5809923410415649,1.0779539331915486,0.12259739637374878,1.2674492766544876,0.046282894909381866,-0.020010754466056824,0.698149752588989,0.6177491545677185,0.00000000 0.15318316 0.00000000 0.00000000 0.00000000 0.00000000 0.84681684 0.00000000 0.00000000 0.00000000
14,10,10,BP,scale_0.90,concat,0.3395976126194,0.824133014287621,-0.016466200351715088,0.9537549176529079,0.2246628850698471,-0.015162095427513123,0.9367784982364804,2.094966411590576,0.19792818 0.20909227 0.00000000 0.13865449 0.04494731 0.00000000 0.40476680 0.00000000 0.00461099 0.00000000
14,10,10,BP,scale_1.10,layer2_flat,0.35797756910324097,0.8461413228335335,0.004769235849380493,1.0135026141807906,0.22119107842445374,0.0005150884389877319,1.0023341390199239,2.1462292671203613,0.17256117 0.20852557 0.08924832 0.05890622 0.00000000 0.00000000 0.43741167 0.00000000 0.03334699 0.00000000
14,10,10,BP,scale_1.10,layer3_flat,0.3638482093811035,0.8530512404083397,0.004750251770019531,1.013228289577606,0.2540740370750427,-0.0005316734313964844,0.9979117772718575,2.199460506439209,0.11409005 0.15458605 0.00000000 0.14911366 0.02737603 0.00000000 0.44276810 0.00000000 0.11206609 0.00000000
14,10,10,BP,scale_1.10,layer4_pooled,0.4719346761703491,0.9715293883052114,0.013539731502532959,1.0295372618306584,0.06362234801054001,-0.0026713013648986816,0.9597050186552547,-0.0,0.00000000 0.00000000 0.00000000 0.00000000 0.00000000 0.00000000 1.00000000 0.00000000 0.00000000 0.00000000
14,10,10,BP,scale_1.10,concat,0.360810250043869,0.8494824895709964,0.004746437072753906,1.0133302989515691,0.24031463265419006,0.000489652156829834,1.002041706230153,2.1588501930236816,0.15930989 0.18058035 0.03286214 0.10765792 0.00896665 0.00000000 0.46356079 0.00000000 0.04706223 0.00000000
14,10,10,BP,horizontal_flip,layer2_flat,0.3503342568874359,0.8370594445885381,-0.0028740763664245605,0.9918629429268002,0.20433540642261505,-0.016340583562850952,0.9259521456600099,2.0317561626434326,0.22361338 0.13141304 0.03870033 0.04560401 0.00000000 0.03196852 0.50621879 0.00000000 0.02248199 0.00000000
14,10,10,BP,horizontal_flip,layer3_flat,0.3853132128715515,0.8778533053666217,0.02621525526046753,1.0730030753580242,0.22471965849399567,-0.029886052012443542,0.8826182965304296,1.6048752069473267,0.15700422 0.07674453 0.00000000 0.07813444 0.00787800 0.00000000 0.64949393 0.00000000 0.03074488 0.00000000
14,10,10,BP,horizontal_flip,layer4_pooled,0.43921008706092834,0.9372407236787444,-0.019184857606887817,0.9581477548345377,0.0780520886182785,0.011758439242839813,1.1773690142787472,-0.0,0.00000000 0.00000000 0.00000000 0.00000000 0.00000000 0.00000000 1.00000000 0.00000000 0.00000000 0.00000000
14,10,10,BP,horizontal_flip,concat,0.36681315302848816,0.8565198807132128,0.010749340057373047,1.0301893640009265,0.21620739996433258,-0.02361758053302765,0.901521599276481,1.695356845855713,0.20153786 0.10562920 0.00000000 0.07485279 0.00000000 0.00200693 0.58927530 0.00000000 0.02669790 0.00000000
14,10,10,MSP,original,layer2_flat,0.2682870626449585,0.7325122014614617,0.0,1.0,0.14643803238868713,0.0,1.0,2.038219690322876,0.18788332 0.22751476 0.05029497 0.04720900 0.00000000 0.00000000 0.45551714 0.00000000 0.03158085 0.00000000
14,10,10,MSP,original,layer3_flat,0.2815071642398834,0.7503428073086107,0.0,1.0,0.1613081693649292,0.0,1.0,2.003664970397949,0.17936017 0.20478012 0.00000000 0.11338037 0.00000000 0.00000000 0.45227626 0.00000000 0.05020309 0.00000000
14,10,10,MSP,original,layer4_pooled,0.3608752489089966,0.8495590019639561,0.0,1.0,0.03433220833539963,0.0,1.0,0.5757394433021545,0.01104093 0.10671592 0.00000000 0.00000000 0.00000000 0.00000000 0.88224310 0.00000000 0.00000000 0.00000000
14,10,10,MSP,original,concat,0.2746504843235016,0.7411484120248812,0.0,1.0,0.15428608655929565,0.0,1.0,1.9592254161834717,0.18786442 0.21907699 0.00227076 0.08935776 0.00000000 0.00000000 0.46304473 0.00000000 0.03838529 0.00000000
14,10,10,MSP,rotate_-10,layer2_flat,0.2782321274280548,0.7459653174619512,0.009945064783096313,1.0370687452649188,0.14918117225170135,0.002743139863014221,1.0187324277597123,1.8605620861053467,0.15576114 0.25739741 0.00025507 0.11342463 0.00000000 0.00000000 0.46337920 0.00000000 0.00978253 0.00000000
14,10,10,MSP,rotate_-10,layer3_flat,0.2827902138233185,0.7520508145375796,0.0012830495834350586,1.0045577866087172,0.14944295585155487,-0.011865213513374329,0.9264438152139836,1.8846696615219116,0.16531113 0.21811798 0.00000000 0.11743003 0.00000000 0.00000000 0.48088616 0.00000000 0.01825476 0.00000000
14,10,10,MSP,rotate_-10,layer4_pooled,0.40183597803115845,0.8964775268027174,0.040960729122161865,1.1135038472321985,0.03730538487434387,0.0029731765389442444,1.0866002125412955,0.6750349998474121,0.00000000 0.17770702 0.00000000 0.00000000 0.00000000 0.00000000 0.82229304 0.00000000 0.00000000 0.00000000
14,10,10,MSP,rotate_-10,concat,0.28043076395988464,0.7489068886849481,0.005780279636383057,1.0210459473632445,0.1494053453207016,-0.004880741238594055,0.9683656423764003,1.8644495010375977,0.15898420 0.23555586 0.00000000 0.11656827 0.00000000 0.00000000 0.47616011 0.00000000 0.01273159 0.00000000
14,10,10,MSP,rotate_+10,layer2_flat,0.30379191040992737,0.7794766326323418,0.03550484776496887,1.13233902304049,0.17071522772312164,0.02427719533443451,1.1657847687397924,1.9329675436019897,0.19714212 0.25199568 0.03234276 0.03365738 0.00000000 0.00000000 0.46061906 0.00000000 0.02424302 0.00000000
14,10,10,MSP,rotate_+10,layer3_flat,0.3221070170402527,0.8026294500456019,0.04059985280036926,1.1442231600387558,0.17607100307941437,0.014762833714485168,1.0915194423972139,1.7567975521087646,0.18861975 0.23480232 0.00000000 0.06149811 0.01008231 0.00000000 0.50499749 0.00000000 0.00000000 0.00000000
14,10,10,MSP,rotate_+10,layer4_pooled,0.38686081767082214,0.8796144810890987,0.02598556876182556,1.07200706848229,0.061317019164562225,0.026984810829162598,1.7859911184493429,0.5420199632644653,0.00000000 0.12445056 0.00000000 0.00000000 0.00000000 0.00000000 0.87554944 0.00000000 0.00000000 0.00000000
14,10,10,MSP,rotate_+10,concat,0.31254565715789795,0.7906271651769853,0.03789517283439636,1.13797599129526,0.17365242540836334,0.019366338849067688,1.1255222637428115,1.7919554710388184,0.19685206 0.24387334 0.00000000 0.05321097 0.00000000 0.00000000 0.48821074 0.00000000 0.01785294 0.00000000
14,10,10,MSP,scale_0.90,layer2_flat,0.28227829933166504,0.7513698148470765,0.013991236686706543,1.052150247383229,0.17141808569431305,0.024980053305625916,1.1705844642814602,2.098794937133789,0.20703986 0.28760669 0.00000000 0.11090083 0.00000000 0.04331513 0.34689304 0.00000000 0.00424439 0.00000000
14,10,10,MSP,scale_0.90,layer3_flat,0.2892848551273346,0.7606376997327106,0.007777690887451172,1.027628749372772,0.1609157770872116,-0.00039239227771759033,0.9975674370414096,1.9960235357284546,0.22696176 0.23466089 0.00000000 0.09335884 0.03603164 0.00000000 0.40898684 0.00000000 0.00000000 0.00000000
14,10,10,MSP,scale_0.90,layer4_pooled,0.456449419260025,0.9554573975432133,0.09557417035102844,1.2648399152884684,0.028202135115861893,-0.006130073219537735,0.8214483274867431,0.9091141223907471,0.00000000 0.32441115 0.00000000 0.00000000 0.00000000 0.00000000 0.67558885 0.00000000 0.00000000 0.00000000
14,10,10,MSP,scale_0.90,concat,0.2855379283428192,0.7556956111329736,0.010887444019317627,1.0396410880035225,0.16746163368225098,0.013175547122955322,1.0853968586325264,1.9933521747589111,0.22140786 0.26588017 0.00000000 0.10769058 0.01578417 0.00000000 0.38510308 0.00000000 0.00413420 0.00000000
14,10,10,MSP,scale_1.10,layer2_flat,0.27864018082618713,0.7465121309478998,0.010353118181228638,1.038589703428566,0.15682591497898102,0.010387882590293884,1.0709370538566827,2.069451093673706,0.21423370 0.21095856 0.08096355 0.02859368 0.00000000 0.00000000 0.43386123 0.00000000 0.03138934 0.00000000
14,10,10,MSP,scale_1.10,layer3_flat,0.2874201834201813,0.7581822781101933,0.0059130191802978516,1.021004862154194,0.16408182680606842,0.002773657441139221,1.0171947735321896,2.0149779319763184,0.19764355 0.18723066 0.00000000 0.09150556 0.00215934 0.00000000 0.45908490 0.00000000 0.06237596 0.00000000
14,10,10,MSP,scale_1.10,layer4_pooled,0.3709752559661865,0.8613654926524356,0.010100007057189941,1.0279875305599273,0.03001358173787594,-0.004318626597523689,0.8742106375678431,0.6045880913734436,0.01947529 0.10003169 0.00000000 0.00000000 0.00000000 0.00000000 0.88049304 0.00000000 0.00000000 0.00000000
14,10,10,MSP,scale_1.10,concat,0.28285250067710876,0.752133632643972,0.008202016353607178,1.0298634694702247,0.16154082119464874,0.007254734635353088,1.0470213147348053,2.0326030254364014,0.20917152 0.19921444 0.02197469 0.07038020 0.00000000 0.00000000 0.45784768 0.00000000 0.04141149 0.00000000
14,10,10,MSP,horizontal_flip,layer2_flat,0.3116368353366852,0.7894768335254495,0.043349772691726685,1.1615798103128538,0.18938665091991425,0.04294861853122711,1.2932886889447974,2.0339293479919434,0.23381698 0.10540803 0.06126544 0.02483336 0.00000000 0.05211570 0.50498623 0.00000000 0.01757424 0.00000000
14,10,10,MSP,horizontal_flip,layer3_flat,0.36207085847854614,0.8509651678870835,0.08056369423866272,1.286187012170408,0.21689480543136597,0.05558663606643677,1.3445990137073462,1.7703386545181274,0.17120181 0.10059323 0.05047198 0.05506682 0.00264014 0.01523242 0.60479355 0.00000000 0.00000000 0.00000000
14,10,10,MSP,horizontal_flip,layer4_pooled,0.3419206440448761,0.8269469681241671,-0.018954604864120483,0.9474760185926527,0.04395907372236252,0.00962686538696289,1.2804033254323555,0.4845839738845825,0.10497935 0.00000000 0.00000000 0.00000000 0.00000000 0.00000000 0.89502060 0.00000000 0.00000000 0.00000000
14,10,10,MSP,horizontal_flip,concat,0.3353618085384369,0.8189771773846166,0.0607113242149353,1.2210493979803234,0.20338478684425354,0.049098700284957886,1.3182315488037861,1.9075506925582886,0.20364037 0.09464402 0.05166180 0.04409157 0.00000000 0.03322917 0.56233937 0.00000000 0.01039379 0.00000000
15,10,10,BP,original,layer2_flat,0.21772025525569916,0.6598791635681478,0.0,1.0,0.18286418914794922,0.0,1.0,2.5840957164764404,0.07889105 0.06477290 0.22931050 0.22085525 0.11948245 0.00000000 0.23823157 0.00000000 0.04845625 0.00000000
15,10,10,BP,original,layer3_flat,0.3125126361846924,0.7905853985303453,0.0,1.0,0.24671585857868195,0.0,1.0,2.3066015243530273,0.07722127 0.00071498 0.10544315 0.14234860 0.08844773 0.00000000 0.41523483 0.00000000 0.17058940 0.00000000
15,10,10,BP,original,layer4_pooled,0.404666543006897,0.8996294159340245,0.0,1.0,0.12046586722135544,-2.2351741790771484e-08,0.9999998144558442,1.0720701217651367,0.00000000 0.00000000 0.00000000 0.01095642 0.00000000 0.00000000 0.53172803 0.00000000 0.45731559 0.00000000
15,10,10,BP,original,concat,0.2574140429496765,0.7175152164932483,0.0,1.0,0.21387024223804474,0.0,1.0,2.4784035682678223,0.07340059 0.02368762 0.16151649 0.19810639 0.11702926 0.00000000 0.34489724 0.00000000 0.08136242 0.00000000
15,10,10,BP,rotate_-10,layer2_flat,0.28725823760032654,0.7579686505394884,0.06953798234462738,1.3193914239290223,0.22822462022304535,0.04536043107509613,1.248055298777764,2.57749080657959,0.14964890 0.14110175 0.03859824 0.23005432 0.04760299 0.02149286 0.30982119 0.00000000 0.06167972 0.00000000
15,10,10,BP,rotate_-10,layer3_flat,0.3630690574645996,0.8521373803144651,0.05055642127990723,1.1617740066352613,0.24373550713062286,-0.002980351448059082,0.9879199032230167,1.865323781967163,0.16375749 0.00000000 0.00000000 0.08210157 0.03581459 0.00000000 0.50777996 0.00000000 0.21054645 0.00000000
15,10,10,BP,rotate_-10,layer4_pooled,0.5196534991264343,1.0194640740373682,0.11498695611953735,1.2841523671930877,0.1558830440044403,0.03541715443134308,1.2940015182435387,1.1134495735168457,0.00000000 0.00000000 0.00000000 0.08202142 0.00000000 0.00000000 0.71250373 0.00000000 0.20547488 0.00000000
15,10,10,BP,rotate_-10,concat,0.31922876834869385,0.7990353788771731,0.061814725399017334,1.2401373471720878,0.2407970130443573,0.02692677080631256,1.1259023720383514,2.2554311752319336,0.15999658 0.06783041 0.00000000 0.18367642 0.05599365 0.00367315 0.42812470 0.00000000 0.10070508 0.00000000
15,10,10,BP,rotate_+10,layer2_flat,0.2553209066390991,0.7145920607438893,0.03760065138339996,1.172701668657643,0.21005450189113617,0.02719031274318695,1.1486912930833029,2.513648509979248,0.07831346 0.08594473 0.27034444 0.14565393 0.10543242 0.00000000 0.28530073 0.00000000 0.02901028 0.00000000
15,10,10,BP,rotate_+10,layer3_flat,0.3167820870876312,0.7959674454242852,0.004269450902938843,1.0136616904681,0.25043800473213196,0.003722146153450012,1.0150867729982094,2.1995153427124023,0.01599648 0.00000000 0.18085068 0.15912715 0.07529730 0.01412245 0.44560730 0.00000000 0.10899866 0.00000000
15,10,10,BP,rotate_+10,layer4_pooled,0.4346384108066559,0.9323501604082619,0.02997186779975891,1.074065593802189,0.08732659369707108,-0.033139295876026154,0.7249072248319509,1.3571022748947144,0.00000000 0.00000000 0.00000000 0.11412802 0.00000000 0.00000000 0.55454451 0.00000000 0.33132747 0.00000000
15,10,10,BP,rotate_+10,concat,0.2820887863636017,0.7511175492073151,0.02467474341392517,1.0958562444033138,0.2308982014656067,0.01702795922756195,1.0796181789915853,2.357722520828247,0.05028732 0.03399065 0.22265093 0.15874054 0.09751793 0.00000000 0.38771316 0.00000000 0.04909949 0.00000000
15,10,10,BP,scale_0.90,layer2_flat,0.2883148193359375,0.7593613360396189,0.07059456408023834,1.3242443565804434,0.23801614344120026,0.05515195429325104,1.3016006280394674,2.6549975872039795,0.12871456 0.18534103 0.09951181 0.18567437 0.10662409 0.01488992 0.26218116 0.00000000 0.01706306 0.00000000
15,10,10,BP,scale_0.90,layer3_flat,0.3296131491661072,0.8119275203687916,0.017100512981414795,1.0547194289169601,0.24657480418682098,-0.00014105439186096191,0.9994282718886698,2.4124972820281982,0.09489737 0.05900514 0.00999483 0.18198475 0.07756811 0.03419084 0.42745659 0.00000000 0.11490235 0.00000000
15,10,10,BP,scale_0.90,layer4_pooled,0.5343296527862549,1.033759791040699,0.1296631097793579,1.3204196443213927,0.12152569741010666,0.00105980783700943,1.0087975761500316,1.4415779113769531,0.00000000 0.00000000 0.00000000 0.30078819 0.00000000 0.00000000 0.52932733 0.00000000 0.16988447 0.00000000
15,10,10,BP,scale_0.90,concat,0.3050059378147125,0.7810325701463576,0.04759189486503601,1.1848846097108818,0.24550732970237732,0.03163708746433258,1.1479265517872819,2.5584716796875,0.11145074 0.11396208 0.04954465 0.19288093 0.09932599 0.02306851 0.36882356 0.00000000 0.04094352 0.00000000
15,10,10,BP,scale_1.10,layer2_flat,0.23703338205814362,0.6885250642614887,0.019313126802444458,1.0887061554271726,0.19617995619773865,0.013315767049789429,1.0728177950628883,2.5992531776428223,0.11093219 0.07958639 0.21929887 0.18135215 0.10272813 0.00000000 0.26656023 0.00000000 0.03954206 0.00000000
15,10,10,BP,scale_1.10,layer3_flat,0.3213987648487091,0.8017465495388292,0.008886128664016724,1.0284344619548014,0.2549329996109009,0.008217141032218933,1.0333060917912782,2.3436522483825684,0.08390896 0.00099225 0.11056039 0.12824729 0.07640874 0.00000000 0.43857640 0.00000000 0.14601851 0.01528746
15,10,10,BP,scale_1.10,layer4_pooled,0.4368283152580261,0.9346960096823204,0.03216177225112915,1.0794772209535037,0.11542128026485443,-0.005044609308242798,0.958124168375979,0.9790433049201965,0.00000000 0.00000000 0.00000000 0.00134978 0.00000000 0.00000000 0.60803539 0.00000000 0.39061481 0.00000000
15,10,10,BP,scale_1.10,concat,0.273453950881958,0.7395322182054789,0.016039907932281494,1.0623117050974369,0.2252197265625,0.011349484324455261,1.053067150462989,2.471569538116455,0.09589873 0.03227301 0.16503401 0.16806139 0.09993779 0.00000000 0.37101701 0.00000000 0.06777806 0.00000000
15,10,10,BP,horizontal_flip,layer2_flat,0.22465024888515472,0.6702988122996411,0.006929993629455566,1.0318298066538867,0.19184231758117676,0.008978128433227539,1.049097247935814,2.5790534019470215,0.03836977 0.09448877 0.00000000 0.27227432 0.00000000 0.06971692 0.31780118 0.11067188 0.05547489 0.04120229
15,10,10,BP,horizontal_flip,layer3_flat,0.29791170358657837,0.7718959820941917,-0.014600932598114014,0.9532789048906225,0.21693716943264008,-0.02977868914604187,0.8792996554113921,2.1180365085601807,0.14621444 0.00000000 0.01513180 0.28017461 0.00097728 0.03857591 0.38686892 0.00000000 0.13205707 0.00000000
15,10,10,BP,horizontal_flip,layer4_pooled,0.35791903734207153,0.8460721450822873,-0.04674750566482544,0.8844789457577836,0.07201942056417465,-0.04844646900892258,0.5978407731831533,1.0696344375610352,0.00000000 0.00000000 0.00000000 0.01014160 0.00000000 0.00000000 0.46904156 0.00000000 0.52081686 0.00000000
15,10,10,BP,horizontal_flip,concat,0.25463569164276123,0.7136325267849851,-0.002778351306915283,0.9892066832288259,0.2050558477640152,-0.008814394474029541,0.9587862510382459,2.3444857597351074,0.09035610 0.00656617 0.00000000 0.28631520 0.00000000 0.06537094 0.37661660 0.07243389 0.08455833 0.01778278
15,10,10,MSP,original,layer2_flat,0.13807815313339233,0.525505762353549,0.0,1.0,0.11227922886610031,0.0,1.0,2.6126019954681396,0.04635593 0.03260557 0.30520427 0.21408765 0.02661554 0.00000000 0.22301891 0.07003991 0.06485119 0.01722111
15,10,10,MSP,original,layer3_flat,0.2042078673839569,0.6390741230623517,0.0,1.0,0.1412782371044159,0.0,1.0,2.1403653621673584,0.03305015 0.00000000 0.27297056 0.08962003 0.04838470 0.00000000 0.40269351 0.00000000 0.15328100 0.00000000
15,10,10,MSP,original,layer4_pooled,0.24403609335422516,0.6986216334386234,0.0,1.0,0.053615037351846695,-1.1175870895385742e-08,0.9999997915534686,1.4777708053588867,0.00943724 0.00000000 0.00000000 0.49643412 0.01543646 0.00000000 0.39895141 0.00000000 0.07974080 0.00000000
15,10,10,MSP,original,concat,0.16576506197452545,0.5757865263698438,0.0,1.0,0.12769433856010437,0.0,1.0,2.326645851135254,0.03415763 0.00000000 0.29829124 0.17570181 0.03430905 0.00000000 0.32296473 0.03828230 0.09629329 0.00000000
15,10,10,MSP,rotate_-10,layer2_flat,0.21891120076179504,0.6616814955275613,0.08083304762840271,1.5854151854835963,0.17227225005626678,0.05999302119016647,1.5343198541306104,2.6020145416259766,0.10621676 0.14736728 0.12157854 0.22051960 0.00000000 0.00000000 0.28187272 0.04335875 0.07908633 0.00000000
15,10,10,MSP,rotate_-10,layer3_flat,0.24677050113677979,0.7025247342788434,0.042562633752822876,1.208427982221601,0.153743714094162,0.012465476989746094,1.0882335258787585,2.085527181625366,0.14019234 0.02601001 0.06846214 0.07591936 0.00000000 0.00000000 0.45861337 0.00000000 0.23080274 0.00000000
15,10,10,MSP,rotate_-10,layer4_pooled,0.335875540971756,0.8196042227462667,0.09183944761753082,1.3763355098618422,0.0701017752289772,0.016486726701259613,1.3075018516942851,0.9865160584449768,0.00000000 0.00000000 0.00000000 0.43174610 0.00000000 0.00000000 0.56825393 0.00000000 0.00000000 0.00000000
15,10,10,MSP,rotate_-10,concat,0.23066678643226624,0.6792154097666899,0.06490172445774078,1.391528369635112,0.16929687559604645,0.04160253703594208,1.3257978192669395,2.365875482559204,0.11743011 0.06980573 0.11991280 0.17387465 0.00000000 0.00000000 0.39257684 0.00336846 0.12303133 0.00000000
15,10,10,MSP,rotate_+10,layer2_flat,0.20437437295913696,0.6393346118569476,0.06629621982574463,1.4801354763285262,0.1596803218126297,0.04740109294652939,1.4221715220598448,2.3391027450561523,0.03229595 0.06703828 0.34203321 0.16191308 0.00162090 0.00000000 0.29513371 0.00000000 0.03881900 0.06114592
15,10,10,MSP,rotate_+10,layer3_flat,0.23029407858848572,0.6786664550255681,0.02608621120452881,1.1277434191864562,0.1640259325504303,0.022747695446014404,1.1610134434862818,1.9259235858917236,0.00000000 0.03627601 0.33699018 0.12971893 0.00000000 0.00000000 0.40663534 0.00000000 0.09037960 0.00000000
15,10,10,MSP,rotate_+10,layer4_pooled,0.24339433014392853,0.6977024152802233,-0.0006417632102966309,0.9973702119163067,0.04320541396737099,-0.010409634560346603,0.8058449102257003,1.522139072418213,0.14515315 0.00000000 0.00000000 0.49498597 0.00000000 0.00000000 0.34590137 0.00000000 0.01395951 0.00000000
15,10,10,MSP,rotate_+10,concat,0.21565811336040497,0.6567466990558917,0.04989305138587952,1.3009865335389312,0.16312117874622345,0.03542684018611908,1.2774346974605033,2.0251364707946777,0.00563839 0.04427157 0.35854891 0.16255869 0.00365938 0.00000000 0.35588545 0.00000000 0.06943758 0.00000000
15,10,10,MSP,scale_0.90,layer2_flat,0.22340652346611023,0.668440757982501,0.0853283703327179,1.617971550138473,0.1815345287322998,0.0692552998661995,1.6168131057274517,2.6785404682159424,0.06613705 0.12310732 0.19932136 0.18065913 0.03023063 0.00000000 0.26951960 0.10656132 0.02446368 0.00000000
15,10,10,MSP,scale_0.90,layer3_flat,0.21971431374549866,0.6628941299264893,0.015506446361541748,1.0759346177995688,0.1527736783027649,0.011495441198348999,1.0813673884518504,2.381779432296753,0.02472814 0.10859331 0.16483688 0.12449101 0.04100206 0.00000000 0.40664265 0.00000000 0.12970595 0.00000000
15,10,10,MSP,scale_0.90,layer4_pooled,0.30117398500442505,0.7761107975082231,0.05713789165019989,1.234137052698301,0.05881422013044357,0.005199171602725983,1.0969722446477164,1.41475510597229,0.13489147 0.00000000 0.00000000 0.51178384 0.00000000 0.00000000 0.35332465 0.00000000 0.00000000 0.00000000
15,10,10,MSP,scale_0.90,concat,0.2219274342060089,0.6662243379012942,0.05616237223148346,1.3388070535622012,0.1730135977268219,0.04531925916671753,1.3549042164076157,2.5535082817077637,0.04194272 0.09855781 0.19074290 0.17131108 0.02556072 0.00000000 0.35664856 0.05811279 0.05712344 0.00000000
15,10,10,MSP,scale_1.10,layer2_flat,0.17204689979553223,0.5865950899820629,0.03396874666213989,1.2460110154361486,0.13885654509067535,0.026577316224575043,1.236707327728741,2.622647523880005,0.10568765 0.08439612 0.24928768 0.19175993 0.01599618 0.00000000 0.25571033 0.00000000 0.04858831 0.04857380
15,10,10,MSP,scale_1.10,layer3_flat,0.2201327532529831,0.6635250609479391,0.015924885869026184,1.0779837039236388,0.15921223163604736,0.01793399453163147,1.126940956364354,2.243741035461426,0.05983659 0.02383272 0.27321744 0.11342727 0.02575590 0.00000000 0.39982414 0.00000000 0.10410594 0.00000000
15,10,10,MSP,scale_1.10,layer4_pooled,0.2608802914619446,0.7223299681751334,0.01684419810771942,1.0690233886148988,0.05080673098564148,-0.002808317542076111,0.9476207218096259,1.3286449909210205,0.05730798 0.00000000 0.00000000 0.49259466 0.00000000 0.00000000 0.43982458 0.00000000 0.01027274 0.00000000
15,10,10,MSP,scale_1.10,concat,0.19280114769935608,0.6209688360930138,0.027036085724830627,1.163098818307216,0.14951585233211517,0.021821513772010803,1.1708886550328053,2.3670654296875,0.08531303 0.03795332 0.27307460 0.16986835 0.02299292 0.00000000 0.33340722 0.00000000 0.07739057 0.00000000
15,10,10,MSP,horizontal_flip,layer2_flat,0.24977067112922668,0.7067823867771843,0.11169251799583435,1.8089079659627494,0.20320121943950653,0.09092199057340622,1.8097846012197532,2.5167019367218018,0.00000000 0.12426418 0.00000000 0.13656218 0.00000000 0.09542140 0.34691027 0.19449235 0.05727331 0.04507632
15,10,10,MSP,horizontal_flip,layer3_flat,0.23646558821201324,0.6876999174233094,0.032257720828056335,1.1579651227014018,0.18299461901187897,0.041716381907463074,1.2952781883619913,2.4248929023742676,0.06776033 0.00000000 0.13607569 0.22299331 0.00000000 0.03011152 0.36396614 0.05570942 0.12338354 0.00000000
15,10,10,MSP,horizontal_flip,layer4_pooled,0.1935507357120514,0.6221747916977212,-0.05048535764217377,0.7931233984774293,0.03247172757983208,-0.021143320947885513,0.6056457743097889,1.8469059467315674,0.11991572 0.00000000 0.00000000 0.42350796 0.00000000 0.00000000 0.28137866 0.00000000 0.17519766 0.00000000
15,10,10,MSP,horizontal_flip,concat,0.2443203330039978,0.6990283728204425,0.07855527102947235,1.4738952231144504,0.1983371078968048,0.07064276933670044,1.5532177082611727,2.4945805072784424,0.01737390 0.03298541 0.06795666 0.18125755 0.00000000 0.07399807 0.38877654 0.15673962 0.08091229 0.00000000
16,10,10,BP,original,layer2_flat,0.32273438572883606,0.8034107115651821,0.0,1.0,0.1743943840265274,1.4901161193847656e-08,1.000000085445197,2.1804275512695312,0.17953011 0.33737251 0.08133773 0.04399100 0.00000000 0.00690685 0.32469073 0.02617110 0.00000000 0.00000000
16,10,10,BP,original,layer3_flat,0.3173601031303406,0.7966932949766059,0.0,1.0,0.1907408982515335,2.9802322387695312e-08,1.0000001562450807,1.904140591621399,0.17715429 0.35945982 0.00000000 0.14637545 0.00000000 0.00000000 0.31701052 0.00000000 0.00000000 0.00000000
16,10,10,BP,original,layer4_pooled,0.48896610736846924,0.988904552895242,0.0,1.0,0.07571399211883545,-1.4901161193847656e-08,0.9999998031914862,0.7454489469528198,0.00000000 0.21208484 0.00000000 0.00000000 0.00000000 0.00000000 0.78791517 0.00000000 0.00000000 0.00000000
16,10,10,BP,original,concat,0.3201572597026825,0.8001965504832953,0.0,1.0,0.18419784307479858,1.4901161193847656e-08,1.0000000808975944,1.9743651151657104,0.19340198 0.35334668 0.02309708 0.10001329 0.00000000 0.00000000 0.33014098 0.00000000 0.00000000 0.00000000
16,10,10,BP,rotate_-10,layer2_flat,0.3254948854446411,0.8068393711819486,0.0027604997158050537,1.008553472570214,0.17935563623905182,0.004961267113685608,1.0284485510543673,2.202104091644287,0.18556394 0.32782149 0.04723972 0.04067402 0.00000000 0.01933098 0.33843553 0.04093434 0.00000000 0.00000000
16,10,10,BP,rotate_-10,layer3_flat,0.31926992535591125,0.7990868855836782,0.0019098222255706787,1.0060178396929127,0.1955351084470749,0.0047942399978637695,1.02513483364534,1.9089746475219727,0.17152539 0.36588433 0.00000000 0.15693340 0.00000000 0.00000000 0.30565688 0.00000000 0.00000000 0.00000000
16,10,10,BP,rotate_-10,layer4_pooled,0.4960729777812958,0.996065236599788,0.007106870412826538,1.0145344847131839,0.06703414767980576,-0.008679859340190887,0.8853599263636406,0.7830350399017334,0.00000000 0.23290151 0.00000000 0.00000000 0.00000000 0.00000000 0.76709855 0.00000000 0.00000000 0.00000000
16,10,10,BP,rotate_-10,concat,0.3225622773170471,0.8031964607952989,0.002405017614364624,1.0075119883790564,0.18892961740493774,0.004731789231300354,1.0256886266151528,1.9388877153396606,0.19880483 0.35591397 0.01207345 0.10453026 0.00000000 0.00000000 0.32867756 0.00000000 0.00000000 0.00000000
16,10,10,BP,rotate_+10,layer2_flat,0.31068575382232666,0.7882712145224214,-0.0120486319065094,0.9626670338233019,0.1680862456560135,-0.006308123469352722,0.9638283993860957,2.22678804397583,0.21488859 0.31223300 0.08778553 0.04378401 0.00000000 0.01783518 0.30798438 0.01548929 0.00000000 0.00000000
16,10,10,BP,rotate_+10,layer3_flat,0.31946244835853577,0.7993277780216771,0.0021023452281951904,1.006624478652016,0.18077506124973297,-0.00996580719947815,0.9477521137423178,1.8822546005249023,0.18373679 0.29776710 0.00000000 0.13010433 0.00000000 0.00000000 0.38839179 0.00000000 0.00000000 0.00000000
16,10,10,BP,rotate_+10,layer4_pooled,0.5038618445396423,1.0038544162772234,0.014895737171173096,1.0304637416513567,0.07146121561527252,-0.004252791404724121,0.9438308501682554,0.7853171825408936,0.00000000 0.23423269 0.00000000 0.00000000 0.00000000 0.00000000 0.76576734 0.00000000 0.00000000 0.00000000
16,10,10,BP,rotate_+10,concat,0.314904123544693,0.793604591146867,-0.005253136157989502,0.9835920129912048,0.176746666431427,-0.007451161742210388,0.9595480477916061,1.965853214263916,0.21400015 0.30677402 0.01949545 0.09645089 0.00000000 0.00000000 0.36327952 0.00000000 0.00000000 0.00000000
16,10,10,BP,scale_0.90,layer2_flat,0.29063570499420166,0.7624115751930864,-0.0320986807346344,0.9005414912264585,0.16748781502246857,-0.006906554102897644,0.9603969202819091,2.3481149673461914,0.21267958 0.31857133 0.08912224 0.04531363 0.00000000 0.03562430 0.26815557 0.03053339 0.00000000 0.00000000
16,10,10,BP,scale_0.90,layer3_flat,0.3018699288368225,0.777006986888564,-0.015490174293518066,0.9511905430434417,0.1824887990951538,-0.008252069354057312,0.9567367527415273,1.9305346012115479,0.19772612 0.35360959 0.00000000 0.15699214 0.00000000 0.00000000 0.29167214 0.00000000 0.00000000 0.00000000
16,10,10,BP,scale_0.90,layer4_pooled,0.5097097754478455,1.0096630878147874,0.02074366807937622,1.0424235294977244,0.07555606961250305,-0.0001579374074935913,0.9979140265624854,0.9090137481689453,0.00000000 0.32431632 0.00000000 0.00000000 0.00000000 0.00000000 0.67568368 0.00000000 0.00000000 0.00000000
16,10,10,BP,scale_0.90,concat,0.2958933115005493,0.7692766881955404,-0.02426394820213318,0.9242124066635554,0.1771746724843979,-0.007023155689239502,0.9618716693956844,2.0371804237365723,0.22340156 0.34504122 0.03146583 0.10942303 0.00000000 0.00000000 0.29066840 0.00000000 0.00000000 0.00000000
16,10,10,BP,scale_1.10,layer2_flat,0.33832675218582153,0.8225895114646449,0.015592366456985474,1.0483133100977904,0.18101714551448822,0.006622776389122009,1.0379758613899004,2.1018660068511963,0.16076806 0.35802507 0.05261839 0.04541584 0.00000000 0.00625428 0.34863830 0.02828006 0.00000000 0.00000000
16,10,10,BP,scale_1.10,layer3_flat,0.32620537281036377,0.8077194721069485,0.008845269680023193,1.0278713977993716,0.1959611028432846,0.005220234394073486,1.0273682008291585,1.85403573513031,0.13368054 0.37791663 0.00000000 0.14655119 0.00000000 0.00000000 0.34185168 0.00000000 0.00000000 0.00000000
16,10,10,BP,scale_1.10,layer4_pooled,0.49119049310684204,0.99115134374811,0.0022243857383728027,1.0045491613934951,0.05588122457265854,-0.019832782447338104,0.7380566261426611,0.6773125529289246,0.00000000 0.17873991 0.00000000 0.00000000 0.00000000 0.00000000 0.82126015 0.00000000 0.00000000 0.00000000
16,10,10,BP,scale_1.10,concat,0.3324122726917267,0.8153677362904749,0.01225501298904419,1.0382781043303115,0.18973790109157562,0.005540072917938232,1.0300767548284322,1.8823494911193848,0.16451122 0.37209675 0.00871228 0.10060450 0.00000000 0.00000000 0.35407531 0.00000000 0.00000000 0.00000000
16,10,10,BP,horizontal_flip,layer2_flat,0.3197351396083832,0.7996688559752507,-0.002999246120452881,0.9907067661424724,0.19372841715812683,0.01933404803276062,1.1108639466378136,2.354409694671631,0.14740646 0.31692994 0.03012096 0.07342847 0.01163031 0.03904361 0.33451155 0.04692879 0.00000000 0.00000000
16,10,10,BP,horizontal_flip,layer3_flat,0.3174750804901123,0.7968376001295525,0.00011497735977172852,1.000362293050189,0.2175750732421875,0.02683420479297638,1.1406840862737335,2.103651762008667,0.10560222 0.34393358 0.00000000 0.17708965 0.06937949 0.00000000 0.30399504 0.00000000 0.00000000 0.00000000
16,10,10,BP,horizontal_flip,layer4_pooled,0.5098187327384949,1.0097709965516883,0.020852625370025635,1.0426463614875237,0.052084386348724365,-0.023629620671272278,0.6879095216196993,0.7390780448913574,0.00000000 0.20874555 0.00000000 0.00000000 0.00000000 0.00000000 0.79125446 0.00000000 0.00000000 0.00000000
16,10,10,BP,horizontal_flip,concat,0.31869176030158997,0.7983630255736922,-0.0014654994010925293,0.995422563891105,0.20743532478809357,0.023237496614456177,1.1261551064132242,2.078296184539795,0.15433744 0.34280130 0.00317229 0.12539914 0.04561643 0.00000000 0.32867342 0.00000000 0.00000000 0.00000000
16,10,10,MSP,original,layer2_flat,0.1918058693408966,0.6193639791607138,0.0,1.0,0.09946919232606888,0.0,1.0,2.050595760345459,0.12256977 0.40092343 0.09944304 0.05306373 0.00000000 0.00000000 0.31325921 0.00000000 0.01074080 0.00000000
16,10,10,MSP,original,layer3_flat,0.2455081045627594,0.7007254877093588,0.0,1.0,0.10027191787958145,7.450580596923828e-09,1.0000000743037663,1.6438446044921875,0.21607848 0.42591411 0.00000000 0.01998990 0.00000000 0.00000000 0.33801749 0.00000000 0.00000000 0.00000000
16,10,10,MSP,original,layer4_pooled,0.3647569715976715,0.8541158839380889,0.0,1.0,0.03424292057752609,0.0,1.0,1.398423671722412,0.23068561 0.18926123 0.00000000 0.00000000 0.00000000 0.00000000 0.58005309 0.00000000 0.00000000 0.00000000
16,10,10,MSP,original,concat,0.21802808344364166,0.660345490548155,0.0,1.0,0.10156499594449997,7.450580596923828e-09,1.0000000733577654,1.8561345338821411,0.17640072 0.41943797 0.03433109 0.04277364 0.00000000 0.00000000 0.32705659 0.00000000 0.00000000 0.00000000
16,10,10,MSP,rotate_-10,layer2_flat,0.20350074768066406,0.6379666882849983,0.011694878339767456,1.0609724737824429,0.11402219533920288,0.014553003013134003,1.1463066369864716,2.142834424972534,0.13635090 0.39282456 0.05534007 0.03877790 0.00722973 0.01757575 0.32844609 0.00000000 0.02345497 0.00000000
16,10,10,MSP,rotate_-10,layer3_flat,0.2470323145389557,0.7028973104785018,0.001524209976196289,1.0062083896533869,0.11074478179216385,0.010472871363162994,1.1044447175510237,1.7325280904769897,0.21704459 0.43627840 0.00000000 0.04842386 0.00000000 0.00000000 0.29825309 0.00000000 0.00000000 0.00000000
16,10,10,MSP,rotate_-10,layer4_pooled,0.36286744475364685,0.8519007509723734,-0.0018895268440246582,0.9948197649636602,0.027205651625990868,-0.007037268951535225,0.7944898147517145,1.4404618740081787,0.19752628 0.25475362 0.00000000 0.00000000 0.00000000 0.00000000 0.54772013 0.00000000 0.00000000 0.00000000
16,10,10,MSP,rotate_-10,concat,0.22433502972126007,0.6698283805890283,0.006306946277618408,1.0289272197323138,0.11355600506067276,0.011991016566753387,1.1180625011083738,1.89628005027771,0.18451592 0.42368171 0.02321359 0.04939633 0.00096940 0.00000000 0.31173053 0.00000000 0.00649248 0.00000000
16,10,10,MSP,rotate_+10,layer2_flat,0.19683291018009186,0.6274279403725848,0.0050270408391952515,1.0262090042210048,0.11318755894899368,0.013718366622924805,1.1379157335249779,2.1920013427734375,0.15358223 0.37330061 0.08927623 0.05403309 0.00000000 0.00402333 0.30157495 0.01338013 0.01082941 0.00000000
16,10,10,MSP,rotate_+10,layer3_flat,0.2501249611377716,0.707283480844522,0.004616856575012207,1.018805312285783,0.09909557551145554,-0.0011763349175453186,0.9882685498610649,1.6004422903060913,0.22839569 0.33879110 0.00000000 0.00878143 0.00000000 0.00000000 0.42403179 0.00000000 0.00000000 0.00000000
16,10,10,MSP,rotate_+10,layer4_pooled,0.37828636169433594,0.8698118896569946,0.013529390096664429,1.0370915188745187,0.034631483256816864,0.0003885626792907715,1.0113472412027391,1.429003119468689,0.16669579 0.29227421 0.00000000 0.00000000 0.00000000 0.00000000 0.54102999 0.00000000 0.00000000 0.00000000
16,10,10,MSP,rotate_+10,concat,0.22220627963542938,0.6666427523575568,0.00417819619178772,1.0191635688658822,0.10876159369945526,0.007196605205535889,1.0708571458745932,1.8882343769073486,0.19576433 0.35907856 0.03759877 0.04081670 0.00000000 0.00000000 0.36674166 0.00000000 0.00000000 0.00000000
16,10,10,MSP,scale_0.90,layer2_flat,0.18028026819229126,0.6004669319659347,-0.011525601148605347,0.9399100705929869,0.11334441602230072,0.013875223696231842,1.1394926747832448,2.4008750915527344,0.16582383 0.35930440 0.10131527 0.04878919 0.01380740 0.02383663 0.25892684 0.02056585 0.00599936 0.00163128
16,10,10,MSP,scale_0.90,layer3_flat,0.23457883298397064,0.6849508493081392,-0.010929271578788757,0.9554830517786415,0.10159245133399963,0.0013205409049987793,1.013169599535262,1.7003555297851562,0.25785381 0.40189976 0.00000000 0.02766915 0.00000000 0.00000000 0.31257728 0.00000000 0.00000000 0.00000000
16,10,10,MSP,scale_0.90,layer4_pooled,0.3732840120792389,0.8640416796419474,0.008527040481567383,1.0233773200939649,0.031529199331998825,-0.0027137212455272675,0.9207508822355224,1.463594913482666,0.15375501 0.40010044 0.00000000 0.00000000 0.00000000 0.00000000 0.44614452 0.00000000 0.00000000 0.00000000
16,10,10,MSP,scale_0.90,concat,0.205509752035141,0.6411080283932513,-0.012518331408500671,0.9425838579566328,0.11012867093086243,0.008563682436943054,1.0843172688132725,2.0122923851013184,0.22088939 0.38691661 0.05086998 0.04550376 0.00932862 0.00000000 0.28649166 0.00000000 0.00000000 0.00000000
16,10,10,MSP,scale_1.10,layer2_flat,0.2121235877275467,0.6513425945346223,0.020317718386650085,1.1059285539924406,0.10859641432762146,0.009127222001552582,1.0917592853427518,1.958177089691162,0.12642601 0.41730788 0.06218184 0.03641581 0.00000000 0.00000000 0.34010744 0.00000000 0.01756104 0.00000000
16,10,10,MSP,scale_1.10,layer3_flat,0.25172144174575806,0.7095370909906797,0.006213337182998657,1.0253080736134517,0.10712848603725433,0.006856575608253479,1.0683798242084956,1.6731011867523193,0.17273247 0.45229277 0.00000000 0.04114136 0.00000000 0.00000000 0.33383331 0.00000000 0.00000000 0.00000000
16,10,10,MSP,scale_1.10,layer4_pooled,0.35715147852897644,0.8451644556285793,-0.007605493068695068,0.9791491495409631,0.024906281381845474,-0.009336639195680618,0.7273410375651289,1.3744397163391113,0.21572953 0.18739735 0.00000000 0.00000000 0.00000000 0.00000000 0.59687310 0.00000000 0.00000000 0.00000000
16,10,10,MSP,scale_1.10,concat,0.23160254955291748,0.6805917271799848,0.013574466109275818,1.0622601726108483,0.10861086845397949,0.00704587996006012,1.0693731182809376,1.7973086833953857,0.15687692 0.44046310 0.01426071 0.04560808 0.00000000 0.00000000 0.33790275 0.00000000 0.00488853 0.00000000
16,10,10,MSP,horizontal_flip,layer2_flat,0.21944618225097656,0.6624895202959463,0.027640312910079956,1.1441056679074335,0.15155792236328125,0.05208873003721237,1.5236669648018977,2.3681745529174805,0.06789859 0.35506499 0.00000000 0.08648194 0.04475337 0.07433896 0.30777633 0.06159002 0.00209584 0.00000000
16,10,10,MSP,horizontal_flip,layer3_flat,0.2547934055328369,0.7138534941188379,0.009285300970077515,1.0378207513213318,0.15192103385925293,0.051649123430252075,1.5150906491036489,2.042926549911499,0.14162517 0.43226597 0.00000000 0.09546313 0.08318993 0.00000000 0.24745587 0.00000000 0.00000000 0.00000000
16,10,10,MSP,horizontal_flip,layer4_pooled,0.36442679166793823,0.8537292213201305,-0.00033017992973327637,0.9990947947388472,0.021827304735779762,-0.01241561584174633,0.6374253237753258,1.392356514930725,0.13678606 0.31425557 0.00000000 0.00000000 0.00000000 0.00000000 0.54895836 0.00000000 0.00000000 0.00000000
16,10,10,MSP,horizontal_flip,concat,0.2364455908536911,0.6876708381975946,0.01841750741004944,1.0844730968555514,0.15333811938762665,0.051773130893707275,1.5097537218378865,2.155898332595825,0.11994314 0.40409464 0.00000000 0.09793352 0.07589544 0.02615310 0.27598017 0.00000000 0.00000000 0.00000000
17,10,10,BP,original,layer2_flat,0.3917636573314667,0.8851707827662034,0.0,1.0,0.19373971223831177,0.0,1.0,1.70562744140625,0.14402297 0.35679263 0.00000000 0.06268317 0.00000000 0.00000000 0.43650120 0.00000000 0.00000000 0.00000000
17,10,10,BP,original,layer3_flat,0.35271069407463074,0.8398936766932238,0.0,1.0,0.18740735948085785,0.0,1.0,1.6398651599884033,0.09284505 0.35484722 0.00000000 0.07557512 0.00000000 0.00000000 0.47673264 0.00000000 0.00000000 0.00000000
17,10,10,BP,original,layer4_pooled,0.4659968316555023,0.965398188993021,0.0,1.0,0.18513579666614532,-1.4901161193847656e-08,0.9999999195122701,0.0666363537311554,0.00000000 0.00791595 0.00000000 0.00000000 0.00000000 0.00000000 0.99208409 0.00000000 0.00000000 0.00000000
17,10,10,BP,original,concat,0.3703436851501465,0.8606319598413092,0.0,1.0,0.19053751230239868,0.0,1.0,1.677461862564087,0.11894553 0.35152316 0.00000000 0.06921403 0.00000000 0.00000000 0.46031719 0.00000000 0.00000000 0.00000000
17,10,10,BP,rotate_-10,layer2_flat,0.36896803975105286,0.85903205964743,-0.02279561758041382,0.9418128324213889,0.1997368484735489,0.005997136235237122,1.0309546048454399,1.8231079578399658,0.19360895 0.31740579 0.00471380 0.07289299 0.00000000 0.00000000 0.41137847 0.00000000 0.00000000 0.00000000
17,10,10,BP,rotate_-10,layer3_flat,0.3420087695121765,0.827053528512123,-0.010701924562454224,0.9696580661085387,0.2049681395292282,0.01756078004837036,1.0937037910193188,1.6767500638961792,0.17606609 0.33536908 0.00000000 0.04068820 0.00000000 0.00000000 0.44787666 0.00000000 0.00000000 0.00000000
17,10,10,BP,rotate_-10,layer4_pooled,0.4608561098575592,0.9600584459891587,-0.005140721797943115,0.9889683331543926,0.2139330357313156,0.028797224164009094,1.1555464819046328,0.5183237195014954,0.00000000 0.11619499 0.00000000 0.00000000 0.00000000 0.00000000 0.88380498 0.00000000 0.00000000 0.00000000
17,10,10,BP,rotate_-10,concat,0.35391053557395935,0.8413210274015019,-0.016433149576187134,0.955627299087116,0.20288316905498505,0.012345656752586365,1.0647938382491737,1.7467868328094482,0.18509781 0.32575506 0.00000000 0.06067838 0.00000000 0.00000000 0.42846870 0.00000000 0.00000000 0.00000000
17,10,10,BP,rotate_+10,layer2_flat,0.39207887649536133,0.8855268222875706,0.0003152191638946533,1.0008046156349493,0.1898084580898285,-0.003931254148483276,0.9797085785715047,1.688096284866333,0.13915043 0.31931630 0.00000000 0.04698841 0.00000000 0.00633507 0.48750061 0.00000000 0.00070919 0.00000000
17,10,10,BP,rotate_+10,layer3_flat,0.34962549805641174,0.8362122912949937,-0.003085196018218994,0.9912528991322349,0.1737925410270691,-0.013614818453788757,0.9273517406603942,1.4895131587982178,0.10828503 0.34535763 0.00000000 0.02265807 0.00000000 0.00000000 0.52369928 0.00000000 0.00000000 0.00000000
17,10,10,BP,rotate_+10,layer4_pooled,0.4648570120334625,0.964216793084898,-0.001139819622039795,0.9975540185155594,0.21545276045799255,0.030316948890686035,1.1637551840125782,0.2227819561958313,0.00000000 0.03581889 0.00000000 0.00000000 0.00000000 0.00000000 0.96418113 0.00000000 0.00000000 0.00000000
17,10,10,BP,rotate_+10,concat,0.36873918771743774,0.8587656114650117,-0.0016044974327087402,0.9956675447778894,0.18125516176223755,-0.009282350540161133,0.9512833434847172,1.581358551979065,0.12486935 0.33218658 0.00000000 0.03836313 0.00000000 0.00000000 0.50458091 0.00000000 0.00000000 0.00000000
17,10,10,BP,scale_0.90,layer2_flat,0.31434932351112366,0.7929051942207512,-0.07741433382034302,0.8023953157180017,0.17837755382061005,-0.015362158417701721,0.9207072301277808,2.129337787628174,0.20528832 0.32765198 0.02032322 0.08802854 0.00034942 0.03823261 0.32012594 0.00000000 0.00000000 0.00000000
17,10,10,BP,scale_0.90,layer3_flat,0.3148115575313568,0.793487942607015,-0.037899136543273926,0.8925489439933246,0.17408141493797302,-0.013325944542884827,0.9288931631088113,1.820857286453247,0.19220872 0.36122891 0.00000000 0.08497165 0.00000000 0.00000000 0.36159071 0.00000000 0.00000000 0.00000000
17,10,10,BP,scale_0.90,layer4_pooled,0.49195408821105957,0.9919214567807872,0.02595725655555725,1.0557026460100292,0.17116256058216095,-0.013973250985145569,0.9245243215411617,0.7284979820251465,0.00000000 0.20330954 0.00000000 0.00000000 0.00000000 0.00000000 0.79669046 0.00000000 0.00000000 0.00000000
17,10,10,BP,scale_0.90,concat,0.3146505653858185,0.7932850249258693,-0.055693119764328,0.8496177415807745,0.17674386501312256,-0.013793647289276123,0.9276066580143437,1.8575944900512695,0.20827800 0.35337368 0.00000000 0.09702316 0.00000000 0.00000000 0.34132519 0.00000000 0.00000000 0.00000000
17,10,10,BP,scale_1.10,layer2_flat,0.38751161098480225,0.8803540321766037,-0.004252046346664429,0.9891463991948187,0.19324298202991486,-0.0004967302083969116,0.9974360950439354,1.72978675365448,0.16023257 0.31556690 0.00000000 0.06841208 0.00000000 0.00000000 0.45578843 0.00000000 0.00000000 0.00000000
17,10,10,BP,scale_1.10,layer3_flat,0.35174015164375305,0.8387373267522473,-0.0009705424308776855,0.9972483328484801,0.18930180370807648,0.001894444227218628,1.010108697078153,1.6537166833877563,0.09981210 0.37831593 0.00000000 0.07185276 0.00000000 0.00000000 0.45001927 0.00000000 0.00000000 0.00000000
17,10,10,BP,scale_1.10,layer4_pooled,0.4665727913379669,0.9659946079952693,0.0005759596824645996,1.0012359733872378,0.19271034002304077,0.007574528455734253,1.0409133618805004,0.21957892179489136,0.00000000 0.03514662 0.00000000 0.00000000 0.00000000 0.00000000 0.96485335 0.00000000 0.00000000 0.00000000
17,10,10,BP,scale_1.10,concat,0.3678724467754364,0.8577557307012719,-0.002471238374710083,0.9933271756106723,0.19143415987491608,0.000896647572517395,1.0047058847450976,1.7006969451904297,0.13314533 0.34637731 0.00000000 0.06879888 0.00000000 0.00000000 0.45167848 0.00000000 0.00000000 0.00000000
17,10,10,BP,horizontal_flip,layer2_flat,0.3930240273475647,0.8865935115345304,0.0012603700160980225,1.0032171693124368,0.18960365653038025,-0.0041360557079315186,0.978651482134842,1.9046027660369873,0.09177368 0.35645044 0.01772113 0.05812821 0.00000000 0.04243127 0.43349528 0.00000000 0.00000000 0.00000000
17,10,10,BP,horizontal_flip,layer3_flat,0.3498232960700989,0.8364487982776936,-0.0028873980045318604,0.9918136930548731,0.17200317978858948,-0.015404179692268372,0.9178037632307626,1.491992712020874,0.06826749 0.36814710 0.00000000 0.04621854 0.00000000 0.00000000 0.51736695 0.00000000 0.00000000 0.00000000
17,10,10,BP,horizontal_flip,layer4_pooled,0.4662253260612488,0.9656348440909212,0.00022849440574645996,1.000490334676599,0.20894862711429596,0.02381281554698944,1.1286234972330225,0.30963265895843506,0.00000000 0.05557738 0.00000000 0.00000000 0.00000000 0.00000000 0.94442260 0.00000000 0.00000000 0.00000000
17,10,10,BP,horizontal_flip,concat,0.36847755312919617,0.8584608938433901,-0.0018661320209503174,0.9949610804888203,0.18059752881526947,-0.009939983487129211,0.9478318816753445,1.6049449443817139,0.08842456 0.36912143 0.00000000 0.06472845 0.00000000 0.00000000 0.47772551 0.00000000 0.00000000 0.00000000
17,10,10,MSP,original,layer2_flat,0.26034271717071533,0.7215853617843357,0.0,1.0,0.12730228900909424,1.4901161193847656e-08,1.0000001170533779,1.8026431798934937,0.12722379 0.37020868 0.00000000 0.10088631 0.00380868 0.00000000 0.39787257 0.00000000 0.00000000 0.00000000
17,10,10,MSP,original,layer3_flat,0.2966776192188263,0.7702955526534296,0.0,1.0,0.15507419407367706,0.0,1.0,1.669875144958496,0.07793595 0.42454979 0.00000000 0.09848088 0.00000000 0.00000000 0.39903337 0.00000000 0.00000000 0.00000000
17,10,10,MSP,original,layer4_pooled,0.40688908100128174,0.9020965369640677,0.0,1.0,0.10892245173454285,0.0,1.0,-0.0,0.00000000 0.00000000 0.00000000 0.00000000 0.00000000 0.00000000 1.00000000 0.00000000 0.00000000 0.00000000
17,10,10,MSP,original,concat,0.2803885042667389,0.7488504580578673,0.0,1.0,0.1427985280752182,0.0,1.0,1.7349433898925781,0.10649403 0.39677456 0.00000000 0.10018285 0.00000000 0.00000000 0.39654860 0.00000000 0.00000000 0.00000000
17,10,10,MSP,rotate_-10,layer2_flat,0.27448514103889465,0.7409252877839906,0.014142423868179321,1.054322333352814,0.17107835412025452,0.04377608001232147,1.3438750825052985,2.148663282394409,0.12919900 0.33076924 0.01698139 0.06621586 0.00000000 0.02776263 0.39235646 0.02605848 0.01065688 0.00000000
17,10,10,MSP,rotate_-10,layer3_flat,0.2943747043609619,0.7673000773634288,-0.00230291485786438,0.9922376522235807,0.1743091344833374,0.01923494040966034,1.1240370167611358,1.6682209968566895,0.14540738 0.42797786 0.00000000 0.04763716 0.00000000 0.00000000 0.37897757 0.00000000 0.00000000 0.00000000
17,10,10,MSP,rotate_-10,layer4_pooled,0.40452083945274353,0.8994674418262659,-0.002368241548538208,0.9941796384835283,0.13786740601062775,0.0289449542760849,1.2657390998355555,0.4282519817352295,0.00000000 0.08755392 0.00000000 0.00000000 0.00000000 0.00000000 0.91244608 0.00000000 0.00000000 0.00000000
17,10,10,MSP,rotate_-10,concat,0.2856972813606262,0.7559064510382567,0.005308777093887329,1.0189336474680077,0.17377132177352905,0.030972793698310852,1.216898550115161,1.747959852218628,0.15369670 0.39516309 0.00000000 0.07182866 0.00000000 0.00000000 0.37931156 0.00000000 0.00000000 0.00000000
17,10,10,MSP,rotate_+10,layer2_flat,0.28721490502357483,0.7579114790311264,0.026872187852859497,1.1032185119091897,0.1564778834581375,0.029175609350204468,1.2291837247560777,1.846777081489563,0.16083543 0.28142443 0.00000000 0.09452808 0.00000000 0.00000000 0.45277259 0.00000000 0.01043952 0.00000000
17,10,10,MSP,rotate_+10,layer3_flat,0.3001820147037506,0.7748316135829134,0.0035043954849243164,1.0118121329614949,0.14869365096092224,-0.006380543112754822,0.9588549007084813,1.6174092292785645,0.13609286 0.35792881 0.00000000 0.03892684 0.00000000 0.00000000 0.46705145 0.00000000 0.00000000 0.00000000
17,10,10,MSP,rotate_+10,layer4_pooled,0.4116516709327698,0.907360645975755,0.004762589931488037,1.0117048850752064,0.1380222886800766,0.029099836945533752,1.267161053408772,-0.0,0.00000000 0.00000000 0.00000000 0.00000000 0.00000000 0.00000000 1.00000000 0.00000000 0.00000000 0.00000000
17,10,10,MSP,rotate_+10,concat,0.29443490505218506,0.7673785311724391,0.014046400785446167,1.05009620783894,0.15279504656791687,0.00999651849269867,1.0700043524773803,1.7250304222106934,0.15340593 0.32253194 0.00000000 0.06920741 0.00000000 0.00000000 0.45485473 0.00000000 0.00000000 0.00000000
17,10,10,MSP,scale_0.90,layer2_flat,0.22846844792366028,0.6759710761913712,-0.031874269247055054,0.8775680395698122,0.15311011672019958,0.02580784261226654,1.2027288419858286,2.33009672164917,0.23578750 0.26953289 0.01248624 0.09945801 0.03827786 0.05118274 0.29327482 0.00000000 0.00000000 0.00000000
17,10,10,MSP,scale_0.90,layer3_flat,0.2639976739883423,0.7266328839081566,-0.03267994523048401,0.8898469479550816,0.14408695697784424,-0.010987237095832825,0.9291485139652453,1.8462260961532593,0.21544762 0.40629473 0.00000000 0.09697180 0.00000000 0.00000000 0.28128579 0.00000000 0.00000000 0.00000000
17,10,10,MSP,scale_0.90,layer4_pooled,0.410946249961853,0.906582869860062,0.004057168960571289,1.0099711915359768,0.09285806864500046,-0.01606438308954239,0.852515410426624,0.7854998111724854,0.00000000 0.23433959 0.00000000 0.00000000 0.00000000 0.00000000 0.76566041 0.00000000 0.00000000 0.00000000
17,10,10,MSP,scale_0.90,concat,0.24683833122253418,0.7026212795276473,-0.03355017304420471,0.8803439779679123,0.15015141665935516,0.007352888584136963,1.0514913471671947,1.9579784870147705,0.24356970 0.35446715 0.00000000 0.11330669 0.00901598 0.00000000 0.27964050 0.00000000 0.00000000 0.00000000
17,10,10,MSP,scale_1.10,layer2_flat,0.27306270599365234,0.7390029851004019,0.012719988822937012,1.0488586312731276,0.13800255954265594,0.0107002854347229,1.0840541577879954,1.796926736831665,0.15025194 0.33525544 0.00000000 0.09594389 0.00000000 0.00000000 0.41788825 0.00000000 0.00066047 0.00000000
17,10,10,MSP,scale_1.10,layer3_flat,0.29774999618530273,0.7716864598854936,0.0010723769664764404,1.0036146203724314,0.15053683519363403,-0.00453735888004303,0.9707407224837291,1.6349486112594604,0.08177190 0.45079142 0.00000000 0.07995097 0.00000000 0.00000000 0.38748577 0.00000000 0.00000000 0.00000000
17,10,10,MSP,scale_1.10,layer4_pooled,0.4072956144809723,0.9025470785293943,0.00040653347969055176,1.000999126048527,0.1158585175871849,0.006936065852642059,1.0636789361800487,-0.0,0.00000000 0.00000000 0.00000000 0.00000000 0.00000000 0.00000000 1.00000000 0.00000000 0.00000000 0.00000000
17,10,10,MSP,scale_1.10,concat,0.2867167890071869,0.7572539719370073,0.006328284740447998,1.0225697011258537,0.14563609659671783,0.002837568521499634,1.0198711328451866,1.734093427658081,0.12235820 0.39535642 0.00000000 0.08616409 0.00000000 0.00000000 0.39612132 0.00000000 0.00000000 0.00000000
17,10,10,MSP,horizontal_flip,layer2_flat,0.3073125183582306,0.7839802527592523,0.04696980118751526,1.180415268373093,0.18192058801651,0.054618313908576965,1.4290442907707985,2.026033639907837,0.08935983 0.27424365 0.00000000 0.11306586 0.00000000 0.08916264 0.43275562 0.00000000 0.00141236 0.00000000
17,10,10,MSP,horizontal_flip,layer3_flat,0.3078819513320923,0.7847062524691546,0.011204332113265991,1.0377660173447867,0.15713714063167572,0.0020629465579986572,1.0133029648827658,1.5969445705413818,0.09988439 0.35642204 0.00000000 0.05485050 0.00000000 0.00000000 0.48884311 0.00000000 0.00000000 0.00000000
17,10,10,MSP,horizontal_flip,layer4_pooled,0.4107121229171753,0.9063245808397511,0.0038230419158935547,1.0093957839971432,0.13163931667804718,0.022716864943504333,1.208559985398231,0.06523621082305908,0.00000000 0.00771558 0.00000000 0.00000000 0.00000000 0.00000000 0.99228442 0.00000000 0.00000000 0.00000000
17,10,10,MSP,horizontal_flip,concat,0.30769822001457214,0.7844720772781809,0.027309715747833252,1.0973995557312706,0.16975437104701996,0.026955842971801758,1.1887683531122546,1.727937936782837,0.11104103 0.33461523 0.00000000 0.09910761 0.00000000 0.00000000 0.45523608 0.00000000 0.00000000 0.00000000
18,10,10,BP,original,layer2_flat,0.412607342004776,0.9084132781997145,0.0,1.0,0.24041450023651123,0.0,1.0,1.8836994171142578,0.09298094 0.26694015 0.00000000 0.03109287 0.00000000 0.05643159 0.51609355 0.03646090 0.00000000 0.00000000
18,10,10,BP,original,layer3_flat,0.36549195647239685,0.854975972144711,0.0,1.0,0.21000833809375763,0.0,1.0,0.9361869096755981,0.01848464 0.24226016 0.00000000 0.00111313 0.00000000 0.00000000 0.73814201 0.00000000 0.00000000 0.00000000
18,10,10,BP,original,layer4_pooled,0.4461882412433624,0.9446568067222746,0.0,1.0,0.1857205629348755,0.0,1.0,-0.0,0.00000000 0.00000000 0.00000000 0.00000000 0.00000000 0.00000000 1.00000000 0.00000000 0.00000000 0.00000000
18,10,10,BP,original,concat,0.3869210183620453,0.8796829182859529,0.0,1.0,0.22767390310764313,0.0,1.0,1.5189275741577148,0.04675641 0.24545041 0.00000000 0.03421953 0.00000000 0.02395888 0.63232851 0.01728619 0.00000000 0.00000000
18,10,10,BP,rotate_-10,layer2_flat,0.37767505645751953,0.8691088038416358,-0.03493228554725647,0.9153377024813886,0.21107010543346405,-0.02934439480304718,0.8779424919293256,1.865716576576233,0.17426251 0.19155569 0.00000000 0.01781623 0.00106324 0.07635473 0.52531362 0.00000000 0.01363402 0.00000000
18,10,10,BP,rotate_-10,layer3_flat,0.35512301325798035,0.8427609545511472,-0.010368943214416504,0.9716301739866846,0.2006310075521469,-0.009377330541610718,0.9553478179643535,1.1578537225723267,0.04886844 0.17470534 0.00000000 0.00000000 0.01488383 0.01666417 0.74487823 0.00000000 0.00000000 0.00000000
18,10,10,BP,rotate_-10,layer4_pooled,0.4541098475456238,0.9530056112590564,0.007921606302261353,1.01775395577474,0.1530785709619522,-0.03264199197292328,0.8242413685543603,-0.0,0.00000000 0.00000000 0.00000000 0.00000000 0.00000000 0.00000000 1.00000000 0.00000000 0.00000000 0.00000000
18,10,10,BP,rotate_-10,concat,0.3657921552658081,0.8553270196431398,-0.021128863096237183,0.9453923098165421,0.20946680009365082,-0.01820710301399231,0.920029907840144,1.5849785804748535,0.10698955 0.16938515 0.00000000 0.02225744 0.01065552 0.04638723 0.64432508 0.00000000 0.00000000 0.00000000
18,10,10,BP,rotate_+10,layer2_flat,0.4173920452594757,0.9136651960751002,0.004784703254699707,1.0115962630025928,0.2391698807477951,-0.0012446194887161255,0.9948230265333974,1.8816931247711182,0.07247397 0.26698801 0.04454437 0.00000000 0.00000000 0.03996902 0.53432131 0.02735439 0.01434890 0.00000000
18,10,10,BP,rotate_+10,layer3_flat,0.37536299228668213,0.8664444497908473,0.009871035814285278,1.0270075322847871,0.20119774341583252,-0.00881059467792511,0.9580464530225,0.85249263048172,0.00862160 0.23364364 0.00000000 0.00000000 0.00000000 0.00000000 0.75773484 0.00000000 0.00000000 0.00000000
18,10,10,BP,rotate_+10,layer4_pooled,0.45169052481651306,0.9504635972161302,0.005502283573150635,1.0123317538754617,0.17202228307724,-0.013698279857635498,0.9262425245697475,-0.0,0.00000000 0.00000000 0.00000000 0.00000000 0.00000000 0.00000000 1.00000000 0.00000000 0.00000000 0.00000000
18,10,10,BP,rotate_+10,concat,0.394648015499115,0.8884233399670621,0.007726997137069702,1.019970476583982,0.2229986935853958,-0.0046752095222473145,0.9794653253692569,1.419919490814209,0.03974036 0.24358100 0.00831587 0.00940682 0.00000000 0.01911005 0.66194415 0.01522434 0.00267737 0.00000000
18,10,10,BP,scale_0.90,layer2_flat,0.3478817641735077,0.8341244081952136,-0.06472557783126831,0.8431303293910795,0.20718565583229065,-0.03322884440422058,0.8617851902801494,2.1889748573303223,0.17160702 0.21542305 0.02952367 0.04636967 0.00000000 0.08439039 0.43635526 0.01633086 0.00000000 0.00000000
18,10,10,BP,scale_0.90,layer3_flat,0.34095925092697144,0.8257835684087828,-0.024532705545425415,0.9328775774379837,0.19069276750087738,-0.01931557059288025,0.9080247443119859,1.3975237607955933,0.03919381 0.26236928 0.00000000 0.07586779 0.00000000 0.00000000 0.62256914 0.00000000 0.00000000 0.00000000
18,10,10,BP,scale_0.90,layer4_pooled,0.4816288352012634,0.9814569121477147,0.035440593957901,1.0794296906145748,0.09524289518594742,-0.09047766774892807,0.5128290248604961,-0.0,0.00000000 0.00000000 0.00000000 0.00000000 0.00000000 0.00000000 1.00000000 0.00000000 0.00000000 0.00000000
18,10,10,BP,scale_0.90,concat,0.34445375204086304,0.83000452051885,-0.04246726632118225,0.8902430617472026,0.20318490266799927,-0.02448900043964386,0.8924382632121082,1.8033726215362549,0.10979731 0.22585540 0.00000000 0.07806253 0.00000000 0.04521430 0.54107052 0.00000000 0.00000000 0.00000000
18,10,10,BP,scale_1.10,layer2_flat,0.40684112906455994,0.9020433792945436,-0.0057662129402160645,0.9860249385961355,0.23264171183109283,-0.007772788405418396,0.9676692196280197,1.9238861799240112,0.10964546 0.23602952 0.00000000 0.02162471 0.00000000 0.07981104 0.51899725 0.03068564 0.00320639 0.00000000
18,10,10,BP,scale_1.10,layer3_flat,0.3725210726261139,0.8631582388254356,0.007029116153717041,1.0192319311799374,0.21027405560016632,0.0002657175064086914,1.0012652712212256,1.1227840185165405,0.04062551 0.23765668 0.00000000 0.00000000 0.00000000 0.01456221 0.70715559 0.00000000 0.00000000 0.00000000
18,10,10,BP,scale_1.10,layer4_pooled,0.4459192752838135,0.9443720403356015,-0.0002689659595489502,0.9993971917350425,0.1684396117925644,-0.017280951142311096,0.9069518696845769,-0.0,0.00000000 0.00000000 0.00000000 0.00000000 0.00000000 0.00000000 1.00000000 0.00000000 0.00000000 0.00000000
18,10,10,BP,scale_1.10,concat,0.38876989483833313,0.8817821667944222,0.0018488764762878418,1.0047784338108845,0.22431722283363342,-0.0033566802740097046,0.9852566314005345,1.5882325172424316,0.07126929 0.22560924 0.00000000 0.01243229 0.00162290 0.05059987 0.62398565 0.01282395 0.00165676 0.00000000
18,10,10,BP,horizontal_flip,layer2_flat,0.42083242535591125,0.9174229399310999,0.008225083351135254,1.019934408610257,0.25074437260627747,0.010329872369766235,1.0429669273673638,1.953490138053894,0.12940052 0.22918580 0.00000000 0.02044046 0.00000000 0.06527028 0.50756788 0.04736887 0.00076611 0.00000000
18,10,10,BP,horizontal_flip,layer3_flat,0.3652547597885132,0.8546984962997339,-0.000237196683883667,0.9993510207825848,0.19888471066951752,-0.011123627424240112,0.9470324486867706,0.927618145942688,0.02039152 0.23823065 0.00000000 0.00000000 0.00000000 0.00000000 0.74137789 0.00000000 0.00000000 0.00000000
18,10,10,BP,horizontal_flip,layer4_pooled,0.44832050800323486,0.946911303135869,0.0021322667598724365,1.0047788501864725,0.1791587620973587,-0.006561800837516785,0.9646684204818914,-0.0,0.00000000 0.00000000 0.00000000 0.00000000 0.00000000 0.00000000 1.00000000 0.00000000 0.00000000 0.00000000
18,10,10,BP,horizontal_flip,concat,0.3904135823249817,0.8836442523153554,0.0034925639629364014,1.0090265552843638,0.22755882143974304,-0.00011508166790008545,0.9994945328984624,1.526197075843811,0.07690729 0.23202926 0.00000000 0.01616861 0.00000000 0.00766043 0.63459790 0.02534553 0.00729103 0.00000000
18,10,10,MSP,original,layer2_flat,0.2557244598865509,0.7151565701111203,0.0,1.0,0.15167376399040222,0.0,1.0,1.953925371170044,0.16965762 0.25180542 0.04352132 0.00000000 0.00000000 0.00000000 0.46274862 0.06514877 0.00711816 0.00000000
18,10,10,MSP,original,layer3_flat,0.28924059867858887,0.7605795141582357,0.0,1.0,0.17704476416110992,1.4901161193847656e-08,1.0000000841660726,1.463087797164917,0.18117118 0.22177500 0.01302262 0.00000000 0.00000000 0.00000000 0.58403122 0.00000000 0.00000000 0.00000000
18,10,10,MSP,original,layer4_pooled,0.3986942172050476,0.8929660880515538,0.0,1.0,0.17013128101825714,0.0,1.0,-0.0,0.00000000 0.00000000 0.00000000 0.00000000 0.00000000 0.00000000 1.00000000 0.00000000 0.00000000 0.00000000
18,10,10,MSP,original,concat,0.27412301301956177,0.7404363754159594,0.0,1.0,0.16704723238945007,0.0,1.0,1.6360026597976685,0.18379353 0.23640577 0.04805394 0.00000000 0.00000000 0.00000000 0.53174669 0.00000000 0.00000000 0.00000000
18,10,10,MSP,rotate_-10,layer2_flat,0.26228171586990356,0.7242675139337723,0.006557255983352661,1.0256418802731506,0.16603198647499084,0.014358222484588623,1.0946651688910585,1.9919145107269287,0.21251686 0.19615605 0.02317740 0.01854603 0.00000000 0.04137291 0.48476359 0.00000000 0.02346712 0.00000000
18,10,10,MSP,rotate_-10,layer3_flat,0.2789773643016815,0.7469636728806582,-0.010263234376907349,0.9645166189540473,0.1730492264032364,-0.003995522856712341,0.9774321301626219,1.6115736961364746,0.19650155 0.17638685 0.06036498 0.00000000 0.00000000 0.00000000 0.56674659 0.00000000 0.00000000 0.00000000
18,10,10,MSP,rotate_-10,layer4_pooled,0.3936944603919983,0.8873493792097883,-0.004999756813049316,0.987459670601479,0.14717742800712585,-0.022953853011131287,0.8650815248459033,0.26497745513916016,0.00000000 0.04504819 0.00000000 0.00000000 0.00000000 0.00000000 0.95495176 0.00000000 0.00000000 0.00000000
18,10,10,MSP,rotate_-10,concat,0.27118736505508423,0.7364609494808048,-0.002935647964477539,0.989290764273566,0.17073440551757812,0.0036871731281280518,1.022072638231502,1.7119266986846924,0.21200754 0.19323657 0.05347542 0.00000000 0.00000000 0.00000000 0.53091574 0.00000000 0.01036478 0.00000000
18,10,10,MSP,rotate_+10,layer2_flat,0.29444462060928345,0.7673911917780701,0.038720160722732544,1.1514135986043685,0.1913972795009613,0.03972351551055908,1.261901033278312,2.0081946849823,0.16593945 0.22489733 0.06116176 0.00000000 0.00000000 0.00911528 0.48528251 0.02937040 0.02423326 0.00000000
18,10,10,MSP,rotate_+10,layer3_flat,0.3068486452102661,0.7833883394718945,0.017608046531677246,1.0608768153988744,0.18684110045433044,0.009796351194381714,1.0553326276846693,1.3814135789871216,0.19932367 0.20743792 0.00000000 0.00000000 0.00000000 0.00000000 0.59323835 0.00000000 0.00000000 0.00000000
18,10,10,MSP,rotate_+10,layer4_pooled,0.3993833065032959,0.8937374407546054,0.000689089298248291,1.0017283654201892,0.1579698920249939,-0.012161388993263245,0.9285176193325277,-0.0,0.00000000 0.00000000 0.00000000 0.00000000 0.00000000 0.00000000 1.00000000 0.00000000 0.00000000 0.00000000
18,10,10,MSP,rotate_+10,concat,0.30123767256736755,0.776192853055692,0.027114659547805786,1.0989142036964694,0.19039882719516754,0.023351594805717468,1.1397903722890559,1.6189987659454346,0.18919007 0.22118761 0.03809252 0.00000000 0.00000000 0.00000000 0.54810506 0.00000000 0.00342475 0.00000000
18,10,10,MSP,scale_0.90,layer2_flat,0.2413751631975174,0.6948023649895233,-0.014349296689033508,0.9438876644989561,0.16428376734256744,0.012610003352165222,1.083138988710533,2.2040162086486816,0.27135637 0.21617416 0.01301594 0.05574195 0.00000000 0.04341652 0.36364529 0.03664982 0.00000000 0.00000000
18,10,10,MSP,scale_0.90,layer3_flat,0.27080896496772766,0.7359469613602976,-0.018431633710861206,0.9362757725056462,0.17247216403484344,-0.004572585225105286,0.974172714840779,1.8550946712493896,0.23721384 0.29472438 0.02783353 0.03558104 0.00000000 0.00000000 0.40464720 0.00000000 0.00000000 0.00000000
18,10,10,MSP,scale_0.90,layer4_pooled,0.3903966546058655,0.883625095394948,-0.008297562599182129,0.9791881541264144,0.10093800723552704,-0.0691932737827301,0.593294816989604,0.8338507413864136,0.00000000 0.26476416 0.00000000 0.00000000 0.00000000 0.00000000 0.73523587 0.00000000 0.00000000 0.00000000
18,10,10,MSP,scale_0.90,concat,0.25619250535964966,0.7158107366610948,-0.01793050765991211,0.9345895572125236,0.1692751795053482,0.0022279471158981323,1.013337228543186,1.940537929534912,0.26777035 0.26426032 0.03064730 0.05848827 0.00000000 0.00000000 0.37883377 0.00000000 0.00000000 0.00000000
18,10,10,MSP,scale_1.10,layer2_flat,0.2589581608772278,0.7196640339453234,0.00323370099067688,1.01264525494393,0.15790955722332,0.006235793232917786,1.0411131963025013,2.08599591255188,0.17875504 0.24829733 0.03017393 0.00000000 0.00670402 0.02054873 0.44925925 0.05247517 0.01378652 0.00000000
18,10,10,MSP,scale_1.10,layer3_flat,0.2882113754749298,0.7592250989988804,-0.0010292232036590576,0.9964416364495249,0.17238615453243256,-0.004658594727516174,0.9736869082705762,1.5451319217681885,0.17133336 0.29243422 0.01688915 0.00000000 0.00000000 0.00000000 0.51934326 0.00000000 0.00000000 0.00000000
18,10,10,MSP,scale_1.10,layer4_pooled,0.39276421070098877,0.8863004126152585,-0.005930006504058838,0.9851264296091002,0.1548512727022171,-0.015280008316040039,0.9101869554822755,-0.0,0.00000000 0.00000000 0.00000000 0.00000000 0.00000000 0.00000000 1.00000000 0.00000000 0.00000000 0.00000000
18,10,10,MSP,scale_1.10,concat,0.2744799554347992,0.7409182889290818,0.00035694241523742676,1.0013021249522405,0.1667834222316742,-0.0002638101577758789,0.9984207451150148,1.7195537090301514,0.18716240 0.27673933 0.04074428 0.00000000 0.00000000 0.00000000 0.48651093 0.00000000 0.00884304 0.00000000
18,10,10,MSP,horizontal_flip,layer2_flat,0.3029508888721466,0.7783969281441784,0.0472264289855957,1.1846770113674792,0.20491936802864075,0.053245604038238525,1.3510534889953467,2.1248116493225098,0.18401864 0.22083460 0.01645844 0.02581027 0.00000000 0.02074757 0.46208239 0.04944713 0.02060107 0.00000000
18,10,10,MSP,horizontal_flip,layer3_flat,0.2991468906402588,0.7734945256952486,0.009906291961669922,1.0342493135711,0.18104977905750275,0.004005029797554016,1.0226215677916035,1.376509428024292,0.17756923 0.22483709 0.00049453 0.00000000 0.00000000 0.00000000 0.59709918 0.00000000 0.00000000 0.00000000
18,10,10,MSP,horizontal_flip,layer4_pooled,0.3978540003299713,0.8920246637060786,-0.0008402168750762939,0.9978925782245743,0.161472350358963,-0.008658930659294128,0.9491044174391773,-0.0,0.00000000 0.00000000 0.00000000 0.00000000 0.00000000 0.00000000 1.00000000 0.00000000 0.00000000 0.00000000
18,10,10,MSP,horizontal_flip,concat,0.30093905329704285,0.7758080346284677,0.02681604027748108,1.0978248414169796,0.19368679821491241,0.02663956582546234,1.1594732546253506,1.7341210842132568,0.18960850 0.22516197 0.01944541 0.02442645 0.00000000 0.00000000 0.53093022 0.00000000 0.01042736 0.00000000
19,10,10,BP,original,layer2_flat,0.34934449195861816,0.8358761773834904,0.0,1.0,0.19111023843288422,-1.4901161193847656e-08,0.9999999220284578,2.191936731338501,0.34018549 0.20919582 0.04630399 0.04696062 0.00000000 0.04983971 0.30209768 0.00541666 0.00000000 0.00000000
19,10,10,BP,original,layer3_flat,0.3857102394104004,0.8783054587219646,0.0,1.0,0.24714528024196625,0.0,1.0,1.7805707454681396,0.34064057 0.10545159 0.00000000 0.10075790 0.00799746 0.00000000 0.44515240 0.00000000 0.00000000 0.00000000
19,10,10,BP,original,layer4_pooled,0.6408292651176453,1.1321035863538682,0.0,1.0,0.1734587848186493,1.4901161193847656e-08,1.0000000859060698,0.6894838809967041,0.00000000 0.18434191 0.00000000 0.00000000 0.00000000 0.00000000 0.81565815 0.00000000 0.00000000 0.00000000
19,10,10,BP,original,concat,0.365817666053772,0.8553568448943072,0.0,1.0,0.22024379670619965,0.0,1.0,1.9167308807373047,0.34389198 0.15988801 0.00000000 0.08651720 0.00450079 0.01564970 0.38955230 0.00000000 0.00000000 0.00000000
19,10,10,BP,rotate_-10,layer2_flat,0.34075626730918884,0.825537724527703,-0.008588224649429321,0.9754161727260836,0.181620791554451,-0.009489461779594421,0.9503456166584744,2.168555736541748,0.31894892 0.23763309 0.08511059 0.01825328 0.00000000 0.04740027 0.29098853 0.00166537 0.00000000 0.00000000
19,10,10,BP,rotate_-10,layer3_flat,0.3808135390281677,0.8727124830414283,-0.004896700382232666,0.9873047176820996,0.2301120012998581,-0.017033278942108154,0.9310798938771443,1.5722646713256836,0.40582365 0.07471479 0.00000000 0.06192312 0.00000000 0.00000000 0.45753849 0.00000000 0.00000000 0.00000000
19,10,10,BP,rotate_-10,layer4_pooled,0.6936567425727844,1.1778427251316572,0.05282747745513916,1.0824361188394829,0.13541081547737122,-0.03804795444011688,0.7806513071780896,0.7739626169204712,0.00000000 0.22768992 0.00000000 0.00000000 0.00000000 0.00000000 0.77231002 0.00000000 0.00000000 0.00000000
19,10,10,BP,rotate_-10,concat,0.35825851559638977,0.8464732903008692,-0.007559150457382202,0.9793362891986457,0.20894385874271393,-0.011299937963485718,0.9486935017810818,1.8580971956253052,0.36132228 0.17137554 0.01438750 0.05990912 0.00000000 0.00000000 0.38926744 0.00000000 0.00373811 0.00000000
19,10,10,BP,rotate_+10,layer2_flat,0.33140790462493896,0.8141350067709151,-0.0179365873336792,0.9486564472991532,0.19250810146331787,0.001397848129272461,1.007314354436137,2.365654706954956,0.29502469 0.22968490 0.03477188 0.05755157 0.00432070 0.07896869 0.27889842 0.02077909 0.00000000 0.00000000
19,10,10,BP,rotate_+10,layer3_flat,0.35844558477401733,0.8466942597821452,-0.027264654636383057,0.9293131168153863,0.2427709400653839,-0.004374340176582336,0.9823005312005879,2.018094062805176,0.30984354 0.16913451 0.00000000 0.12886217 0.02926616 0.00000000 0.36289367 0.00000000 0.00000000 0.00000000
19,10,10,BP,rotate_+10,layer4_pooled,0.7345367074012756,1.2120533877690995,0.09370744228363037,1.1462284065105564,0.16474883258342743,-0.008709937334060669,0.9497866995243097,0.8909449577331543,0.00000000 0.30808023 0.00000000 0.00000000 0.00000000 0.00000000 0.69191980 0.00000000 0.00000000 0.00000000
19,10,10,BP,rotate_+10,concat,0.34346815943717957,0.8288162153785115,-0.022349506616592407,0.9389053381220629,0.21763333678245544,-0.0026104599237442017,0.9881474077237479,2.1412060260772705,0.30565870 0.19375326 0.00000000 0.10158388 0.01362700 0.04836804 0.33700916 0.00000000 0.00000000 0.00000000
19,10,10,BP,scale_0.90,layer2_flat,0.3360256850719452,0.8197873932574777,-0.013318806886672974,0.9618748622256437,0.1906481385231018,-0.0004621148109436035,0.9975819465314953,2.2874839305877686,0.31192344 0.23174129 0.05360194 0.03460781 0.01918758 0.06437434 0.28456354 0.00000000 0.00000000 0.00000000
19,10,10,BP,scale_0.90,layer3_flat,0.3486511707305908,0.8350463109679497,-0.03705906867980957,0.9039199251324977,0.22085317969322205,-0.0262921005487442,0.8936168211551656,1.9415538311004639,0.31418696 0.18265729 0.00000000 0.10060730 0.01820146 0.00000000 0.38434705 0.00000000 0.00000000 0.00000000
19,10,10,BP,scale_0.90,layer4_pooled,0.797431468963623,1.2628788294714763,0.15660220384597778,1.2443743011907922,0.17505529522895813,0.0015965253114700317,1.0092040622230878,0.9273029565811157,0.00000000 0.34261909 0.00000000 0.00000000 0.00000000 0.00000000 0.65738094 0.00000000 0.00000000 0.00000000
19,10,10,BP,scale_0.90,concat,0.34167808294296265,0.8266535948545347,-0.024139583110809326,0.9340119809654162,0.2071591168642044,-0.01308467984199524,0.9405900187082659,2.0280838012695312,0.32158187 0.21554309 0.00000000 0.07732590 0.02354884 0.01303057 0.34896973 0.00000000 0.00000000 0.00000000
19,10,10,BP,scale_1.10,layer2_flat,0.33962973952293396,0.8241719960335148,-0.009714752435684204,0.972191482449916,0.18829143047332764,-0.0028188228607177734,0.9852502792941416,2.257244110107422,0.31647703 0.23272336 0.03487218 0.06553000 0.00000000 0.07313077 0.27379844 0.00000000 0.00346822 0.00000000
19,10,10,BP,scale_1.10,layer3_flat,0.39672061800956726,0.8907531846808826,0.01101037859916687,1.0285457254543433,0.26348641514778137,0.016341134905815125,1.0661195507749541,1.937382698059082,0.32203856 0.10649569 0.00000000 0.15418337 0.00000000 0.00000000 0.39515501 0.00000000 0.02212730 0.00000000
19,10,10,BP,scale_1.10,layer4_pooled,0.7065584659576416,1.1887459492739747,0.06572920083999634,1.102568974948151,0.12251350283622742,-0.05094526708126068,0.7062975420314527,0.6591556668281555,0.00000000 0.17063516 0.00000000 0.00000000 0.00000000 0.00000000 0.82936484 0.00000000 0.00000000 0.00000000
19,10,10,BP,scale_1.10,concat,0.36485555768013,0.8542313008549032,-0.0009621083736419678,0.9973699783719633,0.22635795176029205,0.006114155054092407,1.0277608502282622,2.0637035369873047,0.31896880 0.16293246 0.00000000 0.11587901 0.00000000 0.03889418 0.35830829 0.00000000 0.00501722 0.00000000
19,10,10,BP,horizontal_flip,layer2_flat,0.3566639721393585,0.8445874402799968,0.0073194801807403564,1.0209520411776993,0.20167535543441772,0.010565102100372314,1.0552827591194183,2.2885537147521973,0.15023606 0.27652475 0.07832798 0.04271197 0.00396075 0.09407675 0.35416177 0.00000000 0.00000000 0.00000000
19,10,10,BP,horizontal_flip,layer3_flat,0.38200104236602783,0.8740721278773598,-0.0037091970443725586,0.9903834623368235,0.2649039030075073,0.017758622765541077,1.0718549945525269,2.1777496337890625,0.15000570 0.22218625 0.00000000 0.15433504 0.03870146 0.03201576 0.40275580 0.00000000 0.00000000 0.00000000
19,10,10,BP,horizontal_flip,layer4_pooled,0.6521615386009216,1.1420696463884519,0.011332273483276367,1.017683763991612,0.1715898960828781,-0.0018688738346099854,0.9892258325394085,0.8088948726654053,0.00000000 0.24850184 0.00000000 0.00000000 0.00000000 0.00000000 0.75149822 0.00000000 0.00000000 0.00000000
19,10,10,BP,horizontal_flip,concat,0.36793410778045654,0.8578276141282193,0.0021164417266845703,1.0057855098948876,0.2332020252943039,0.012958228588104248,1.0588358391102901,2.1816868782043457,0.16072206 0.24312547 0.00573492 0.09965966 0.01174843 0.07651920 0.40249026 0.00000000 0.00000000 0.00000000
19,10,10,MSP,original,layer2_flat,0.20099397003650665,0.634025188831653,0.0,1.0,0.10132536292076111,0.0,1.0,2.1825246810913086,0.30392611 0.18882655 0.05976472 0.00682853 0.00674245 0.01732993 0.36301702 0.05254610 0.00101858 0.00000000
19,10,10,MSP,original,layer3_flat,0.2874760329723358,0.7582559369663199,0.0,1.0,0.13218402862548828,0.0,1.0,1.308497428894043,0.38463548 0.03127538 0.02162968 0.00000000 0.00415451 0.00000000 0.55830497 0.00000000 0.00000000 0.00000000
19,10,10,MSP,original,layer4_pooled,0.48878878355026245,0.988725223254937,0.0,1.0,0.03969084843993187,0.0,1.0,0.9001912474632263,0.00000000 0.31619114 0.00000000 0.00000000 0.00000000 0.00000000 0.68380886 0.00000000 0.00000000 0.00000000
19,10,10,MSP,original,concat,0.24007779359817505,0.6929325993170982,0.0,1.0,0.11982519179582596,0.0,1.0,1.8505473136901855,0.33377159 0.11059687 0.04323314 0.01223071 0.01680622 0.00000000 0.46941179 0.01394973 0.00000000 0.00000000
19,10,10,MSP,rotate_-10,layer2_flat,0.22197991609573364,0.6663031083459444,0.02098594605922699,1.1044108241421913,0.13073129951953888,0.02940593659877777,1.290212990616019,2.229356527328491,0.25326988 0.25571471 0.10753138 0.01741094 0.00573981 0.01227027 0.32401142 0.02405166 0.00000000 0.00000000
19,10,10,MSP,rotate_-10,layer3_flat,0.2888697385787964,0.7600917557489969,0.0013937056064605713,1.0048480758275589,0.1385122537612915,0.006328225135803223,1.0478743551816299,1.5140043497085571,0.35421813 0.06369694 0.05921115 0.00000000 0.00000000 0.00000000 0.52287382 0.00000000 0.00000000 0.00000000
19,10,10,MSP,rotate_-10,layer4_pooled,0.5040817260742188,1.0040734296596228,0.015292942523956299,1.0312874252409117,0.033813245594501495,-0.005877602845430374,0.8519154143510574,0.979175329208374,0.00000000 0.41525060 0.00000000 0.00000000 0.00000000 0.00000000 0.58474940 0.00000000 0.00000000 0.00000000
19,10,10,MSP,rotate_-10,concat,0.2511536777019501,0.7087364498908605,0.011075884103775024,1.0461345630419567,0.13913021981716156,0.019305028021335602,1.1611099279863366,1.9193447828292847,0.29275379 0.16339862 0.08922613 0.01225887 0.00436490 0.00000000 0.43460470 0.00000000 0.00339299 0.00000000
19,10,10,MSP,rotate_+10,layer2_flat,0.20702847838401794,0.6434725765470009,0.0060345083475112915,1.0300233302839146,0.13204285502433777,0.03071749210357666,1.3031569906864813,2.5354437828063965,0.23940139 0.18838051 0.04858490 0.03526000 0.02771112 0.08245102 0.32392770 0.05262852 0.00165481 0.00000000
19,10,10,MSP,rotate_+10,layer3_flat,0.26656991243362427,0.730164245130675,-0.020906120538711548,0.9272769965465237,0.14733430743217468,0.015150278806686401,1.1146150481575687,1.8230561017990112,0.36988327 0.07131276 0.00000000 0.02664105 0.04925215 0.02950737 0.45340338 0.00000000 0.00000000 0.00000000
19,10,10,MSP,rotate_+10,layer4_pooled,0.53861004114151,1.037892134223504,0.04982125759124756,1.1019279886687958,0.05706057325005531,0.017369724810123444,1.4376254348901905,0.9985926151275635,0.00000000 0.47791854 0.00000000 0.00000000 0.00000000 0.00000000 0.52208149 0.00000000 0.00000000 0.00000000
19,10,10,MSP,rotate_+10,concat,0.23349972069263458,0.6833735738125005,-0.006578072905540466,0.9726002442503159,0.14224769175052643,0.02242249995470047,1.1871267603954248,2.226128339767456,0.29544127 0.13144419 0.02836000 0.04304462 0.04628499 0.06092606 0.39449880 0.00000000 0.00000000 0.00000000
19,10,10,MSP,scale_0.90,layer2_flat,0.2095412164926529,0.6473657644526051,0.00854724645614624,1.042524889948446,0.1287141740322113,0.027388811111450195,1.2703055811662733,2.463444232940674,0.22858310 0.23171145 0.07173537 0.03881021 0.02490844 0.04771775 0.32290468 0.03362906 0.00000000 0.00000000
19,10,10,MSP,scale_0.90,layer3_flat,0.25997716188430786,0.7210785836291463,-0.027498871088027954,0.9043437784930803,0.1326116919517517,0.00042766332626342773,1.0032353630821154,1.795053243637085,0.36249161 0.15062325 0.00256212 0.03436008 0.02652568 0.00000000 0.42343733 0.00000000 0.00000000 0.00000000
19,10,10,MSP,scale_0.90,layer4_pooled,0.583125650882721,1.0799311560305322,0.0943368673324585,1.193001293211068,0.07033879309892654,0.030647944658994675,1.772166528629518,0.9988926649093628,0.00000000 0.51958740 0.00000000 0.00000000 0.00000000 0.00000000 0.48041263 0.00000000 0.00000000 0.00000000
19,10,10,MSP,scale_0.90,concat,0.23191511631011963,0.6810508296891203,-0.00816267728805542,0.9659998654366029,0.13321799039840698,0.013392798602581024,1.1117694735284853,2.121375560760498,0.29085004 0.20267472 0.04507712 0.04497766 0.03933616 0.00219524 0.37488908 0.00000000 0.00000000 0.00000000
19,10,10,MSP,scale_1.10,layer2_flat,0.2003401666879654,0.6329931542883626,-0.0006538033485412598,0.9967471494372729,0.11400773376226425,0.012682370841503143,1.1251648202957427,2.3990235328674316,0.28446972 0.20221585 0.06109407 0.03544716 0.00000000 0.05452900 0.31746972 0.02401658 0.02075789 0.00000000
19,10,10,MSP,scale_1.10,layer3_flat,0.2887178361415863,0.7598918819695158,0.0012418031692504883,1.0043196754748793,0.15836746990680695,0.026183441281318665,1.1980832446505703,1.8785595893859863,0.33081564 0.05835635 0.01543079 0.05639604 0.02239318 0.01366934 0.49154073 0.00000000 0.01139793 0.00000000
19,10,10,MSP,scale_1.10,layer4_pooled,0.5086914896965027,1.0086540434623783,0.019902706146240234,1.0407184182943774,0.022321708500385284,-0.017369139939546585,0.5623893007629849,0.956386148929596,0.00000000 0.37767884 0.00000000 0.00000000 0.00000000 0.00000000 0.62232113 0.00000000 0.00000000 0.00000000
19,10,10,MSP,scale_1.10,concat,0.2393454909324646,0.6918749756024778,-0.0007323026657104492,0.9969497276081557,0.1374499648809433,0.01762477308511734,1.1470873763757596,2.192854642868042,0.29791704 0.12784933 0.03578921 0.05672257 0.01013910 0.03352150 0.41430619 0.00000000 0.02375501 0.00000000
19,10,10,MSP,horizontal_flip,layer2_flat,0.2505471706390381,0.7078801743784581,0.04955320060253143,1.2465407325069726,0.1684257835149765,0.0671004205942154,1.6622272909698563,2.371950387954712,0.08106937 0.23008437 0.07523295 0.02620024 0.03826844 0.13134544 0.40732118 0.00468909 0.00578894 0.00000000
19,10,10,MSP,horizontal_flip,layer3_flat,0.3047814667224884,0.7807451142626362,0.017305433750152588,1.0601978313501972,0.19923824071884155,0.06705421209335327,1.507279228739714,2.1686086654663086,0.13499166 0.14426355 0.00470628 0.05781065 0.08525088 0.08159119 0.49138579 0.00000000 0.00000000 0.00000000
19,10,10,MSP,horizontal_flip,layer4_pooled,0.4899338483810425,0.989882668179459,0.0011450648307800293,1.00234265774771,0.048588186502456665,0.008897338062524796,1.2241659831425842,0.9622489809989929,0.00000000 0.38611856 0.00000000 0.00000000 0.00000000 0.00000000 0.61388141 0.00000000 0.00000000 0.00000000
19,10,10,MSP,horizontal_flip,concat,0.2745896279811859,0.7410662966040028,0.034511834383010864,1.1437527139250143,0.1839459091424942,0.06412071734666824,1.5351188375762461,2.2783031463623047,0.09953694 0.18550029 0.03516635 0.04946282 0.06125721 0.10952213 0.45955426 0.00000000 0.00000000 0.00000000
20,10,10,BP,original,layer2_flat,0.26704105734825134,0.7308092190828621,0.0,1.0,0.16869553923606873,0.0,1.0,2.373663902282715,0.21705966 0.17253120 0.04040890 0.02656718 0.01650849 0.06409714 0.39985049 0.06297699 0.00000000 0.00000000
20,10,10,BP,original,layer3_flat,0.3200596868991852,0.8000746051452766,0.0,1.0,0.2311115264892578,0.0,1.0,2.0544235706329346,0.24333265 0.19030814 0.00000000 0.08142333 0.07518728 0.00000000 0.40974855 0.00000000 0.00000000 0.00000000
20,10,10,BP,original,layer4_pooled,0.4881580173969269,0.9880870583070369,0.0,1.0,0.09716913849115372,1.4901161193847656e-08,1.0000001533528413,0.5041395425796509,0.00000000 0.11140507 0.00000000 0.00000000 0.00000000 0.00000000 0.88859499 0.00000000 0.00000000 0.00000000
20,10,10,BP,original,concat,0.29191821813583374,0.7640919030271603,0.0,1.0,0.19965505599975586,0.0,1.0,2.178987503051758,0.23932280 0.19360575 0.03790461 0.05467763 0.05424888 0.00000000 0.41087461 0.00936574 0.00000000 0.00000000
20,10,10,BP,rotate_-10,layer2_flat,0.2803918719291687,0.7488549551537583,0.013350814580917358,1.0499953629357317,0.1756386160850525,0.006943076848983765,1.0411574418646994,2.3016116619110107,0.20416203 0.18504691 0.01518662 0.03675683 0.00514518 0.06299344 0.40764111 0.08306801 0.00000000 0.00000000
20,10,10,BP,rotate_-10,layer3_flat,0.32008910179138184,0.8001113694872506,2.9414892196655273e-05,1.0000919043959628,0.21848566830158234,-0.012625858187675476,0.945368981030863,2.0499205589294434,0.18486966 0.18060917 0.00000000 0.06308214 0.12934987 0.00000000 0.44208926 0.00000000 0.00000000 0.00000000
20,10,10,BP,rotate_-10,layer4_pooled,0.5086532831192017,1.0086161639783509,0.02049526572227478,1.041984900363867,0.0931737944483757,-0.003995329141616821,0.9588827294724392,0.8861308097839355,0.23931728 0.00794495 0.00000000 0.00000000 0.00000000 0.00000000 0.74969918 0.00000000 0.00303851 0.00000000
20,10,10,BP,rotate_-10,concat,0.29813119769096375,0.7721802868384607,0.006212979555130005,1.021283288157842,0.1975977122783661,-0.0020573437213897705,0.9896955090314268,2.2412567138671875,0.20810384 0.18569742 0.01554680 0.05311284 0.06587659 0.02219874 0.43305430 0.01640944 0.00000000 0.00000000
20,10,10,BP,rotate_+10,layer2_flat,0.27699822187423706,0.7443093736803763,0.009957164525985718,1.037287017302973,0.1720801591873169,0.003384619951248169,1.0200634822150914,2.2988710403442383,0.24913359 0.24573442 0.01008162 0.04225035 0.01495944 0.06819452 0.33783394 0.03181207 0.00000000 0.00000000
20,10,10,BP,rotate_+10,layer3_flat,0.3111658990383148,0.7888800910636734,-0.008893787860870361,0.972212095978073,0.21741220355033875,-0.013699322938919067,0.9407241899745898,2.002809524536133,0.26434597 0.25143549 0.00000000 0.07007951 0.04298115 0.00000000 0.37115788 0.00000000 0.00000000 0.00000000
20,10,10,BP,rotate_+10,layer4_pooled,0.47499707341194153,0.974676431860278,-0.013160943984985352,0.9730395824386162,0.1308675855398178,0.03369846194982529,1.3468021600325424,0.6574589610099792,0.00000000 0.16989258 0.00000000 0.00000000 0.00000000 0.00000000 0.83010745 0.00000000 0.00000000 0.00000000
20,10,10,BP,rotate_+10,concat,0.29325342178344727,0.7658373479838225,0.0013352036476135254,1.0045738962649726,0.19475089013576508,-0.004904165863990784,0.9754368060482664,2.023261070251465,0.26969862 0.26439714 0.00445268 0.06447148 0.03996934 0.00000000 0.35701075 0.00000000 0.00000000 0.00000000
20,10,10,BP,scale_0.90,layer2_flat,0.29260024428367615,0.7649839792880321,0.025559186935424805,1.0957125738983164,0.1891229748725891,0.020427435636520386,1.1210905500459831,2.328145980834961,0.22598003 0.17936979 0.00000000 0.03626598 0.02027174 0.10121968 0.37596348 0.06092933 0.00000000 0.00000000
20,10,10,BP,scale_0.90,layer3_flat,0.3110949695110321,0.7887901742682044,-0.008964717388153076,0.9719904825409992,0.21703940629959106,-0.014072120189666748,0.9391111278464948,2.1376121044158936,0.16553287 0.26817438 0.00000000 0.08763389 0.11593676 0.00000000 0.36272213 0.00000000 0.00000000 0.00000000
20,10,10,BP,scale_0.90,layer4_pooled,0.5836793184280396,1.0804437222067973,0.09552130103111267,1.1956770095476021,0.08397869765758514,-0.01319042593240738,0.8642529082805259,0.911548912525177,0.00000000 0.32672852 0.00000000 0.00000000 0.00000000 0.00000000 0.67327154 0.00000000 0.00000000 0.00000000
20,10,10,BP,scale_0.90,concat,0.3010532557964325,0.7759552252500559,0.009135037660598755,1.031293139972226,0.20464001595973969,0.004984959959983826,1.024967862371414,2.2159976959228516,0.22002855 0.22406153 0.00000000 0.06552257 0.06902492 0.04373963 0.37762278 0.00000000 0.00000000 0.00000000
20,10,10,BP,scale_1.10,layer2_flat,0.2717546224594116,0.7372307948796111,0.004713565111160278,1.0176510876565157,0.1702050417661667,0.0015095025300979614,1.008948087998798,2.2894363403320312,0.19870713 0.17584887 0.01886074 0.01473060 0.03882531 0.06125430 0.43451172 0.05726123 0.00000000 0.00000000
20,10,10,BP,scale_1.10,layer3_flat,0.33152085542678833,0.8142737321402286,0.01146116852760315,1.0358094724099929,0.24109108746051788,0.00997956097126007,1.043180715054819,2.056520938873291,0.20676024 0.17276685 0.00000000 0.07746782 0.10489084 0.00000000 0.43811417 0.00000000 0.00000000 0.00000000
20,10,10,BP,scale_1.10,layer4_pooled,0.4819859266281128,0.9818206828419462,-0.006172090768814087,0.9873563671007316,0.11745642870664597,0.020287305116653442,1.2087834526741996,0.3546154201030731,0.00000000 0.06699690 0.00000000 0.00000000 0.00000000 0.00000000 0.93300307 0.00000000 0.00000000 0.00000000
20,10,10,BP,scale_1.10,concat,0.30087897181510925,0.7757305870147306,0.008960753679275513,1.0306961098093415,0.20641043782234192,0.00675538182258606,1.033835265471867,2.048595905303955,0.22151703 0.19075318 0.01210008 0.05117721 0.08120271 0.00000000 0.44324976 0.00000000 0.00000000 0.00000000
20,10,10,BP,horizontal_flip,layer2_flat,0.2616463899612427,0.723389784225963,-0.005394667387008667,0.979798359695853,0.16613095998764038,-0.0025645792484283447,0.9847975870611236,2.393461227416992,0.21446252 0.23932004 0.03627549 0.01992615 0.01110622 0.09138328 0.33579841 0.05172792 0.00000000 0.00000000
20,10,10,BP,horizontal_flip,layer3_flat,0.31140589714050293,0.7891842587640772,-0.008653789758682251,0.9729619501834323,0.2150089144706726,-0.016102612018585205,0.9303253616852208,2.04038667678833,0.17540319 0.26895025 0.00000000 0.09611272 0.00000000 0.05755083 0.40198308 0.00000000 0.00000000 0.00000000
20,10,10,BP,horizontal_flip,layer4_pooled,0.4622800946235657,0.961540529175516,-0.025877922773361206,0.9469886351323273,0.09752300381660461,0.00035388022661209106,1.0036418999527221,0.8377587795257568,0.04162120 0.14521004 0.00000000 0.00000000 0.00000000 0.00000000 0.81316876 0.00000000 0.00000000 0.00000000
20,10,10,BP,horizontal_flip,concat,0.2837623059749603,0.7533422940137642,-0.008155912160873413,0.9720609689490143,0.18963542580604553,-0.010019630193710327,0.94981529446631,2.2305729389190674,0.20153597 0.24809402 0.02252905 0.06548955 0.00736455 0.07660062 0.37632445 0.00206183 0.00000000 0.00000000
20,10,10,MSP,original,layer2_flat,0.172247052192688,0.5869362012905457,0.0,1.0,0.09246625006198883,7.450580596923828e-09,1.000000080576223,2.060049533843994,0.17646702 0.34076518 0.01628490 0.01096905 0.01348034 0.01505018 0.37716019 0.04982315 0.00000000 0.00000000
20,10,10,MSP,original,layer3_flat,0.23678231239318848,0.6881603191018623,0.0,1.0,0.1287478357553482,0.0,1.0,1.6994307041168213,0.19269843 0.46573275 0.00000000 0.04756008 0.00000000 0.00000000 0.29400870 0.00000000 0.00000000 0.00000000
20,10,10,MSP,original,layer4_pooled,0.3633553385734558,0.8524732706348696,0.0,1.0,0.11401926726102829,7.450580596923828e-09,1.0000000653449304,1.4830536842346191,0.17433003 0.35906830 0.00000000 0.00000000 0.00000000 0.00000000 0.46660167 0.00000000 0.00000000 0.00000000
20,10,10,MSP,original,concat,0.2025122344493866,0.6364153273600293,0.0,1.0,0.11070968210697174,0.0,1.0,1.814497470855713,0.20189555 0.41721997 0.00000000 0.04007392 0.01400989 0.00000000 0.32407486 0.00272586 0.00000000 0.00000000
20,10,10,MSP,rotate_-10,layer2_flat,0.20230095088481903,0.6360832506595643,0.030053898692131042,1.1744813528555258,0.122574582695961,0.030108340084552765,1.325614399741084,2.0052194595336914,0.16000290 0.30666196 0.00058556 0.00285928 0.00000000 0.05162983 0.40349752 0.07476294 0.00000000 0.00000000
20,10,10,MSP,rotate_-10,layer3_flat,0.23890730738639832,0.6912413578286506,0.002124994993209839,1.008974466765373,0.13767951726913452,0.008931681513786316,1.0693734497462877,1.821395993232727,0.11381768 0.43261504 0.00000000 0.02807817 0.06909806 0.00000000 0.35639104 0.00000000 0.00000000 0.00000000
20,10,10,MSP,rotate_-10,layer4_pooled,0.3538750410079956,0.8412788372567036,-0.009480297565460205,0.973909018090517,0.06819936633110046,-0.04581989347934723,0.5981390025236171,1.4942607879638672,0.18812737 0.34078848 0.00000000 0.00000000 0.00000000 0.00000000 0.47108409 0.00000000 0.00000000 0.00000000
20,10,10,MSP,rotate_-10,concat,0.2186504453420639,0.6612872981421372,0.016138210892677307,1.0796900539687195,0.13076251745224,0.02005283534526825,1.1811299153195232,1.9872276782989502,0.14527687 0.37698978 0.00000000 0.01744886 0.03195575 0.01200862 0.37672144 0.03959867 0.00000000 0.00000000
20,10,10,MSP,rotate_+10,layer2_flat,0.20100480318069458,0.6340422749008059,0.028757750988006592,1.1669564188283996,0.12254193425178528,0.030075691640377045,1.3252613147313193,2.0929973125457764,0.22497913 0.35467115 0.00000000 0.03825630 0.02106381 0.04498519 0.30791378 0.00813056 0.00000000 0.00000000
20,10,10,MSP,rotate_+10,layer3_flat,0.23452314734458923,0.6848695457451576,-0.002259165048599243,0.9904588943922541,0.11709003150463104,-0.011657804250717163,0.9094524254933556,1.6575047969818115,0.24431512 0.49176550 0.00000000 0.03537424 0.00000000 0.00000000 0.22854514 0.00000000 0.00000000 0.00000000
20,10,10,MSP,rotate_+10,layer4_pooled,0.3666602373123169,0.8563413306764037,0.003304898738861084,1.0090955007069033,0.1466398984193802,0.032620638608932495,1.286097617743501,1.4112937450408936,0.14245927 0.53295493 0.00000000 0.00000000 0.00000000 0.00000000 0.32458583 0.00000000 0.00000000 0.00000000
20,10,10,MSP,rotate_+10,concat,0.2169443666934967,0.6587023101424447,0.014432132244110107,1.0712654832103283,0.12124568223953247,0.01053600013256073,1.0951678293347937,1.7455246448516846,0.25266817 0.44427255 0.00000000 0.04859603 0.00101979 0.00000000 0.25344342 0.00000000 0.00000000 0.00000000
20,10,10,MSP,scale_0.90,layer2_flat,0.2146604061126709,0.6552257719483734,0.04241335391998291,1.2462355865010104,0.14147250354290009,0.04900626093149185,1.5299908328373624,2.2275593280792236,0.17860235 0.30754647 0.00000000 0.04691494 0.00592590 0.08817347 0.33706954 0.03576725 0.00000000 0.00000000
20,10,10,MSP,scale_0.90,layer3_flat,0.23498383164405823,0.6855418756634174,-0.001798480749130249,0.9924044970633779,0.13003456592559814,0.001286730170249939,1.0099941887387143,1.8514482975006104,0.13425581 0.51479250 0.00000000 0.07327929 0.04597756 0.00000000 0.23169485 0.00000000 0.00000000 0.00000000
20,10,10,MSP,scale_0.90,layer4_pooled,0.4172409474849701,0.9134998056759182,0.05388560891151428,1.148300033578487,0.07550539076328278,-0.03851386904716492,0.6622161105864496,0.9218228459358215,0.00000000 0.66309839 0.00000000 0.00000000 0.00000000 0.00000000 0.33690163 0.00000000 0.00000000 0.00000000
20,10,10,MSP,scale_0.90,concat,0.22393468022346497,0.6692304240296685,0.02142244577407837,1.1057834645507634,0.13893961906433105,0.028229936957359314,1.2549906785011589,2.015101671218872,0.17933823 0.43035644 0.00000000 0.06721017 0.03590603 0.01771387 0.26947531 0.00000000 0.00000000 0.00000000
20,10,10,MSP,scale_1.10,layer2_flat,0.18953073024749756,0.6156796736087647,0.01728367805480957,1.1003423735540883,0.10876093059778214,0.0162946879863739,1.1762231007339243,1.992319107055664,0.19149469 0.33311370 0.00000000 0.00532807 0.02267914 0.03476077 0.38457948 0.02804418 0.00000000 0.00000000
20,10,10,MSP,scale_1.10,layer3_flat,0.25346696376800537,0.7119929266053215,0.016684651374816895,1.0704640950842677,0.15001033246517181,0.02126249670982361,1.1651483816012433,1.78487229347229,0.17592874 0.45427513 0.00000000 0.04237293 0.01935219 0.00000000 0.30807096 0.00000000 0.00000000 0.00000000
20,10,10,MSP,scale_1.10,layer4_pooled,0.3704194128513336,0.8607199461512829,0.007064074277877808,1.019441228813624,0.1441698968410492,0.0301506370306015,1.2644345971063244,1.519266128540039,0.29218960 0.23371337 0.00000000 0.00000000 0.00000000 0.00000000 0.47409704 0.00000000 0.00000000 0.00000000
20,10,10,MSP,scale_1.10,concat,0.22067727148532867,0.6643451986510156,0.018165037035942078,1.0896984672814536,0.12968939542770386,0.018979713320732117,1.171436797210038,1.8177995681762695,0.19914219 0.40729487 0.00000000 0.03002366 0.02840976 0.00000000 0.33512956 0.00000000 0.00000000 0.00000000
20,10,10,MSP,horizontal_flip,layer2_flat,0.20199455320835114,0.6356013738316668,0.029747501015663147,1.1727025260334367,0.14040343463420868,0.047937192022800446,1.5184291117325843,2.2523751258850098,0.21217409 0.27507791 0.07417480 0.00000000 0.00000000 0.10041662 0.31719875 0.00281252 0.01814538 0.00000000
20,10,10,MSP,horizontal_flip,layer3_flat,0.25410762429237366,0.712892171779679,0.01732531189918518,1.0731697892634078,0.17371411621570587,0.044966280460357666,1.3492585346867898,2.1640548706054688,0.20839125 0.36880341 0.03857359 0.07860623 0.00000000 0.03943846 0.26618704 0.00000000 0.00000000 0.00000000
20,10,10,MSP,horizontal_flip,layer4_pooled,0.3362012505531311,0.8200015250633759,-0.027154088020324707,0.9252685040300832,0.10055886209011078,-0.013460397720336914,0.8819462804565105,1.5586044788360596,0.29368985 0.28145871 0.00000000 0.00000000 0.00000000 0.00000000 0.42485139 0.00000000 0.00000000 0.00000000
20,10,10,MSP,horizontal_flip,concat,0.22514142096042633,0.6710311780542336,0.022629186511039734,1.111742318050338,0.1561390459537506,0.04542936384677887,1.4103468005849118,2.219637393951416,0.21514243 0.32704654 0.05520589 0.04529563 0.00000000 0.06852069 0.28878883 0.00000000 0.00000000 0.00000000
21,10,10,BP,original,layer2_flat,0.32673370838165283,0.8083733152221847,0.0,1.0,0.1898772418498993,0.0,1.0,2.01485538482666,0.14938714 0.27726781 0.00000000 0.02402633 0.02256698 0.03368078 0.46090287 0.03216812 0.00000000 0.00000000
21,10,10,BP,original,layer3_flat,0.35334086418151855,0.8406436393401411,0.0,1.0,0.21347467601299286,0.0,1.0,1.438525676727295,0.00063230 0.37511531 0.00000000 0.13858333 0.00000000 0.00000000 0.48566905 0.00000000 0.00000000 0.00000000
21,10,10,BP,original,layer4_pooled,0.4186333119869232,0.9150227450582015,0.0,1.0,0.11932160705327988,0.0,1.0,-0.0,0.00000000 0.00000000 0.00000000 0.00000000 0.00000000 0.00000000 1.00000000 0.00000000 0.00000000 0.00000000
21,10,10,BP,original,concat,0.3410373330116272,0.8258781181404762,0.0,1.0,0.2051050215959549,0.0,1.0,1.7271957397460938,0.09495503 0.32943061 0.00000000 0.09256396 0.00687837 0.00000000 0.47617209 0.00000000 0.00000000 0.00000000
21,10,10,BP,rotate_-10,layer2_flat,0.3190426826477051,0.7988024569913453,-0.007691025733947754,0.9764608746002403,0.1865876019001007,-0.003289639949798584,0.9826749118655211,2.071619987487793,0.14444791 0.30224937 0.01164036 0.03108544 0.00000000 0.06358738 0.42071524 0.02627435 0.00000000 0.00000000
21,10,10,BP,rotate_-10,layer3_flat,0.3498167097568512,0.8364409241026544,-0.0035241544246673584,0.9900261906224157,0.21471060812473297,0.0012359321117401123,1.005789595912815,1.44351065158844,0.00000000 0.46306318 0.00000000 0.14197558 0.00000000 0.00000000 0.39496127 0.00000000 0.00000000 0.00000000
21,10,10,BP,rotate_-10,layer4_pooled,0.41964685916900635,0.9161297497287231,0.0010135471820831299,1.002421085835884,0.11628834903240204,-0.003033258020877838,0.9745791387179524,-0.0,0.00000000 0.00000000 0.00000000 0.00000000 0.00000000 0.00000000 1.00000000 0.00000000 0.00000000 0.00000000
21,10,10,BP,rotate_-10,concat,0.33557945489883423,0.8192428881581264,-0.005457878112792969,0.9839962444446195,0.20484644174575806,-0.0002585798501968384,0.9987392807441596,1.7053940296173096,0.09276018 0.39946604 0.00000000 0.09923425 0.00000000 0.00000000 0.40853953 0.00000000 0.00000000 0.00000000
21,10,10,BP,rotate_+10,layer2_flat,0.33984285593032837,0.8244305379233939,0.013109147548675537,1.040121809327744,0.1862587332725525,-0.0036185085773468018,0.9809429053104309,1.9323816299438477,0.10815083 0.27093491 0.00000000 0.05345073 0.01257865 0.04384772 0.49998909 0.01104802 0.00000000 0.00000000
21,10,10,BP,rotate_+10,layer3_flat,0.36271390318870544,0.8517204978027774,0.00937303900718689,1.0265269035011622,0.19256459176540375,-0.02091008424758911,0.9020488770001998,1.4483917951583862,0.02310993 0.29066336 0.00000000 0.10837463 0.00000000 0.00000000 0.57785207 0.00000000 0.00000000 0.00000000
21,10,10,BP,rotate_+10,layer4_pooled,0.43604034185409546,0.9338526027742231,0.01740702986717224,1.0415806133164922,0.11753135919570923,-0.0017902478575706482,0.9849964486586553,-0.0,0.00000000 0.00000000 0.00000000 0.00000000 0.00000000 0.00000000 1.00000000 0.00000000 0.00000000 0.00000000
21,10,10,BP,rotate_+10,concat,0.3515763282775879,0.8385419825835649,0.010538995265960693,1.0309027612105168,0.19097822904586792,-0.014126792550086975,0.9311241019839726,1.6852456331253052,0.07149400 0.27496713 0.00000000 0.08804599 0.00000000 0.02052038 0.54497248 0.00000000 0.00000000 0.00000000
21,10,10,BP,scale_0.90,layer2_flat,0.2983223497867584,0.7724277957023018,-0.02841135859489441,0.9130442991770517,0.18139830231666565,-0.008478939533233643,0.9553451511588118,2.1755616664886475,0.13262469 0.34691483 0.00425193 0.05592375 0.01001408 0.06229472 0.35944176 0.02853419 0.00000000 0.00000000
21,10,10,BP,scale_0.90,layer3_flat,0.33973199129104614,0.8242960527517357,-0.013608872890472412,0.9614851429031352,0.19905877113342285,-0.014415904879570007,0.9324701873367637,1.4493600130081177,0.00134999 0.45479053 0.00000000 0.13622452 0.00000000 0.00000000 0.40763497 0.00000000 0.00000000 0.00000000
21,10,10,BP,scale_0.90,layer4_pooled,0.43906503915786743,0.9370859503352587,0.020431727170944214,1.0488057844081304,0.10337086766958237,-0.01595073938369751,0.8663214502597049,0.4586423933506012,0.00000000 0.09676071 0.00000000 0.00000000 0.00000000 0.00000000 0.90323925 0.00000000 0.00000000 0.00000000
21,10,10,BP,scale_0.90,concat,0.3193289041519165,0.7991606899140079,-0.021708428859710693,0.9363458872143275,0.19291315972805023,-0.012191861867904663,0.9405579552710197,1.811934471130371,0.08617079 0.40633321 0.00000000 0.10737834 0.00962032 0.00512114 0.38537621 0.00000000 0.00000000 0.00000000
21,10,10,BP,scale_1.10,layer2_flat,0.327349990606308,0.8091353293563543,0.0006162822246551514,1.0018861911362185,0.18827781081199646,-0.001599431037902832,0.9915764995198383,2.0320732593536377,0.17358284 0.26495826 0.00000000 0.03738689 0.01731068 0.04524903 0.44753933 0.01397299 0.00000000 0.00000000
21,10,10,BP,scale_1.10,layer3_flat,0.35544872283935547,0.8431473451768148,0.002107858657836914,1.005965510563613,0.20774699747562408,-0.005727678537368774,0.9731692833814474,1.4913229942321777,0.02698672 0.34445381 0.00000000 0.10110586 0.00000000 0.00000000 0.52745360 0.00000000 0.00000000 0.00000000
21,10,10,BP,scale_1.10,layer4_pooled,0.42098718881607056,0.9175916181134945,0.002353876829147339,1.005622765226135,0.13948793709278107,0.02016633003950119,1.1690082000850646,-0.0,0.00000000 0.00000000 0.00000000 0.00000000 0.00000000 0.00000000 1.00000000 0.00000000 0.00000000 0.00000000
21,10,10,BP,scale_1.10,concat,0.34241586923599243,0.827545611112756,0.0013785362243652344,1.0040421856815136,0.20117317140102386,-0.00393185019493103,0.9808300637189792,1.7313299179077148,0.11606861 0.30549282 0.00000000 0.08074671 0.00255139 0.00361204 0.49152842 0.00000000 0.00000000 0.00000000
21,10,10,BP,horizontal_flip,layer2_flat,0.33719033002853394,0.8212068314724786,0.010456621646881104,1.0320034981962585,0.18598583340644836,-0.0038914084434509277,0.9795056616289664,1.8205831050872803,0.19191523 0.26655012 0.00000000 0.05822961 0.00283573 0.00000000 0.46786517 0.00000000 0.01260416 0.00000000
21,10,10,BP,horizontal_flip,layer3_flat,0.35449859499931335,0.8420197087946497,0.0011577308177947998,1.0032765268191475,0.21710625290870667,0.003631576895713806,1.0170117456717713,1.6778051853179932,0.14387944 0.24571747 0.00000000 0.08038998 0.00000000 0.00000000 0.53001308 0.00000000 0.00000000 0.00000000
21,10,10,BP,horizontal_flip,layer4_pooled,0.4211671054363251,0.917787671998622,0.0025337934494018555,1.006052536615803,0.14664451777935028,0.027322910726070404,1.2289854402785667,-0.0,0.00000000 0.00000000 0.00000000 0.00000000 0.00000000 0.00000000 1.00000000 0.00000000 0.00000000 0.00000000
21,10,10,BP,horizontal_flip,concat,0.34678858518600464,0.8328128063208498,0.005751252174377441,1.0168639958668821,0.20364819467067719,-0.00145682692527771,0.9928971659789955,1.7200233936309814,0.16899154 0.25123328 0.00000000 0.07521562 0.00064847 0.00000000 0.50391114 0.00000000 0.00000000 0.00000000
21,10,10,MSP,original,layer2_flat,0.22266459465026855,0.6673298954044672,0.0,1.0,0.12728101015090942,0.0,1.0,2.1609668731689453,0.16557813 0.20255227 0.04463787 0.08030953 0.00000000 0.03681732 0.45724431 0.00000000 0.01286056 0.00000000
21,10,10,MSP,original,layer3_flat,0.28663578629493713,0.7571469953647536,0.0,1.0,0.176893413066864,0.0,1.0,1.835172414779663,0.17521697 0.29798448 0.00000000 0.10889991 0.00000000 0.00000000 0.41789865 0.00000000 0.00000000 0.00000000
21,10,10,MSP,original,layer4_pooled,0.3523333668708801,0.8394443005594595,0.0,1.0,0.0658712387084961,0.0,1.0,-0.0,0.00000000 0.00000000 0.00000000 0.00000000 0.00000000 0.00000000 1.00000000 0.00000000 0.00000000 0.00000000
21,10,10,MSP,original,concat,0.2570042908191681,0.7169439180565912,0.0,1.0,0.15469591319561005,0.0,1.0,1.8373653888702393,0.18370628 0.27220452 0.00000000 0.11224013 0.00000000 0.00000000 0.43184906 0.00000000 0.00000000 0.00000000
21,10,10,MSP,rotate_-10,layer2_flat,0.23551636934280396,0.6863182488362144,0.0128517746925354,1.057718088107647,0.1522400677204132,0.024959057569503784,1.1960941191440517,2.2673864364624023,0.16094796 0.19085182 0.03732936 0.09155161 0.00000000 0.08485799 0.42424825 0.00000000 0.01021297 0.00000000
21,10,10,MSP,rotate_-10,layer3_flat,0.2891343832015991,0.7604398506148913,0.0024985969066619873,1.0087169747328142,0.18910162150859833,0.012208208441734314,1.069014488612138,1.8975635766983032,0.17783858 0.36946285 0.00000000 0.14193588 0.00000000 0.00000000 0.31076273 0.00000000 0.00000000 0.00000000
21,10,10,MSP,rotate_-10,layer4_pooled,0.349626749753952,0.8362137881594061,-0.0027066171169281006,0.9923180221590755,0.06581847369670868,-5.276501178741455e-05,0.9991989673669245,-0.0,0.00000000 0.00000000 0.00000000 0.00000000 0.00000000 0.00000000 1.00000000 0.00000000 0.00000000 0.00000000
21,10,10,MSP,rotate_-10,concat,0.26429808139801025,0.7270461902768081,0.007293790578842163,1.0283800342615517,0.174459308385849,0.019763395190238953,1.1277564143864665,1.9061944484710693,0.18901183 0.32045966 0.00000000 0.13890347 0.00000000 0.00000000 0.35162497 0.00000000 0.00000000 0.00000000
21,10,10,MSP,rotate_+10,layer2_flat,0.25581619143486023,0.7152848263941578,0.033151596784591675,1.1488858021479023,0.14750388264656067,0.020222872495651245,1.158883658068987,1.99345064163208,0.10606153 0.24080752 0.00969574 0.10634717 0.00000000 0.03047860 0.49184260 0.00000000 0.01476684 0.00000000
21,10,10,MSP,rotate_+10,layer3_flat,0.29248711466789246,0.7648360800431586,0.005851328372955322,1.020413809624295,0.15520358085632324,-0.02168983221054077,0.8773847378804343,1.7133920192718506,0.15885906 0.24420673 0.00000000 0.08433430 0.00000000 0.00000000 0.51259995 0.00000000 0.00000000 0.00000000
21,10,10,MSP,rotate_+10,layer4_pooled,0.3668798506259918,0.8565977476341995,0.014546483755111694,1.0412861372860018,0.06414564698934555,-0.0017255917191505432,0.9738035635437082,-0.0,0.00000000 0.00000000 0.00000000 0.00000000 0.00000000 0.00000000 1.00000000 0.00000000 0.00000000 0.00000000
21,10,10,MSP,rotate_+10,concat,0.2746050953865051,0.7410871681340936,0.017600804567337036,1.0684844774815558,0.15192601084709167,-0.0027699023485183716,0.9820945344238152,1.7359981536865234,0.13842419 0.25330794 0.00000000 0.10470645 0.00000000 0.00000000 0.50356138 0.00000000 0.00000000 0.00000000
21,10,10,MSP,scale_0.90,layer2_flat,0.2285914272069931,0.6761529815167469,0.005926832556724548,1.026617759172746,0.15899668633937836,0.03171567618846893,1.2491783821531302,2.355905055999756,0.15773584 0.27347171 0.05349772 0.11072772 0.00000000 0.05086707 0.33687186 0.00000000 0.01682803 0.00000000
21,10,10,MSP,scale_0.90,layer3_flat,0.2814008593559265,0.7502011188420429,-0.00523492693901062,0.9817366595893026,0.1744418442249298,-0.002451568841934204,0.9861409828697597,1.8540501594543457,0.18695025 0.39372712 0.00000000 0.10893145 0.00000000 0.00000000 0.31039110 0.00000000 0.00000000 0.00000000
21,10,10,MSP,scale_0.90,layer4_pooled,0.35375186800956726,0.8411324128929609,0.0014185011386871338,1.0040260198779383,0.05768778175115585,-0.00818345695734024,0.8757658559689343,0.7169685363769531,0.00000000 0.19753402 0.00000000 0.00000000 0.00000000 0.00000000 0.80246603 0.00000000 0.00000000 0.00000000
21,10,10,MSP,scale_0.90,concat,0.25536081194877625,0.7146479020451627,-0.0016434788703918457,0.9936052473476334,0.16826720535755157,0.013571292161941528,1.0877288344695517,1.895737648010254,0.18962827 0.36165592 0.00000000 0.13139412 0.00000000 0.00000000 0.31732169 0.00000000 0.00000000 0.00000000
21,10,10,MSP,scale_1.10,layer2_flat,0.23152588307857513,0.6804790710647538,0.00886128842830658,1.039796575841727,0.1383618414402008,0.011080831289291382,1.087058008701113,2.2001357078552246,0.18654804 0.16610071 0.03401233 0.09785086 0.00000000 0.05602699 0.44833374 0.00000000 0.01112736 0.00000000
21,10,10,MSP,scale_1.10,layer3_flat,0.2905711233615875,0.7623268634405946,0.003935337066650391,1.0137293989613263,0.17396441102027893,-0.002929002046585083,0.983441994838658,1.745255708694458,0.19780731 0.27247638 0.00000000 0.06556628 0.00000000 0.00000000 0.46414998 0.00000000 0.00000000 0.00000000
21,10,10,MSP,scale_1.10,layer4_pooled,0.3590325117111206,0.8473871744499331,0.0066991448402404785,1.0190136543118737,0.08471111208200455,0.018839873373508453,1.2860106131690594,-0.0,0.00000000 0.00000000 0.00000000 0.00000000 0.00000000 0.00000000 1.00000000 0.00000000 0.00000000 0.00000000
21,10,10,MSP,scale_1.10,concat,0.2631427049636841,0.7254553121504923,0.006138414144515991,1.0238844811692704,0.15863505005836487,0.003939136862754822,1.0254637422628508,1.841827630996704,0.20614396 0.23943642 0.00000000 0.09700210 0.00000000 0.00439114 0.45302635 0.00000000 0.00000000 0.00000000
21,10,10,MSP,horizontal_flip,layer2_flat,0.27453628182411194,0.7409943074330759,0.051871687173843384,1.2329588467132973,0.17952924966812134,0.052248239517211914,1.410495166991948,2.108194589614868,0.18636975 0.13947454 0.01124154 0.13553512 0.00000000 0.01198000 0.47781795 0.01122257 0.02635861 0.00000000
21,10,10,MSP,horizontal_flip,layer3_flat,0.310443639755249,0.7879640090197636,0.02380785346031189,1.0830595989704213,0.19304107129573822,0.016147658228874207,1.0912846778680179,1.7190604209899902,0.29326612 0.09974433 0.00000000 0.11792274 0.00000000 0.00000000 0.48906681 0.00000000 0.00000000 0.00000000
21,10,10,MSP,horizontal_flip,layer4_pooled,0.3632034361362457,0.8522950617435792,0.0108700692653656,1.030851660068058,0.09022853523492813,0.024357296526432037,1.369771344878636,-0.0,0.00000000 0.00000000 0.00000000 0.00000000 0.00000000 0.00000000 1.00000000 0.00000000 0.00000000 0.00000000
21,10,10,MSP,horizontal_flip,concat,0.29439350962638855,0.7673245853305999,0.03738921880722046,1.145480912742358,0.18785040080547333,0.03315448760986328,1.214320384583953,1.780893087387085,0.24485342 0.12953654 0.00000000 0.13928401 0.00000000 0.00000000 0.48632598 0.00000000 0.00000000 0.00000000
22,10,10,BP,original,layer2_flat,0.24939650297164917,0.7062527918127463,0.0,1.0,0.14633966982364655,0.0,1.0,2.502804756164551,0.27901310 0.15690863 0.04561295 0.06438591 0.01806044 0.12076163 0.29359466 0.02166278 0.00000000 0.00000000
22,10,10,BP,original,layer3_flat,0.27986809611320496,0.7481551926080644,0.0,1.0,0.17544041574001312,0.0,1.0,2.1657450199127197,0.04247218 0.10054953 0.00000000 0.21822476 0.05921926 0.10440654 0.46630147 0.00785128 0.00097488 0.00000000
22,10,10,BP,original,layer4_pooled,0.5785980224609375,1.0757304703883195,0.0,1.0,0.03814911097288132,-3.725290298461914e-09,0.9999999023492333,1.1979783773422241,0.00000000 0.23381497 0.00000000 0.00000000 0.09467433 0.00000000 0.67151070 0.00000000 0.00000000 0.00000000
22,10,10,BP,original,concat,0.2614874243736267,0.7231699998943909,0.0,1.0,0.16596081852912903,-1.4901161193847656e-08,0.999999910212784,2.300142288208008,0.18718165 0.11602118 0.00000000 0.13920420 0.02962618 0.10858741 0.40957490 0.00980448 0.00000000 0.00000000
22,10,10,BP,rotate_-10,layer2_flat,0.26822972297668457,0.7324339191718043,0.0188332200050354,1.0755151727492376,0.16330745816230774,0.016967788338661194,1.115947974728883,2.4381508827209473,0.27873248 0.12843522 0.03321049 0.08785290 0.00762409 0.12832980 0.31557074 0.02024434 0.00000000 0.00000000
22,10,10,BP,rotate_-10,layer3_flat,0.2840357720851898,0.7537052103908926,0.004167675971984863,1.0148915722436764,0.1762600839138031,0.000819668173789978,1.0046720601426298,2.213000774383545,0.03966753 0.12954541 0.00000000 0.22383733 0.06023774 0.08023746 0.44768685 0.00000000 0.01878766 0.00000000
22,10,10,BP,rotate_-10,layer4_pooled,0.6965288519859314,1.1802786552216653,0.1179308295249939,1.2038216947634865,0.0477515384554863,0.009602423757314682,1.251707643363037,1.2593204975128174,0.00000000 0.31744146 0.00000000 0.05431568 0.01175136 0.00000000 0.61649156 0.00000000 0.00000000 0.00000000
22,10,10,BP,rotate_-10,concat,0.2744351625442505,0.7408578305508425,0.01294773817062378,1.0495157203127057,0.1755298376083374,0.00956900417804718,1.057658207543341,2.238490343093872,0.18677087 0.11466258 0.00000000 0.15588005 0.02726937 0.10484029 0.41057682 0.00000000 0.00000000 0.00000000
22,10,10,BP,rotate_+10,layer2_flat,0.3034512400627136,0.779039459928332,0.05405473709106445,1.2167421613645981,0.1716640293598175,0.02532435953617096,1.173051911122365,2.3429884910583496,0.19254139 0.17824668 0.02573901 0.09196108 0.00627818 0.10509537 0.38905641 0.01108190 0.00000000 0.00000000
22,10,10,BP,rotate_+10,layer3_flat,0.3179458975791931,0.7974282382499295,0.03807780146598816,1.1360562421893559,0.17752711474895477,0.0020866990089416504,1.0118940610128402,1.939968228340149,0.03896390 0.11690363 0.00000000 0.22522259 0.01416157 0.08791193 0.51422375 0.00000000 0.00261264 0.00000000
22,10,10,BP,rotate_+10,layer4_pooled,0.600898027420044,1.096264591620147,0.022300004959106445,1.0385414468999044,0.02739715203642845,-0.010751962661743164,0.7181595760077589,0.6460638046264648,0.00000000 0.16496822 0.00000000 0.00000000 0.00000000 0.00000000 0.83503175 0.00000000 0.00000000 0.00000000
22,10,10,BP,rotate_+10,concat,0.3095330595970154,0.7868075490194733,0.04804563522338867,1.183739754744591,0.178885817527771,0.012924984097480774,1.0778797251752286,2.074848175048828,0.13178633 0.13837253 0.00000000 0.15722743 0.00658282 0.09206944 0.47396144 0.00000000 0.00000000 0.00000000
22,10,10,BP,scale_0.90,layer2_flat,0.2701825797557831,0.7350953404229728,0.02078607678413391,1.0833455021877891,0.17556637525558472,0.02922670543193817,1.199718268238267,2.492337465286255,0.23869759 0.19864331 0.03898758 0.11398061 0.01513569 0.14629392 0.24826126 0.00000000 0.00000000 0.00000000
22,10,10,BP,scale_0.90,layer3_flat,0.28686079382896423,0.7574441152045004,0.006992697715759277,1.0249856908052348,0.18549785017967224,0.010057434439659119,1.0573267818431644,2.1662650108337402,0.07480823 0.19036280 0.00000000 0.24496713 0.01673595 0.08625828 0.38686761 0.00000000 0.00000000 0.00000000
22,10,10,BP,scale_0.90,layer4_pooled,0.7326502799987793,1.2104959975140597,0.1540522575378418,1.2662509230196617,0.05951832979917526,0.021369215101003647,1.5601496986106382,0.9506320953369141,0.00000000 0.36994797 0.00000000 0.00000000 0.00000000 0.00000000 0.63005203 0.00000000 0.00000000 0.00000000
22,10,10,BP,scale_0.90,concat,0.2766907215118408,0.7438961238127818,0.015203297138214111,1.058141599637437,0.1843721866607666,0.01841135323047638,1.1109379414999077,2.2898921966552734,0.17219450 0.18045783 0.00000000 0.17889783 0.01132179 0.11596119 0.34116688 0.00000000 0.00000000 0.00000000
22,10,10,BP,scale_1.10,layer2_flat,0.25980228185653687,0.7208360172140913,0.010405778884887695,1.0417238363844614,0.1486869603395462,0.002347290515899658,1.0160400151149196,2.390993118286133,0.26661363 0.15694328 0.02706979 0.09159753 0.00000000 0.14933963 0.29641303 0.01202310 0.00000000 0.00000000
22,10,10,BP,scale_1.10,layer3_flat,0.2815070152282715,0.7503426087172066,0.0016389191150665283,1.0058560412487951,0.17213623225688934,-0.0033041834831237793,0.9811663494459484,2.2012271881103516,0.04490450 0.08829812 0.00000000 0.20325345 0.04409830 0.12683216 0.47096670 0.00456172 0.01708502 0.00000000
22,10,10,BP,scale_1.10,layer4_pooled,0.5538418292999268,1.0524655142093033,-0.024756193161010742,0.957213484664754,0.04214474931359291,0.003995634615421295,1.1047372828158462,1.2135887145996094,0.00000000 0.22230528 0.00000000 0.00000000 0.10693139 0.00000000 0.67076331 0.00000000 0.00000000 0.00000000
22,10,10,BP,scale_1.10,concat,0.2685888111591339,0.7329240222003014,0.007101386785507202,1.0271576608415907,0.16539162397384644,-0.0005692094564437866,0.996570218137164,2.217751979827881,0.17837080 0.11078804 0.00000000 0.14999980 0.01517813 0.13451630 0.41083157 0.00031533 0.00000000 0.00000000
22,10,10,BP,horizontal_flip,layer2_flat,0.253173828125,0.7115810960459813,0.00377732515335083,1.0151458625454948,0.15416932106018066,0.007829651236534119,1.0535032725296982,2.478929281234741,0.33411053 0.11355840 0.05872134 0.04175003 0.03963976 0.06870890 0.30187374 0.04163733 0.00000000 0.00000000
22,10,10,BP,horizontal_flip,layer3_flat,0.2899863123893738,0.7615593376610568,0.010118216276168823,1.036153518091751,0.18897967040538788,0.013539254665374756,1.077172951330448,1.9191571474075317,0.26635116 0.03225952 0.00000000 0.10749670 0.13465798 0.00000000 0.45923465 0.00000000 0.00000000 0.00000000
22,10,10,BP,horizontal_flip,layer4_pooled,0.5320264101028442,1.0315293598369795,-0.04657161235809326,0.9195095549066503,0.07203738391399384,0.03388826921582222,1.8883107637765992,1.2108718156814575,0.00000000 0.30254546 0.00000000 0.00000000 0.06955269 0.00000000 0.62790185 0.00000000 0.00000000 0.00000000
22,10,10,BP,horizontal_flip,concat,0.26843616366386414,0.7327157206773499,0.006948739290237427,1.0265738947364524,0.1741369366645813,0.008176103234291077,1.0492652577433343,2.12835431098938,0.32051474 0.07698794 0.00492434 0.08605371 0.08563412 0.01839928 0.40267545 0.00481039 0.00000000 0.00000000
22,10,10,MSP,original,layer2_flat,0.1549905687570572,0.5567594970129511,0.0,1.0,0.09279043972492218,-1.4901161193847656e-08,0.9999998394106241,2.4678592681884766,0.27355719 0.16152492 0.06623925 0.06581201 0.03152054 0.10178562 0.29956055 0.00000000 0.00000000 0.00000000
22,10,10,MSP,original,layer3_flat,0.23856720328330994,0.690749163276091,0.0,1.0,0.13221977651119232,0.0,1.0,2.151477813720703,0.20036601 0.10404824 0.00000000 0.12921804 0.03702519 0.07202598 0.45731655 0.00000000 0.00000000 0.00000000
22,10,10,MSP,original,layer4_pooled,0.49571457505226135,0.9957053530560749,0.0,1.0,0.05919027701020241,0.0,1.0,0.9199798107147217,0.33502659 0.00000000 0.00000000 0.00000000 0.00000000 0.00000000 0.66497338 0.00000000 0.00000000 0.00000000
22,10,10,MSP,original,concat,0.18808752298355103,0.6133311063097175,0.0,1.0,0.11161971837282181,0.0,1.0,2.2929162979125977,0.23403423 0.12800023 0.00940193 0.11138991 0.03848229 0.08247088 0.39622054 0.00000000 0.00000000 0.00000000
22,10,10,MSP,rotate_-10,layer2_flat,0.19646839797496796,0.6268467084941388,0.04147782921791077,1.2676151816866892,0.13613386452198029,0.04334340989589691,1.4671106534620424,2.4576926231384277,0.26057327 0.17280783 0.04755651 0.06544522 0.02817739 0.10353808 0.31680536 0.00509642 0.00000000 0.00000000
22,10,10,MSP,rotate_-10,layer3_flat,0.252024382352829,0.7099639178899573,0.013457179069519043,1.0564083364530268,0.15417882800102234,0.021959051489830017,1.1660799319820747,2.294955253601074,0.17290114 0.15700622 0.00000000 0.12877244 0.04881867 0.01745366 0.42451033 0.00000000 0.05053756 0.00000000
22,10,10,MSP,rotate_-10,layer4_pooled,0.5854383707046509,1.0820705806042883,0.08972379565238953,1.1809989057569052,0.05379224941134453,-0.00539802759885788,0.9088021230609169,1.1577932834625244,0.05852009 0.28787664 0.00000000 0.00000000 0.00000000 0.00000000 0.65360326 0.00000000 0.00000000 0.00000000
22,10,10,MSP,rotate_-10,concat,0.21817226707935333,0.6605638002181975,0.030084744095802307,1.159950769824713,0.14649489521980286,0.03487517684698105,1.3124463791440664,2.299696683883667,0.21479011 0.15594676 0.00116500 0.11667378 0.04102014 0.06813564 0.39534456 0.00000000 0.00692406 0.00000000
22,10,10,MSP,rotate_+10,layer2_flat,0.2225189507007599,0.6671116109029431,0.0675283819437027,1.4356934908027572,0.14356586337089539,0.05077540874481201,1.5472050864377578,2.235200881958008,0.15670285 0.20899361 0.01073447 0.13467346 0.00186112 0.10276331 0.38427126 0.00000000 0.00000000 0.00000000
22,10,10,MSP,rotate_+10,layer3_flat,0.2919096052646637,0.7640806309083665,0.05334240198135376,1.223594866549127,0.1652231365442276,0.03300336003303528,1.2496098609725903,1.9878513813018799,0.17644043 0.10859956 0.00000000 0.16462159 0.00000000 0.05447903 0.49099463 0.00000000 0.00486474 0.00000000
22,10,10,MSP,rotate_+10,layer4_pooled,0.5441070199012756,1.0431749804335566,0.04839244484901428,1.0976215896896209,0.07258941978216171,0.013399142771959305,1.2263740507486285,0.6909394264221191,0.18502131 0.00000000 0.00000000 0.00000000 0.00000000 0.00000000 0.81497872 0.00000000 0.00000000 0.00000000
22,10,10,MSP,rotate_+10,concat,0.25144582986831665,0.7091485456070775,0.06335830688476562,1.3368554483540604,0.15449047088623047,0.04287075251340866,1.3840786658306348,2.0644731521606445,0.15725778 0.15605401 0.00000000 0.15936251 0.00000000 0.07747152 0.44985420 0.00000000 0.00000000 0.00000000
22,10,10,MSP,scale_0.90,layer2_flat,0.19852857291698456,0.6301247065732061,0.04353800415992737,1.2809074417159596,0.14980997145175934,0.057019516825675964,1.6144976555490793,2.6218342781066895,0.24124418 0.16399518 0.04523313 0.11995117 0.02637117 0.12407972 0.25897080 0.02015469 0.00000000 0.00000000
22,10,10,MSP,scale_0.90,layer3_flat,0.25095298886299133,0.7084532290320813,0.012385785579681396,1.0519173859992847,0.154987171292305,0.02276739478111267,1.1721935657561275,2.03975772857666,0.23985173 0.19934152 0.01033817 0.18683808 0.00000000 0.00385876 0.35977182 0.00000000 0.00000000 0.00000000
22,10,10,MSP,scale_0.90,layer4_pooled,0.635983943939209,1.1278155380550572,0.14026936888694763,1.2829639795680339,0.11129389703273773,0.052103620022535324,1.8802732923968941,0.9975630640983582,0.00839096 0.34864649 0.00000000 0.00000000 0.00000000 0.00000000 0.64296252 0.00000000 0.00000000 0.00000000
22,10,10,MSP,scale_0.90,concat,0.21888411045074463,0.6616405526428147,0.030796587467193604,1.1637354088060543,0.15453290939331055,0.04291319102048874,1.384458872013721,2.355210304260254,0.23424456 0.17000821 0.02769000 0.16947444 0.00845976 0.06999269 0.32013038 0.00000000 0.00000000 0.00000000
22,10,10,MSP,scale_1.10,layer2_flat,0.17891395092010498,0.5981871796020122,0.02392338216304779,1.1543537929742846,0.1174747571349144,0.024684302508831024,1.2660220020263404,2.4613208770751953,0.22749490 0.19171484 0.04900733 0.11151949 0.00945251 0.12284228 0.28796867 0.00000000 0.00000000 0.00000000
22,10,10,MSP,scale_1.10,layer3_flat,0.2502409815788269,0.7074474985167831,0.011673778295516968,1.0489328714710413,0.14626267552375793,0.014042899012565613,1.1062087637946558,2.2393312454223633,0.17681520 0.10195921 0.00000000 0.12604475 0.01446041 0.09649734 0.45369336 0.00000000 0.03052976 0.00000000
22,10,10,MSP,scale_1.10,layer4_pooled,0.4723864793777466,0.971994320330882,-0.02332809567451477,0.9529404684701709,0.059187453240156174,-2.823770046234131e-06,0.9999522933463261,0.9280406832695007,0.34340587 0.00000000 0.00000000 0.00000000 0.00000000 0.00000000 0.65659416 0.00000000 0.00000000 0.00000000
22,10,10,MSP,scale_1.10,concat,0.20770205557346344,0.6445185110971808,0.019614532589912415,1.104284070940333,0.13217030465602875,0.02055058628320694,1.1841125079207033,2.2900891304016113,0.19793417 0.14321738 0.00000000 0.13594605 0.01845906 0.10795044 0.38920403 0.00000000 0.00728889 0.00000000
22,10,10,MSP,horizontal_flip,layer2_flat,0.2036290168762207,0.6381677160060993,0.04863844811916351,1.313815534125105,0.14963378012180328,0.05684332549571991,1.612598846768972,2.388174057006836,0.34578520 0.04475637 0.01713243 0.06118873 0.07578948 0.06201670 0.33004123 0.06328987 0.00000000 0.00000000
22,10,10,MSP,horizontal_flip,layer3_flat,0.2870786488056183,0.7577316791656771,0.04851144552230835,1.2033449898161204,0.192009836435318,0.05979005992412567,1.4522020948856489,1.791182279586792,0.40937984 0.00000000 0.00000000 0.07254161 0.07877690 0.00000000 0.40349618 0.00000000 0.03580552 0.00000000
22,10,10,MSP,horizontal_flip,layer4_pooled,0.4592211842536926,0.9583539891435655,-0.036493390798568726,0.9263822517329701,0.0958256721496582,0.036635395139455795,1.6189427890753434,0.9774495363235474,0.41182646 0.00000000 0.00000000 0.00000000 0.00000000 0.00000000 0.58817351 0.00000000 0.00000000 0.00000000
22,10,10,MSP,horizontal_flip,concat,0.2381775677204132,0.6901848559920932,0.05009004473686218,1.2663124270129096,0.16927167773246765,0.057651959359645844,1.5165033580049505,1.977137565612793,0.38933861 0.00000000 0.00136569 0.08240757 0.09185327 0.01215441 0.38314125 0.03183274 0.00790647 0.00000000
23,10,10,BP,original,layer2_flat,0.3696480989456177,0.8598233527249858,0.0,1.0,0.20223504304885864,0.0,1.0,2.038827657699585,0.15844510 0.14955728 0.03535286 0.08343911 0.00000000 0.05545879 0.51620263 0.00000000 0.00154426 0.00000000
23,10,10,BP,original,layer3_flat,0.3643566071987152,0.8536470080761898,0.0,1.0,0.1912917196750641,0.0,1.0,1.5890783071517944,0.09438094 0.10860292 0.00000000 0.20724264 0.00000000 0.00000000 0.58977354 0.00000000 0.00000000 0.00000000
23,10,10,BP,original,layer4_pooled,0.4785560071468353,0.9783210180169241,0.0,1.0,0.11152356117963791,0.0,1.0,-0.0,0.00000000 0.00000000 0.00000000 0.00000000 0.00000000 0.00000000 1.00000000 0.00000000 0.00000000 0.00000000
23,10,10,BP,original,concat,0.36699947714805603,0.8567373893417469,0.0,1.0,0.19970335066318512,0.0,1.0,1.729394555091858,0.14303520 0.12875566 0.00000000 0.14444475 0.00000000 0.01316739 0.57059699 0.00000000 0.00000000 0.00000000
23,10,10,BP,rotate_-10,layer2_flat,0.37194517254829407,0.8624907797168548,0.0022970736026763916,1.0062142172764377,0.21032720804214478,0.008092164993286133,1.040013663662094,2.020850419998169,0.22620498 0.12050511 0.01550723 0.07919802 0.00000000 0.07419237 0.48439223 0.00000000 0.00000000 0.00000000
23,10,10,BP,rotate_-10,layer3_flat,0.3702337443828583,0.8605042061290094,0.005877137184143066,1.0161301786985892,0.18028968572616577,-0.011002033948898315,0.9424855714218613,1.5327014923095703,0.12590826 0.07050999 0.00000000 0.18936144 0.00000000 0.00000000 0.61422032 0.00000000 0.00000000 0.00000000
23,10,10,BP,rotate_-10,layer4_pooled,0.5143762826919556,1.0142744033958024,0.03582027554512024,1.0748507489407706,0.0793803259730339,-0.032143235206604004,0.7117807675228315,-0.0,0.00000000 0.00000000 0.00000000 0.00000000 0.00000000 0.00000000 1.00000000 0.00000000 0.00000000 0.00000000
23,10,10,BP,rotate_-10,concat,0.3711642026901245,0.8615848219300576,0.0041647255420684814,1.0113480421673107,0.20003721117973328,0.00033386051654815674,1.0016717822482086,1.7565512657165527,0.18614183 0.08624258 0.00000000 0.13175833 0.00000000 0.02959364 0.56626362 0.00000000 0.00000000 0.00000000
23,10,10,BP,rotate_+10,layer2_flat,0.37759292125701904,0.8690142936189473,0.007944822311401367,1.0214929343179138,0.20239928364753723,0.00016424059867858887,1.0008121272960497,1.9679722785949707,0.15730710 0.12582247 0.03090442 0.07099829 0.00000000 0.06356479 0.54932457 0.00000000 0.00207838 0.00000000
23,10,10,BP,rotate_+10,layer3_flat,0.3707597851753235,0.8611153060715196,0.006403177976608276,1.0175739312807315,0.18143555521965027,-0.009856164455413818,0.9484757391898385,1.4651334285736084,0.13475691 0.07647990 0.00000000 0.13542041 0.00000000 0.00000000 0.65334284 0.00000000 0.00000000 0.00000000
23,10,10,BP,rotate_+10,layer4_pooled,0.49266642332077026,0.9926393336159617,0.014110416173934937,1.0294854018404913,0.12785613536834717,0.01633257418870926,1.1464495395932965,-0.0,0.00000000 0.00000000 0.00000000 0.00000000 0.00000000 0.00000000 1.00000000 0.00000000 0.00000000 0.00000000
23,10,10,BP,rotate_+10,concat,0.3742513954639435,0.8651605578896249,0.007251918315887451,1.0197600235624915,0.1941315233707428,-0.005571827292442322,0.9720994801844275,1.677220344543457,0.14989835 0.09402064 0.00000000 0.10810339 0.00000000 0.03429021 0.61368740 0.00000000 0.00000000 0.00000000
23,10,10,BP,scale_0.90,layer2_flat,0.3280799984931946,0.8100370343301528,-0.041568100452423096,0.887546830158523,0.2064916491508484,0.004256606101989746,1.0210478166285966,2.251455307006836,0.16750319 0.13336933 0.07767352 0.07847676 0.00000000 0.10235529 0.44062194 0.00000000 0.00000000 0.00000000
23,10,10,BP,scale_0.90,layer3_flat,0.32278871536254883,0.8034783324552677,-0.04156789183616638,0.8859142636231055,0.18197692930698395,-0.00931479036808014,0.9513058360087204,1.7506790161132812,0.06926459 0.20635775 0.00000000 0.25406012 0.00000000 0.00000000 0.47031754 0.00000000 0.00000000 0.00000000
23,10,10,BP,scale_0.90,layer4_pooled,0.5497545599937439,1.0485748041925707,0.07119855284690857,1.1487778897004086,0.05554261431097984,-0.055980946868658066,0.4980347984226927,0.20542487502098083,0.00000000 0.03222392 0.00000000 0.00000000 0.00000000 0.00000000 0.96777612 0.00000000 0.00000000 0.00000000
23,10,10,BP,scale_0.90,concat,0.32565176486968994,0.8070337847571066,-0.04134771227836609,0.8873357733379745,0.20016993582248688,0.0004665851593017578,1.0023363912410581,1.976232647895813,0.14547491 0.16149504 0.00000000 0.16215304 0.00000000 0.04915567 0.48172140 0.00000000 0.00000000 0.00000000
23,10,10,BP,scale_1.10,layer2_flat,0.40997129678726196,0.9055068158630966,0.04032319784164429,1.1090853651257855,0.21380949020385742,0.01157444715499878,1.0572326486075176,1.8997304439544678,0.18237482 0.19712736 0.00000000 0.07974686 0.00000000 0.04386086 0.49689019 0.00000000 0.00000000 0.00000000
23,10,10,BP,scale_1.10,layer3_flat,0.3942587077617645,0.8879850311370846,0.029902100563049316,1.0820682264907002,0.20107072591781616,0.009779006242752075,1.051120907163739,1.5650471448898315,0.10188767 0.10056689 0.00000000 0.19244112 0.00000000 0.00000000 0.60510433 0.00000000 0.00000000 0.00000000
23,10,10,BP,scale_1.10,layer4_pooled,0.48564815521240234,0.9855436623634717,0.007092148065567017,1.0148198914226065,0.10600500553846359,-0.005518555641174316,0.9505166838042792,-0.0,0.00000000 0.00000000 0.00000000 0.00000000 0.00000000 0.00000000 1.00000000 0.00000000 0.00000000 0.00000000
23,10,10,BP,scale_1.10,concat,0.40194186568260193,0.8965956342550435,0.0349423885345459,1.0952110035850382,0.2110425978899002,0.011339247226715088,1.0567804555557148,1.674178957939148,0.15335748 0.14894126 0.00000000 0.13181295 0.00000000 0.00000000 0.56588835 0.00000000 0.00000000 0.00000000
23,10,10,BP,horizontal_flip,layer2_flat,0.36050811409950256,0.8491267444845941,-0.009139984846115112,0.975273821582848,0.20784002542495728,0.005604982376098633,1.0277151886813047,2.198171615600586,0.16974020 0.15116528 0.05304917 0.10389326 0.00000000 0.07050615 0.45164600 0.00000000 0.00000000 0.00000000
23,10,10,BP,horizontal_flip,layer3_flat,0.3736472725868225,0.8644619975300505,0.0092906653881073,1.0254988250645742,0.2240971475839615,0.0328054279088974,1.1714942390839005,1.811368465423584,0.08704406 0.13976741 0.00000000 0.32043248 0.00910098 0.00000000 0.44365507 0.00000000 0.00000000 0.00000000
23,10,10,BP,horizontal_flip,layer4_pooled,0.48485898971557617,0.9847425955198406,0.006302982568740845,1.0131708357529692,0.05091051757335663,-0.06061304360628128,0.4565001066626217,-0.0,0.00000000 0.00000000 0.00000000 0.00000000 0.00000000 0.00000000 1.00000000 0.00000000 0.00000000 0.00000000
23,10,10,BP,horizontal_flip,concat,0.3671163022518158,0.8568737389508629,0.00011682510375976562,1.0003183249869108,0.22193729877471924,0.02223394811153412,1.111334877645203,1.8459746837615967,0.16368651 0.15543707 0.00000000 0.20297676 0.00284320 0.00000000 0.47505650 0.00000000 0.00000000 0.00000000
23,10,10,MSP,original,layer2_flat,0.2577197551727295,0.7179411607823157,0.0,1.0,0.13826820254325867,0.0,1.0,2.113978385925293,0.12553614 0.19684166 0.05444750 0.06434108 0.00000000 0.05706000 0.49392200 0.00785165 0.00000000 0.00000000
23,10,10,MSP,original,layer3_flat,0.284135639667511,0.7538377009244245,0.0,1.0,0.12906262278556824,0.0,1.0,1.6101446151733398,0.13545041 0.12077388 0.00000000 0.14705360 0.00000000 0.00000000 0.59672207 0.00000000 0.00000000 0.00000000
23,10,10,MSP,original,layer4_pooled,0.3972877264022827,0.8913896189683641,0.0,1.0,0.05880238115787506,0.0,1.0,0.3948792815208435,0.00000000 0.07794015 0.00000000 0.00000000 0.00000000 0.00000000 0.92205983 0.00000000 0.00000000 0.00000000
23,10,10,MSP,original,concat,0.2711898386478424,0.7364643082293159,0.0,1.0,0.1360245943069458,0.0,1.0,1.6816664934158325,0.14101258 0.17008355 0.00000000 0.12845021 0.00000000 0.00000000 0.56045365 0.00000000 0.00000000 0.00000000
23,10,10,MSP,rotate_-10,layer2_flat,0.2908758819103241,0.7627265327892089,0.033156126737594604,1.1286518633980698,0.17974980175495148,0.04148159921169281,1.3000082336241758,2.049847364425659,0.18481791 0.13987920 0.00635951 0.09717126 0.00000000 0.09388483 0.47788724 0.00000000 0.00000000 0.00000000
23,10,10,MSP,rotate_-10,layer3_flat,0.29400256276130676,0.7668149226003713,0.009866923093795776,1.0347261016087497,0.12987153232097626,0.00080890953540802,1.0062675739725646,1.527900218963623,0.19940904 0.05794124 0.00000000 0.13464011 0.00000000 0.00000000 0.60800964 0.00000000 0.00000000 0.00000000
23,10,10,MSP,rotate_-10,layer4_pooled,0.41906166076660156,0.9154907544771838,0.021773934364318848,1.0548064612049364,0.03416433557868004,-0.024638045579195023,0.5810025870784589,0.4881766438484192,0.00000000 0.10614474 0.00000000 0.00000000 0.00000000 0.00000000 0.89385527 0.00000000 0.00000000 0.00000000
23,10,10,MSP,rotate_-10,concat,0.2924192249774933,0.7647473111786576,0.02122938632965088,1.0782823812109728,0.1584622710943222,0.022437676787376404,1.16495308735551,1.7774765491485596,0.19065022 0.09374896 0.00000000 0.12657030 0.00000000 0.03077349 0.55825704 0.00000000 0.00000000 0.00000000
23,10,10,MSP,rotate_+10,layer2_flat,0.29129043221473694,0.7632698503343847,0.033570677042007446,1.1302603947430316,0.16615130007266998,0.027883097529411316,1.2016595067870803,2.029355764389038,0.14634651 0.17074157 0.04339725 0.04657124 0.00000000 0.04617263 0.53069848 0.00000000 0.01607231 0.00000000
23,10,10,MSP,rotate_+10,layer3_flat,0.29769396781921387,0.7716138513780243,0.01355832815170288,1.0477178018481623,0.1383868306875229,0.009324207901954651,1.0722456099266955,1.5589075088500977,0.14583233 0.12526351 0.00000000 0.10989225 0.00000000 0.00000000 0.61901182 0.00000000 0.00000000 0.00000000
23,10,10,MSP,rotate_+10,layer4_pooled,0.40920290350914,0.9046578397484212,0.0119151771068573,1.0299913043242679,0.07900141179561615,0.02019903063774109,1.3435070185876725,0.6773942708969116,0.00000000 0.17877704 0.00000000 0.00000000 0.00000000 0.00000000 0.82122296 0.00000000 0.00000000 0.00000000
23,10,10,MSP,rotate_+10,concat,0.29450130462646484,0.7674650540923214,0.023311465978622437,1.0859599537164368,0.1539621502161026,0.0179375559091568,1.1318699460227613,1.69935941696167,0.15184098 0.15197632 0.00000000 0.09713630 0.00000000 0.00828825 0.58588898 0.00000000 0.00486910 0.00000000
23,10,10,MSP,scale_0.90,layer2_flat,0.2505964934825897,0.707949847775377,-0.0071232616901397705,0.9723604359109453,0.1706618368625641,0.03239363431930542,1.23428115592185,2.218120574951172,0.14785616 0.13271518 0.01557170 0.12287189 0.00558940 0.13835610 0.43703958 0.00000000 0.00000000 0.00000000
23,10,10,MSP,scale_0.90,layer3_flat,0.24949461221694946,0.7063916933500131,-0.03464102745056152,0.878082779439511,0.1401541829109192,0.011091560125350952,1.0859393671527438,1.9060864448547363,0.15942492 0.20001101 0.00000000 0.23543920 0.00000000 0.00000000 0.40512490 0.00000000 0.00000000 0.00000000
23,10,10,MSP,scale_0.90,layer4_pooled,0.4309842586517334,0.928422596290863,0.033696532249450684,1.0848164441285701,0.027809083461761475,-0.030993297696113586,0.47292444480480433,1.0226366519927979,0.05034706 0.21609667 0.00000000 0.00000000 0.00000000 0.00000000 0.73355621 0.00000000 0.00000000 0.00000000
23,10,10,MSP,scale_0.90,concat,0.250116229057312,0.7072711347952948,-0.021073609590530396,0.9222920383170472,0.15905675292015076,0.023032158613204956,1.16932348690607,2.0446383953094482,0.16063111 0.17758557 0.00000000 0.18934055 0.00000000 0.04439196 0.42805082 0.00000000 0.00000000 0.00000000
23,10,10,MSP,scale_1.10,layer2_flat,0.313314825296402,0.7915994255889806,0.055595070123672485,1.2157190863626102,0.17243199050426483,0.034163787961006165,1.2470834749592596,1.9939560890197754,0.14307261 0.23608419 0.00909822 0.06299032 0.00000000 0.05342570 0.48714277 0.00000000 0.00818626 0.00000000
23,10,10,MSP,scale_1.10,layer3_flat,0.3181946277618408,0.7977400927142133,0.034058988094329834,1.1198687645592964,0.1356474757194519,0.006584852933883667,1.051020603732601,1.448563575744629,0.14150737 0.10503959 0.00000000 0.09087224 0.00000000 0.00000000 0.66258085 0.00000000 0.00000000 0.00000000
23,10,10,MSP,scale_1.10,layer4_pooled,0.4055386483669281,0.900598299317657,0.008250921964645386,1.0207681270180242,0.048242006450891495,-0.010560374706983566,0.8204090633940309,0.1863679736852646,0.00000000 0.02841267 0.00000000 0.00000000 0.00000000 0.00000000 0.97158730 0.00000000 0.00000000 0.00000000
23,10,10,MSP,scale_1.10,concat,0.3158549666404724,0.7948018201293608,0.044665127992630005,1.1647005957714585,0.15682289004325867,0.020798295736312866,1.1529009944277258,1.6252493858337402,0.14401598 0.17046385 0.00000000 0.09322971 0.00000000 0.00000000 0.59010118 0.00000000 0.00218930 0.00000000
23,10,10,MSP,horizontal_flip,layer2_flat,0.2970570921897888,0.7707880281760853,0.039337337017059326,1.1526360949339796,0.20013713836669922,0.06186893582344055,1.4474559926649566,2.2547574043273926,0.18645963 0.13458835 0.00000000 0.12176660 0.00394095 0.09838203 0.42312127 0.03174116 0.00000000 0.00000000
23,10,10,MSP,horizontal_flip,layer3_flat,0.3203796446323395,0.8004744151218569,0.03624400496482849,1.1275588131327448,0.2175675481557846,0.08850492537021637,1.6857517959833932,2.1211886405944824,0.14441833 0.12826505 0.00000000 0.23744215 0.09188333 0.00000000 0.39799115 0.00000000 0.00000000 0.00000000
23,10,10,MSP,horizontal_flip,layer4_pooled,0.3915398418903351,0.884917896632603,-0.005747884511947632,0.9855321870524815,0.014052348211407661,-0.0447500329464674,0.23897583627507127,0.5028224587440491,0.05374359 0.00000000 0.00000000 0.00000000 0.00000000 0.00000000 0.91446310 0.00000000 0.03179336 0.00000000
23,10,10,MSP,horizontal_flip,concat,0.3087514042854309,0.7858134693238986,0.0375615656375885,1.1385065377992505,0.21239127218723297,0.07636667788028717,1.561418163155119,2.0900087356567383,0.18334417 0.15305269 0.00000000 0.18497078 0.05242651 0.00347689 0.42272899 0.00000000 0.00000000 0.00000000
24,10,10,BP,original,layer2_flat,0.32554587721824646,0.8069025681186626,0.0,1.0,0.1705068200826645,4.470348358154297e-08,1.000000262180101,1.9067540168762207,0.16371073 0.22141533 0.00000000 0.02862024 0.00309339 0.03997246 0.51467288 0.00000000 0.02851500 0.00000000
24,10,10,BP,original,layer3_flat,0.35885483026504517,0.8471774669631448,0.0,1.0,0.2069377303123474,0.0,1.0,1.7105867862701416,0.09401415 0.22744222 0.00000000 0.06615995 0.00000000 0.00000000 0.57282740 0.00000000 0.03955626 0.00000000
24,10,10,BP,original,layer4_pooled,0.4503525197505951,0.9490548137495485,0.0,1.0,0.1179855689406395,0.0,1.0,-0.0,0.00000000 0.00000000 0.00000000 0.00000000 0.00000000 0.00000000 1.00000000 0.00000000 0.00000000 0.00000000
24,10,10,BP,original,concat,0.34272655844688416,0.827920960535345,0.0,1.0,0.19020266830921173,0.0,1.0,1.7447893619537354,0.13883473 0.22599705 0.00000000 0.05220936 0.00000000 0.00000000 0.54866463 0.00000000 0.03429422 0.00000000
24,10,10,BP,rotate_-10,layer2_flat,0.3274999260902405,0.8093206114887233,0.0019540488719940186,1.006002376343037,0.17403723299503326,0.003530457615852356,1.0207056734723912,1.9336439371109009,0.18280804 0.23792890 0.00000000 0.03054638 0.00000000 0.04019000 0.48052019 0.00000000 0.02800656 0.00000000
24,10,10,BP,rotate_-10,layer3_flat,0.3706483840942383,0.8609859279851655,0.011793553829193115,1.0328644143383823,0.20583193004131317,-0.0011058002710342407,0.9946563622334128,1.5500675439834595,0.09491452 0.22863859 0.00000000 0.05117682 0.00000000 0.00000000 0.61106318 0.00000000 0.01420689 0.00000000
24,10,10,BP,rotate_-10,layer4_pooled,0.46518900990486145,0.9645610503279317,0.014836490154266357,1.0329441704077726,0.131752610206604,0.013767041265964508,1.1166841113659778,-0.0,0.00000000 0.00000000 0.00000000 0.00000000 0.00000000 0.00000000 1.00000000 0.00000000 0.00000000 0.00000000
24,10,10,BP,rotate_-10,concat,0.34961795806884766,0.8362032744122061,0.006891399621963501,1.020107573959756,0.19228626787662506,0.00208359956741333,1.0109546284808952,1.7191240787506104,0.14634216 0.22983086 0.00000000 0.04797281 0.00000000 0.00000000 0.54887819 0.00000000 0.02697597 0.00000000
24,10,10,BP,rotate_+10,layer2_flat,0.3831351697444916,0.875368687747616,0.05758929252624512,1.1769006968177953,0.1964629888534546,0.02595621347427368,1.1522298068003387,1.8176662921905518,0.13383731 0.21539171 0.00000000 0.03661506 0.00000000 0.03461705 0.55345362 0.00000000 0.02608532 0.00000000
24,10,10,BP,rotate_+10,layer3_flat,0.4002991318702698,0.8947615680954002,0.04144430160522461,1.1154904382212132,0.2022581398487091,-0.004679590463638306,0.977386480191155,1.5967649221420288,0.06509136 0.16813220 0.00000000 0.06142329 0.00000000 0.00000000 0.64264184 0.00000000 0.06271133 0.00000000
24,10,10,BP,rotate_+10,layer4_pooled,0.47771358489990234,0.9774595489327447,0.02736106514930725,1.060754773092863,0.10181071609258652,-0.01617485284805298,0.8629082099349479,-0.0,0.00000000 0.00000000 0.00000000 0.00000000 0.00000000 0.00000000 1.00000000 0.00000000 0.00000000 0.00000000
24,10,10,BP,rotate_+10,concat,0.3918214738368988,0.885236097136689,0.04909491539001465,1.1432480622813483,0.20120444893836975,0.01100178062915802,1.0578424095040277,1.650827169418335,0.10827877 0.18957528 0.00000000 0.05513590 0.00000000 0.00000000 0.60820252 0.00000000 0.03880754 0.00000000
24,10,10,BP,scale_0.90,layer2_flat,0.32147982716560364,0.8018476503246781,-0.004066050052642822,0.9875100551499092,0.18601876497268677,0.01551198959350586,1.0909757958821202,2.1224541664123535,0.17718813 0.24011457 0.00000000 0.07423852 0.00000000 0.07477947 0.41637644 0.00000000 0.01730280 0.00000000
24,10,10,BP,scale_0.90,layer3_flat,0.35080692172050476,0.8376239272137643,-0.008047908544540405,0.9775733587351356,0.19174906611442566,-0.015188664197921753,0.9266027312906018,1.725426435470581,0.07746065 0.25647068 0.00000000 0.10110311 0.00000000 0.00000000 0.54246789 0.00000000 0.02249773 0.00000000
24,10,10,BP,scale_0.90,layer4_pooled,0.5112411975860596,1.0111787157432257,0.06088867783546448,1.1352022585974413,0.07488857954740524,-0.04309698939323425,0.6347266044498053,-0.0,0.00000000 0.00000000 0.00000000 0.00000000 0.00000000 0.00000000 1.00000000 0.00000000 0.00000000 0.00000000
24,10,10,BP,scale_0.90,concat,0.335774689912796,0.8194811650218643,-0.006951868534088135,0.9797159911809249,0.19162783026695251,0.0014251619577407837,1.0074928599603892,1.8908193111419678,0.14112242 0.25054803 0.00000000 0.09719812 0.00000000 0.00399136 0.48383361 0.00000000 0.02330650 0.00000000
24,10,10,BP,scale_1.10,layer2_flat,0.3330382704734802,0.8161351241963309,0.007492393255233765,1.0230148614359131,0.17589209973812103,0.0053853243589401245,1.0315842250076714,1.9019396305084229,0.16734168 0.22612953 0.00000000 0.02210893 0.00000000 0.04510083 0.50566161 0.00000000 0.03365746 0.00000000
24,10,10,BP,scale_1.10,layer3_flat,0.3658442497253418,0.8553879233720123,0.006989419460296631,1.0194770109548612,0.21938061714172363,0.01244288682937622,1.0601286522788043,1.7665643692016602,0.08885255 0.24095728 0.00000000 0.08470152 0.00000000 0.00000000 0.54624164 0.00000000 0.03924701 0.00000000
24,10,10,BP,scale_1.10,layer4_pooled,0.45319774746894836,0.9520480528512711,0.0028452277183532715,1.0063177790587752,0.10979054123163223,-0.008195027709007263,0.9305421181376778,-0.0,0.00000000 0.00000000 0.00000000 0.00000000 0.00000000 0.00000000 1.00000000 0.00000000 0.00000000 0.00000000
24,10,10,BP,scale_1.10,concat,0.35026365518569946,0.8369750954308013,0.007537096738815308,1.0219915747788815,0.19978603720664978,0.00958336889743805,1.050385039193078,1.7799209356307983,0.13933709 0.23600477 0.00000000 0.05669001 0.00000000 0.00000000 0.53188622 0.00000000 0.03608188 0.00000000
24,10,10,BP,horizontal_flip,layer2_flat,0.3221237063407898,0.8026502430583197,-0.003422170877456665,0.989487899810963,0.16709665954113007,-0.0034101158380508423,0.9800001153593617,1.7885830402374268,0.20572989 0.23391564 0.00000000 0.03334671 0.00052244 0.00000000 0.49489039 0.00000000 0.03159492 0.00000000
24,10,10,BP,horizontal_flip,layer3_flat,0.3585015535354614,0.8467603598840246,-0.00035327672958374023,0.9990155441705443,0.2040015310049057,-0.0029361993074417114,0.985811194009929,1.6357998847961426,0.12834890 0.22499929 0.00000000 0.07294369 0.00423012 0.00000000 0.56947798 0.00000000 0.00000000 0.00000000
24,10,10,BP,horizontal_flip,layer4_pooled,0.45303481817245483,0.9518769018864307,0.002682298421859741,1.0059559973669943,0.13202068209648132,0.014035113155841827,1.1189561849109204,-0.0,0.00000000 0.00000000 0.00000000 0.00000000 0.00000000 0.00000000 1.00000000 0.00000000 0.00000000 0.00000000
24,10,10,BP,horizontal_flip,concat,0.3409899175167084,0.8258207039263528,-0.0017366409301757812,0.994932867362131,0.18721933662891388,-0.0029833316802978516,0.9843149851324263,1.751028299331665,0.16929714 0.22033545 0.00000000 0.05708493 0.00416031 0.00000000 0.53535622 0.00000000 0.01376591 0.00000000
24,10,10,MSP,original,layer2_flat,0.2006925344467163,0.6335495788755862,0.0,1.0,0.09957477450370789,7.450580596923828e-09,1.0000000748239821,1.8938217163085938,0.24455822 0.25809386 0.00049050 0.02118710 0.01021566 0.00000000 0.42789787 0.00000000 0.03755675 0.00000000
24,10,10,MSP,original,layer3_flat,0.2589079737663269,0.7195942937048999,0.0,1.0,0.13248750567436218,0.0,1.0,1.7759120464324951,0.27876198 0.24045436 0.00000000 0.05020526 0.00000000 0.00000000 0.42731878 0.00000000 0.00325947 0.00000000
24,10,10,MSP,original,layer4_pooled,0.3273699879646301,0.8091600434581901,0.0,1.0,0.06927095353603363,0.0,1.0,0.6871691942214966,0.18326569 0.00000000 0.00000000 0.00000000 0.00000000 0.00000000 0.81673437 0.00000000 0.00000000 0.00000000
24,10,10,MSP,original,concat,0.23067699372768402,0.6792304376685191,0.0,1.0,0.11673872917890549,0.0,1.0,1.8371148109436035,0.26229751 0.25125945 0.00000000 0.03524449 0.00000000 0.00000000 0.42559868 0.00000000 0.02559986 0.00000000
24,10,10,MSP,rotate_-10,layer2_flat,0.22586025297641754,0.6721015592548756,0.025167718529701233,1.125404358457877,0.13482585549354553,0.03525108844041824,1.354016278253067,2.0725765228271484,0.24193045 0.23061971 0.00000000 0.03850348 0.00000000 0.05046314 0.40538177 0.00000000 0.03310145 0.00000000
24,10,10,MSP,rotate_-10,layer3_flat,0.2760050296783447,0.7429737945289117,0.017097055912017822,1.066035262117429,0.14599598944187164,0.01350848376750946,1.1019604354286032,1.7493247985839844,0.26651052 0.23501128 0.00000000 0.05484606 0.00000000 0.00000000 0.44363216 0.00000000 0.00000000 0.00000000
24,10,10,MSP,rotate_-10,layer4_pooled,0.3460529148578644,0.83192898117311,0.018682926893234253,1.0570697607600967,0.08523303270339966,0.015962079167366028,1.2304296151897545,0.6969571113586426,0.18785238 0.00000000 0.00000000 0.00000000 0.00000000 0.00000000 0.81214762 0.00000000 0.00000000 0.00000000
24,10,10,MSP,rotate_-10,concat,0.25154539942741394,0.7092889389063021,0.02086840569972992,1.090465916702013,0.1413150429725647,0.02457631379365921,1.2105240819932583,1.8473763465881348,0.26237255 0.24331106 0.00000000 0.05632744 0.00000000 0.00000000 0.42400125 0.00000000 0.01398766 0.00000000
24,10,10,MSP,rotate_+10,layer2_flat,0.2643599212169647,0.7271312415471703,0.06366738677024841,1.3172384411082056,0.1439093053340912,0.0443345382809639,1.4452386843834075,1.8090038299560547,0.16958006 0.24565345 0.00000000 0.03081264 0.00000000 0.00000000 0.50141907 0.00000000 0.05253491 0.00000000
24,10,10,MSP,rotate_+10,layer3_flat,0.29127398133277893,0.7632482968638435,0.032366007566452026,1.1250096978300808,0.136034294962883,0.003546789288520813,1.0267707454407935,1.7129050493240356,0.20386773 0.17383449 0.00000000 0.06321350 0.00000000 0.00000000 0.54673183 0.00000000 0.01235247 0.00000000
24,10,10,MSP,rotate_+10,layer4_pooled,0.34713611006736755,0.8332299923398911,0.019766122102737427,1.060378540579024,0.04771329462528229,-0.021557658910751343,0.6887922309424225,0.02932346612215042,0.00298323 0.00000000 0.00000000 0.00000000 0.00000000 0.00000000 0.99701679 0.00000000 0.00000000 0.00000000
24,10,10,MSP,rotate_+10,concat,0.27794742584228516,0.7455835645214897,0.047270432114601135,1.204920444603155,0.14047449827194214,0.02373576909303665,1.2033238605540888,1.7838459014892578,0.18553482 0.20448416 0.00000000 0.04469687 0.00000000 0.00000000 0.52777195 0.00000000 0.03751224 0.00000000
24,10,10,MSP,scale_0.90,layer2_flat,0.2293674349784851,0.6772996899135346,0.0286749005317688,1.1428797568912015,0.14533714950084686,0.045762382447719574,1.459578101978826,2.1734957695007324,0.25006923 0.28882864 0.00000000 0.08139819 0.00000000 0.04555624 0.30866298 0.00000000 0.02548476 0.00000000
24,10,10,MSP,scale_0.90,layer3_flat,0.2546781897544861,0.7136920761147431,-0.00422978401184082,0.9836629828340397,0.13035999238491058,-0.002127513289451599,0.9839417816902319,1.8603324890136719,0.24752146 0.30476275 0.00000000 0.08806370 0.00000000 0.00000000 0.35965210 0.00000000 0.00000000 0.00000000
24,10,10,MSP,scale_0.90,layer4_pooled,0.3412210941314697,0.8261005920969549,0.0138511061668396,1.0423102504078468,0.03905705735087395,-0.030213896185159683,0.5638302254781763,0.879562497138977,0.29859161 0.00000000 0.00000000 0.00000000 0.00000000 0.00000000 0.70140833 0.00000000 0.00000000 0.00000000
24,10,10,MSP,scale_0.90,concat,0.24168889224529266,0.6952537554667255,0.011011898517608643,1.0477373072173835,0.13869674503803253,0.021958015859127045,1.1880953819986138,1.9570742845535278,0.25616106 0.30417055 0.00000000 0.09214878 0.00000000 0.00000000 0.33353564 0.00000000 0.01398404 0.00000000
24,10,10,MSP,scale_1.10,layer2_flat,0.21289388835430145,0.6525241579501888,0.012201353907585144,1.060796252043764,0.11737726628780365,0.01780249923467636,1.1787852461156068,2.0260846614837646,0.21087898 0.26660526 0.00000000 0.02295939 0.01240190 0.01663769 0.42033374 0.00000000 0.05018305 0.00000000
24,10,10,MSP,scale_1.10,layer3_flat,0.2686293423175812,0.7329793207418354,0.009721368551254272,1.0375475826788965,0.1478380411863327,0.01535053551197052,1.1158640238090403,1.8434638977050781,0.24528429 0.26327595 0.00000000 0.08908142 0.00000000 0.00000000 0.40235838 0.00000000 0.00000000 0.00000000
24,10,10,MSP,scale_1.10,layer4_pooled,0.3255945146083832,0.8069628425254575,-0.0017754733562469482,0.9945765542917351,0.06238434836268425,-0.0068866051733493805,0.9005845188825404,0.7057461738586426,0.19205284 0.00000000 0.00000000 0.00000000 0.00000000 0.00000000 0.80794716 0.00000000 0.00000000 0.00000000
24,10,10,MSP,scale_1.10,concat,0.24211819469928741,0.6958709574328956,0.011441200971603394,1.049598361703379,0.13389942049980164,0.01716069132089615,1.1470008406074894,1.9252593517303467,0.23039570 0.27282783 0.00000000 0.05785603 0.00000000 0.00000000 0.40652725 0.00000000 0.03239313 0.00000000
24,10,10,MSP,horizontal_flip,layer2_flat,0.22874848544597626,0.676385223738627,0.02805595099925995,1.1397956883471865,0.14484798908233643,0.04527322202920914,1.4546656082519311,2.167511224746704,0.24627233 0.17395896 0.00000000 0.05484577 0.03537464 0.00543950 0.43361074 0.02060444 0.02989361 0.00000000
24,10,10,MSP,horizontal_flip,layer3_flat,0.27755439281463623,0.7450562298439444,0.018646419048309326,1.0720194854449185,0.15277691185474396,0.020289406180381775,1.1531420346164374,1.8027511835098267,0.33597717 0.15437061 0.00000000 0.05729223 0.01686286 0.00000000 0.43549722 0.00000000 0.00000000 0.00000000
24,10,10,MSP,horizontal_flip,layer4_pooled,0.33527782559394836,0.8188746248284268,0.007907837629318237,1.0241556584904432,0.08377545326948166,0.014504499733448029,1.2093879034838697,0.7820063829421997,0.23230416 0.00000000 0.00000000 0.00000000 0.00000000 0.00000000 0.76769584 0.00000000 0.00000000 0.00000000
24,10,10,MSP,horizontal_flip,concat,0.2540273368358612,0.7127795407218998,0.023350343108177185,1.1012252792562451,0.1496889293193817,0.03295020014047623,1.2822559434384182,1.9098801612854004,0.29633820 0.16748697 0.00000000 0.06333491 0.03923102 0.00000000 0.43360886 0.00000000 0.00000000 0.00000000
25,10,10,BP,original,layer2_flat,0.23877625167369843,0.6910517370988926,0.0,1.0,0.15435919165611267,0.0,1.0,2.305874824523926,0.28846779 0.12561017 0.11796746 0.00000000 0.00000000 0.03414517 0.34247196 0.08377191 0.00756557 0.00000000
25,10,10,BP,original,layer3_flat,0.28987669944763184,0.7614153918166244,0.0,1.0,0.22394703328609467,-1.4901161193847656e-08,0.9999999334612297,2.2544496059417725,0.21651706 0.17439617 0.00000000 0.16697112 0.00000000 0.00000000 0.31292468 0.00000000 0.12919110 0.00000000
25,10,10,BP,original,layer4_pooled,0.39216795563697815,0.885627411089989,0.0,1.0,0.16681548953056335,-1.4901161193847656e-08,0.9999999106728044,0.7040532231330872,0.00000000 0.00000000 0.00000000 0.00000000 0.19123760 0.00000000 0.80876243 0.00000000 0.00000000 0.00000000
25,10,10,BP,original,concat,0.26175451278686523,0.7235392356836846,0.0,1.0,0.1916240155696869,0.0,1.0,2.3439788818359375,0.27818057 0.15360050 0.05686951 0.08155857 0.00000000 0.00000000 0.35459095 0.03221091 0.04298891 0.00000000
25,10,10,BP,rotate_-10,layer2_flat,0.28055912256240845,0.7490782636846546,0.04178287088871002,1.1749875483665508,0.17080707848072052,0.01644788682460785,1.1065559274315488,2.190141201019287,0.27840030 0.15408967 0.12604181 0.00000000 0.00000000 0.02049098 0.37050390 0.04621362 0.00425970 0.00000000
25,10,10,BP,rotate_-10,layer3_flat,0.32454267144203186,0.8056583288740108,0.034665971994400024,1.1195886804987687,0.23922808468341827,0.015281036496162415,1.068235043148757,2.163802146911621,0.16442719 0.26252675 0.00000000 0.15673766 0.00000000 0.00000000 0.34113532 0.00000000 0.07517299 0.00000000
25,10,10,BP,rotate_-10,layer4_pooled,0.449102520942688,0.9477367999003605,0.05693456530570984,1.1451790348680804,0.16249170899391174,-0.004323795437812805,0.9740803742882511,0.9131330251693726,0.00000000 0.15341216 0.00000000 0.00000000 0.05530643 0.00000000 0.79128140 0.00000000 0.00000000 0.00000000
25,10,10,BP,rotate_-10,concat,0.30042269825935364,0.7751421782606771,0.0386681854724884,1.1477269104576104,0.20700301229953766,0.015378996729850769,1.080256102994448,2.1766443252563477,0.25138700 0.21119519 0.06479490 0.06632627 0.00000000 0.00000000 0.37510911 0.00000000 0.03118754 0.00000000
25,10,10,BP,rotate_+10,layer2_flat,0.296263188123703,0.7697573489401748,0.05748693645000458,1.2407565075957512,0.18186667561531067,0.027507483959197998,1.1782043794340542,2.2775678634643555,0.21625975 0.19164643 0.08690009 0.02307584 0.00000000 0.03420757 0.40048110 0.04635724 0.00107203 0.00000000
25,10,10,BP,rotate_+10,layer3_flat,0.33182334899902344,0.8146451362391154,0.0419466495513916,1.1447051440532385,0.23043294250965118,0.006485894322395325,1.028961731689998,2.0742290019989014,0.19552961 0.19552103 0.00000000 0.16499111 0.00000000 0.00000000 0.40073514 0.00000000 0.04322314 0.00000000
25,10,10,BP,rotate_+10,layer4_pooled,0.4414653778076172,0.9396439515131433,0.04929742217063904,1.1257048707369324,0.16109555959701538,-0.0057199448347091675,0.9657109520235514,0.603757381439209,0.00000000 0.02314781 0.00000000 0.00000000 0.08479083 0.00000000 0.88903975 0.00302164 0.00000000 0.00000000
25,10,10,BP,rotate_+10,concat,0.3124449551105499,0.7904997850860555,0.05069044232368469,1.1936564217510395,0.20704986155033112,0.015425845980644226,1.0805005882728405,2.0941762924194336,0.22928804 0.20054464 0.03663195 0.09952737 0.00000000 0.00000000 0.41481268 0.00000000 0.01919530 0.00000000
25,10,10,BP,scale_0.90,layer2_flat,0.30484405159950256,0.7808252705945199,0.06606779992580414,1.2766933456004363,0.1967383772134781,0.04237918555736542,1.274549154490941,2.392444133758545,0.24773908 0.24568549 0.09129628 0.02877871 0.01117904 0.05251417 0.30201131 0.02079587 0.00000000 0.00000000
25,10,10,BP,scale_0.90,layer3_flat,0.3301967680454254,0.8126460090905824,0.04032006859779358,1.1390938584387276,0.2368568331003189,0.01290978491306305,1.057646595556869,2.185823678970337,0.16933234 0.25500998 0.00000000 0.14037172 0.00000000 0.00000000 0.34038624 0.00000000 0.09489972 0.00000000
25,10,10,BP,scale_0.90,layer4_pooled,0.49626675248146057,0.9962597577755117,0.10409879684448242,1.2654444233597175,0.11964830011129379,-0.047167204320430756,0.7172492779923048,0.9517691135406494,0.10594603 0.10415611 0.00000000 0.00000000 0.00000000 0.00000000 0.78989780 0.00000000 0.00000000 0.00000000
25,10,10,BP,scale_0.90,concat,0.3163745403289795,0.7954552662833775,0.05462002754211426,1.208668904923065,0.21965250372886658,0.028028488159179688,1.1462681390727898,2.1833369731903076,0.23974146 0.25901040 0.02479148 0.09926322 0.00833505 0.00000000 0.34350473 0.00000000 0.02535364 0.00000000
25,10,10,BP,scale_1.10,layer2_flat,0.2537187933921814,0.7123465356021343,0.014942541718482971,1.062579681244181,0.15545275807380676,0.0010935664176940918,1.0070845565201152,2.2584381103515625,0.26265296 0.13264705 0.11221740 0.00000000 0.00000000 0.03843361 0.37025863 0.08379034 0.00000000 0.00000000
25,10,10,BP,scale_1.10,layer3_flat,0.30001193284988403,0.7746120743312539,0.010135233402252197,1.0349639464694134,0.22190137207508087,-0.002045676112174988,0.9908653579999173,2.2226674556732178,0.17113373 0.19327287 0.00000000 0.17642766 0.00000000 0.00000000 0.34510905 0.00000000 0.11405675 0.00000000
25,10,10,BP,scale_1.10,layer4_pooled,0.4119519889354706,0.9076915653849281,0.01978403329849243,1.0504478578988123,0.14485958218574524,-0.02195592224597931,0.8683820048943114,0.6134406328201294,0.00000000 0.00000000 0.00000000 0.00000000 0.15144341 0.00000000 0.84855664 0.00000000 0.00000000 0.00000000
25,10,10,BP,scale_1.10,concat,0.2749045491218567,0.7414911316015272,0.013150036334991455,1.0502380501292397,0.19240300357341766,0.0007789880037307739,1.0040651898532176,2.3021695613861084,0.24544832 0.16754520 0.04618908 0.08950751 0.00000000 0.00000000 0.38487199 0.03497688 0.03146100 0.00000000
25,10,10,BP,horizontal_flip,layer2_flat,0.2383289784193039,0.6904041981611988,-0.00044727325439453125,0.9981268101360269,0.1618105173110962,0.0074513256549835205,1.0482726397760336,2.5126001834869385,0.25530913 0.16073737 0.18028168 0.02331288 0.03023330 0.04428435 0.28036055 0.02266489 0.00281589 0.00000000
25,10,10,BP,horizontal_flip,layer3_flat,0.29331842064857483,0.7659222162185594,0.003441721200942993,1.0118730522580444,0.23352724313735962,0.00958019495010376,1.0427788400320883,2.4522173404693604,0.11673271 0.19715942 0.00000000 0.22083205 0.13225092 0.00000000 0.26995555 0.00000000 0.06306937 0.00000000
25,10,10,BP,horizontal_flip,layer4_pooled,0.3962523341178894,0.8902273126768122,0.004084378480911255,1.0104148705221638,0.1535784751176834,-0.013237029314041138,0.920648686948763,0.657287061214447,0.00000000 0.00000000 0.00000000 0.00000000 0.16981749 0.00000000 0.83018255 0.00000000 0.00000000 0.00000000
25,10,10,BP,horizontal_flip,concat,0.26223647594451904,0.7242050482349858,0.0004819631576538086,1.0018412792678169,0.20140638947486877,0.009782373905181885,1.0510498325382047,2.4698119163513184,0.22273229 0.18465798 0.08680386 0.11625083 0.07169358 0.00000000 0.30621764 0.00000000 0.01164381 0.00000000
25,10,10,MSP,original,layer2_flat,0.1200350895524025,0.4899695695701979,0.0,1.0,0.08257181197404861,-7.450580596923828e-09,0.9999999097684822,2.4816336631774902,0.18976842 0.19305411 0.08451084 0.00547822 0.05379473 0.01752313 0.36392006 0.08053430 0.01141623 0.00000000
25,10,10,MSP,original,layer3_flat,0.19953523576259613,0.6317202478353787,0.0,1.0,0.13695724308490753,0.0,1.0,2.1515321731567383,0.19377330 0.27963164 0.00000000 0.07459720 0.01550124 0.00000000 0.36357832 0.00000000 0.07291825 0.00000000
25,10,10,MSP,original,layer4_pooled,0.25951477885246277,0.720437060196743,0.0,1.0,0.11115965992212296,2.9802322387695312e-08,1.0000002681038282,1.348469614982605,0.34162137 0.10723028 0.00000000 0.00000000 0.00000000 0.00000000 0.55114824 0.00000000 0.00000000 0.00000000
25,10,10,MSP,original,concat,0.1557593047618866,0.5581385218059879,0.0,1.0,0.10858698189258575,7.450580596923828e-09,1.000000068613944,2.3568592071533203,0.19355597 0.23743334 0.00675348 0.05650464 0.03808431 0.00000000 0.37298539 0.05887119 0.03581155 0.00000000
25,10,10,MSP,rotate_-10,layer2_flat,0.16557438671588898,0.5754552749187185,0.04553929716348648,1.379383206468359,0.1087963879108429,0.026224568486213684,1.3175970769280871,2.183767795562744,0.17356873 0.22299953 0.05189595 0.00000000 0.00000000 0.04070681 0.43561819 0.06220048 0.01301035 0.00000000
25,10,10,MSP,rotate_-10,layer3_flat,0.24217453598976135,0.6959519178646775,0.04263930022716522,1.2136930856547217,0.15439121425151825,0.017433971166610718,1.1272949920266364,1.7687771320343018,0.12068687 0.43369019 0.00000000 0.07371242 0.00000000 0.00000000 0.36123133 0.00000000 0.01067922 0.00000000
25,10,10,MSP,rotate_-10,layer4_pooled,0.30544930696487427,0.7816000344995825,0.0459345281124115,1.177001588562125,0.12528148293495178,0.014121852815151215,1.1270412001173857,1.3840086460113525,0.10804361 0.42153093 0.00000000 0.00000000 0.00000000 0.00000000 0.47042549 0.00000000 0.00000000 0.00000000
25,10,10,MSP,rotate_-10,concat,0.20013287663459778,0.6326655935557074,0.04437357187271118,1.284885528606213,0.13185536861419678,0.02326839417219162,1.2142834745285649,1.9264370203018188,0.17060736 0.34767374 0.00000000 0.02923190 0.00109809 0.00000000 0.39958397 0.02854542 0.02325948 0.00000000
25,10,10,MSP,rotate_+10,layer2_flat,0.17875364422798157,0.59791913203707,0.05871855467557907,1.4891782469113395,0.12348739802837372,0.04091557860374451,1.4955150424001054,2.2838821411132812,0.12300363 0.32537222 0.02113344 0.04015408 0.02944557 0.03853653 0.38369206 0.01981981 0.01884267 0.00000000
25,10,10,MSP,rotate_+10,layer3_flat,0.24731899797916412,0.7033050518504245,0.04778376221656799,1.2394753088781818,0.1549483984708786,0.01799115538597107,1.1313632998196814,1.8202505111694336,0.14170645 0.32445607 0.00000000 0.12003647 0.00000000 0.00000000 0.41380101 0.00000000 0.00000000 0.00000000
25,10,10,MSP,rotate_+10,layer4_pooled,0.3119637966156006,0.7898908742549196,0.05244901776313782,1.2021041652997866,0.12845420837402344,0.01729457825422287,1.1555832655742766,1.2610054016113281,0.07023084 0.35833278 0.00000000 0.00000000 0.00000000 0.00000000 0.57143641 0.00000000 0.00000000 0.00000000
25,10,10,MSP,rotate_+10,concat,0.20991501212120056,0.6479429174259111,0.054155707359313965,1.3476884250462953,0.13867171108722687,0.03008473664522171,1.2770565880441995,1.9475809335708618,0.13893552 0.33935943 0.00000000 0.09039625 0.00935018 0.00000000 0.40079883 0.00000000 0.02115969 0.00000000
25,10,10,MSP,scale_0.90,layer2_flat,0.19767990708351135,0.6287764421215403,0.07764481753110886,1.6468509984871165,0.15098243951797485,0.06841062009334564,1.8284983977489042,2.3469529151916504,0.12418271 0.36831158 0.07445940 0.07861307 0.00000000 0.05715135 0.27372313 0.00000000 0.02355887 0.00000000
25,10,10,MSP,scale_0.90,layer3_flat,0.25092658400535583,0.7084159569142353,0.051391348242759705,1.2575552535675791,0.15432050824165344,0.01736326515674591,1.1267787286420088,1.6498205661773682,0.02700451 0.51804841 0.00000000 0.10251565 0.00000000 0.00000000 0.32172352 0.00000000 0.03070788 0.00000000
25,10,10,MSP,scale_0.90,layer4_pooled,0.3071647882461548,0.783791794096053,0.04765000939369202,1.183611929941755,0.07325100153684616,-0.03790862858295441,0.6589712601440114,0.998481035232544,0.00000000 0.52293980 0.00000000 0.00000000 0.00000000 0.00000000 0.47706017 0.00000000 0.00000000 0.00000000
25,10,10,MSP,scale_0.90,concat,0.2218460738658905,0.6661022051695829,0.0660867691040039,1.4242877766089688,0.15441682934761047,0.045829854905605316,1.422056652196902,1.8868398666381836,0.09494869 0.45907870 0.00000000 0.10924777 0.00000000 0.00000000 0.29881427 0.00000000 0.03791063 0.00000000
25,10,10,MSP,scale_1.10,layer2_flat,0.1349872201681137,0.519590646890634,0.014952130615711212,1.1245646641439722,0.08954739570617676,0.006975576281547546,1.0844788976441329,2.426715135574341,0.15228613 0.17394236 0.05998370 0.01553673 0.00703398 0.05338463 0.41708785 0.10514242 0.01560211 0.00000000
25,10,10,MSP,scale_1.10,layer3_flat,0.2120935618877411,0.6512964945211068,0.012558326125144958,1.062937887020735,0.13833554089069366,0.0013782978057861328,1.0100637087512165,2.0739645957946777,0.14977694 0.27546397 0.00000000 0.08994629 0.00000000 0.00000000 0.41403729 0.01002479 0.06075075 0.00000000
25,10,10,MSP,scale_1.10,layer4_pooled,0.2727532684803009,0.7385841434532708,0.013238489627838135,1.0510124690637113,0.09888805449008942,-0.012271575629711151,0.889604026062562,1.3550223112106323,0.27397460 0.13728932 0.00000000 0.00000000 0.00000000 0.00000000 0.58873606 0.00000000 0.00000000 0.00000000
25,10,10,MSP,scale_1.10,concat,0.17024444043636322,0.583514250788039,0.014485135674476624,1.092996920450611,0.11336808651685715,0.00478111207485199,1.044030254083205,2.2155849933624268,0.15374549 0.23213947 0.00000000 0.06652737 0.00447899 0.00241616 0.42211133 0.08252079 0.03606036 0.00000000
25,10,10,MSP,horizontal_flip,layer2_flat,0.13167060911655426,0.5131678265763634,0.011635519564151764,1.0969343181851439,0.10334044694900513,0.020768627524375916,1.2515219801240034,2.6105422973632812,0.21313605 0.21704315 0.12286526 0.03486248 0.09944432 0.05718557 0.24847494 0.00000000 0.00698822 0.00000000
25,10,10,MSP,horizontal_flip,layer3_flat,0.19850237667560577,0.6300831320954494,-0.0010328590869903564,0.9948236757130251,0.14351105690002441,0.006553813815116882,1.0478529916888437,2.3314740657806396,0.11417518 0.32775280 0.00000000 0.13036789 0.12356465 0.00000000 0.26503196 0.00000000 0.03910749 0.00000000
25,10,10,MSP,horizontal_flip,layer4_pooled,0.25888004899024963,0.7195554863806538,-0.0006347298622131348,0.997554166799219,0.09203340858221054,-0.019126221537590027,0.8279391401644196,0.9342114925384521,0.35016072 0.00000000 0.00000000 0.00000000 0.00000000 0.00000000 0.64983934 0.00000000 0.00000000 0.00000000
25,10,10,MSP,horizontal_flip,concat,0.1607099026441574,0.5669389784521036,0.004950597882270813,1.0317836413677317,0.12323252856731415,0.01464555412530899,1.134873949665078,2.435305118560791,0.17664924 0.28237784 0.02585276 0.09989072 0.12519222 0.00000000 0.26678586 0.00000000 0.02325137 0.00000000
26,10,10,BP,original,layer2_flat,0.2993052899837494,0.7736992826463643,0.0,1.0,0.1779109090566635,0.0,1.0,2.278611660003662,0.22306506 0.17209549 0.11770485 0.00000000 0.02363146 0.08372650 0.37536663 0.00086083 0.00000138 0.00354778
26,10,10,BP,original,layer3_flat,0.3312932252883911,0.8139941342397882,0.0,1.0,0.218660369515419,0.0,1.0,2.3014297485351562,0.08014790 0.11885260 0.00000000 0.15263188 0.09242903 0.00000000 0.42247909 0.00000000 0.13345960 0.00000000
26,10,10,BP,original,layer4_pooled,0.41706469655036926,0.9133068449873452,0.0,1.0,0.07488512992858887,0.0,1.0,1.380391240119934,0.03616989 0.05720871 0.00000000 0.00000000 0.00000000 0.00000000 0.59374166 0.00000000 0.31287971 0.00000000
26,10,10,BP,original,concat,0.313417911529541,0.7917296401291807,0.0,1.0,0.20807643234729767,0.0,1.0,2.3948564529418945,0.17490464 0.13508719 0.05649642 0.07785933 0.04053818 0.04389358 0.44479936 0.00000000 0.02642137 0.00000000
26,10,10,BP,rotate_-10,layer2_flat,0.3014175593852997,0.7764245737807371,0.002112269401550293,1.0070572404572533,0.1874970644712448,0.009586155414581299,1.053881774115798,2.318297863006592,0.19863285 0.16993116 0.11690547 0.00000000 0.03671452 0.10262635 0.37346771 0.00000000 0.00172194 0.00000000
26,10,10,BP,rotate_-10,layer3_flat,0.3584430515766144,0.8466912679089283,0.027149826288223267,1.0819510458280799,0.2347191721200943,0.016058802604675293,1.0734417610296294,2.3406553268432617,0.07169890 0.15855704 0.00000000 0.12075811 0.11222784 0.00000000 0.39800787 0.00000000 0.13875026 0.00000000
26,10,10,BP,rotate_-10,layer4_pooled,0.5041795969009399,1.0041708987029447,0.08711490035057068,1.2088762272877749,0.10466945171356201,0.029784321784973145,1.3977334594061332,1.3616936206817627,0.00000000 0.15849711 0.00000000 0.00000000 0.00000000 0.00000000 0.59749788 0.00000000 0.24400505 0.00000000
26,10,10,BP,rotate_-10,concat,0.3246162235736847,0.8057496181490683,0.011198312044143677,1.0357296492388006,0.2185419797897339,0.010465547442436218,1.0502966497662647,2.4395382404327393,0.16240039 0.15974164 0.04854344 0.06435008 0.05903224 0.04913805 0.42840442 0.00000000 0.02838973 0.00000000
26,10,10,BP,rotate_+10,layer2_flat,0.3312690556049347,0.8139644409984194,0.0319637656211853,1.1067931863911058,0.19659040868282318,0.018679499626159668,1.1049935595579772,2.285623550415039,0.17815882 0.22724964 0.07098696 0.02493973 0.00000000 0.11041220 0.37733379 0.00000000 0.01091885 0.00000000
26,10,10,BP,rotate_+10,layer3_flat,0.36148616671562195,0.8502777977997802,0.030192941427230835,1.0911366098743998,0.22587493062019348,0.007214561104774475,1.0329943698564579,2.129479169845581,0.00000000 0.16660276 0.00000000 0.16961446 0.05061802 0.03834499 0.46372828 0.00000000 0.11109148 0.00000000
26,10,10,BP,rotate_+10,layer4_pooled,0.5779415369033813,1.075120027627968,0.16087684035301208,1.3857359342166164,0.10574761033058167,0.030862480401992798,1.412130958856737,1.580939531326294,0.00000000 0.07834348 0.00000000 0.11706434 0.00000000 0.00000000 0.58636010 0.00000000 0.21823210 0.00000000
26,10,10,BP,rotate_+10,concat,0.3446468412876129,0.8302371243055962,0.0312289297580719,1.0996399012601703,0.21948513388633728,0.011408701539039612,1.0548293788502807,2.2454118728637695,0.10886170 0.18036532 0.02007130 0.10587447 0.00079879 0.09064849 0.46156463 0.00000000 0.03181530 0.00000000
26,10,10,BP,scale_0.90,layer2_flat,0.3092512786388397,0.7864493354804742,0.009945988655090332,1.0332302468011745,0.19985073804855347,0.021939828991889954,1.1233191888462497,2.4294185638427734,0.17755534 0.26316732 0.07495608 0.03685765 0.01496801 0.11650328 0.30928427 0.00000000 0.00670810 0.00000000
26,10,10,BP,scale_0.90,layer3_flat,0.346440851688385,0.832395160591873,0.015147626399993896,1.0457227170485064,0.2273644655942917,0.00870409607887268,1.0398064637781521,2.12180757522583,0.00000000 0.22570959 0.00000000 0.11645646 0.08740374 0.00303794 0.41294888 0.00000000 0.15444335 0.00000000
26,10,10,BP,scale_0.90,layer4_pooled,0.6173916459083557,1.1112080326458729,0.20032694935798645,1.480325836769338,0.13156497478485107,0.05667984485626221,1.7568905189796122,1.6083836555480957,0.00000000 0.14457479 0.00000000 0.06886485 0.00000000 0.00000000 0.57075340 0.00000000 0.21580690 0.00000000
26,10,10,BP,scale_0.90,concat,0.32554060220718384,0.8068960307340517,0.012122690677642822,1.0386789976949404,0.22364021837711334,0.015563786029815674,1.074798408710524,2.4001808166503906,0.09565976 0.23023699 0.01814518 0.09498119 0.03183872 0.08645988 0.40761960 0.00000000 0.03505865 0.00000000
26,10,10,BP,scale_1.10,layer2_flat,0.28574639558792114,0.755971422195206,-0.013558894395828247,0.9546987813128224,0.17902818322181702,0.0011172741651535034,1.0062799643432285,2.3430848121643066,0.24564485 0.14117657 0.13312438 0.00000000 0.02236224 0.10118967 0.34525740 0.00000000 0.00000000 0.01124488
26,10,10,BP,scale_1.10,layer3_flat,0.3174816966056824,0.7968459030523811,-0.01381152868270874,0.9583102592253612,0.22162161767482758,0.0029612481594085693,1.0135426834133572,2.377060651779175,0.10364477 0.09326689 0.00000000 0.18912973 0.10310610 0.00000000 0.37175754 0.00000000 0.13909504 0.00000000
26,10,10,BP,scale_1.10,layer4_pooled,0.3831993639469147,0.8754420185790887,-0.03386533260345459,0.9188007690809585,0.08727478235960007,0.0123896524310112,1.1654487672340375,1.4208461046218872,0.05310673 0.03612743 0.00000000 0.00000000 0.00000000 0.00000000 0.51346672 0.00000000 0.39729917 0.00000000
26,10,10,BP,scale_1.10,concat,0.2993778586387634,0.7737930713553378,-0.014040052890777588,0.955203412522869,0.21149584650993347,0.0034194141626358032,1.016433452477271,2.471792697906494,0.19791594 0.10212193 0.06487963 0.09547394 0.04677036 0.06362222 0.41065198 0.00000000 0.01856392 0.00000000
26,10,10,BP,horizontal_flip,layer2_flat,0.2992110550403595,0.7735774751637479,-9.423494338989258e-05,0.9996851544341409,0.188287615776062,0.010376706719398499,1.0583252976130613,2.37799072265625,0.12157580 0.17632855 0.11819399 0.01305553 0.03350846 0.11717343 0.41004056 0.00000000 0.01012366 0.00000000
26,10,10,BP,horizontal_flip,layer3_flat,0.33879905939102173,0.8231634824152754,0.007505834102630615,1.022656165383624,0.22411149740219116,0.005451127886772156,1.02492965642941,2.2103986740112305,0.04613371 0.12850641 0.00000000 0.10544249 0.04416974 0.01037287 0.42872155 0.00000000 0.23665319 0.00000000
26,10,10,BP,horizontal_flip,layer4_pooled,0.38927215337753296,0.8823515777483859,-0.027792543172836304,0.9333615542081416,0.0750088095664978,0.00012367963790893555,1.0016515914177517,1.4613804817199707,0.13886508 0.02397764 0.00000000 0.00000000 0.00000000 0.00000000 0.59829617 0.00000000 0.23886111 0.00000000
26,10,10,BP,horizontal_flip,concat,0.31680214405059814,0.7959926432456498,0.003384232521057129,1.0107978274264244,0.21715399622917175,0.009077563881874084,1.043626103059472,2.4157238006591797,0.09702945 0.13723695 0.04918980 0.07597314 0.02607146 0.08819806 0.46737978 0.00000000 0.05892136 0.00000000
26,10,10,MSP,original,layer2_flat,0.16584055125713348,0.5759176178189611,0.0,1.0,0.10692072659730911,0.0,1.0,2.480682849884033,0.18531390 0.23784545 0.03909189 0.03902322 0.02398053 0.07525502 0.34370548 0.05578451 0.00000000 0.00000000
26,10,10,MSP,original,layer3_flat,0.23208247125148773,0.6812965158453222,0.0,1.0,0.14227667450904846,-1.4901161193847656e-08,0.9999998952663205,2.3480329513549805,0.04190437 0.21229360 0.00000000 0.14992902 0.15001988 0.00000000 0.34663019 0.00000000 0.09922288 0.00000000
26,10,10,MSP,original,layer4_pooled,0.28491225838661194,0.7548672179749388,0.0,1.0,0.0615202933549881,0.0,1.0,1.667079210281372,0.00000000 0.21921644 0.00000000 0.00000000 0.03085740 0.00000000 0.46145058 0.00000000 0.28847560 0.00000000
26,10,10,MSP,original,concat,0.19504357874393463,0.6245695777796652,0.0,1.0,0.12918828427791595,0.0,1.0,2.4724068641662598,0.12528570 0.22403547 0.00000000 0.11129832 0.07943969 0.04353301 0.37048978 0.01263435 0.03328376 0.00000000
26,10,10,MSP,rotate_-10,layer2_flat,0.19509918987751007,0.62465861056662,0.029258638620376587,1.1764263227443994,0.14399617910385132,0.037075452506542206,1.3467564586034952,2.490213394165039,0.14992994 0.24226248 0.04827315 0.02215580 0.05063348 0.11373845 0.35025603 0.00991610 0.01283459 0.00000000
26,10,10,MSP,rotate_-10,layer3_flat,0.26269692182540894,0.7248405642972928,0.030614450573921204,1.1319119466830179,0.16276107728481293,0.02048438787460327,1.1439757135155082,2.3007214069366455,0.03746869 0.26329589 0.00000000 0.09703401 0.17000958 0.00000000 0.33515829 0.00000000 0.09703352 0.00000000
26,10,10,MSP,rotate_-10,layer4_pooled,0.34954634308815,0.836117626997721,0.06463408470153809,1.226856103234442,0.08745864778757095,0.025938354432582855,1.4216227364601497,1.5198664665222168,0.00000000 0.32743254 0.00000000 0.00000000 0.00000000 0.00000000 0.45796269 0.00000000 0.21460474 0.00000000
26,10,10,MSP,rotate_-10,concat,0.22258484363555908,0.6672103770709192,0.02754126489162445,1.1412056990998978,0.15662777423858643,0.02743948996067047,1.212399213394838,2.4273600578308105,0.10600601 0.25303972 0.00000000 0.07452553 0.10293770 0.06003679 0.36169133 0.00000000 0.04176294 0.00000000
26,10,10,MSP,rotate_+10,layer2_flat,0.21973980963230133,0.6629325902869784,0.05389925837516785,1.3250065075535886,0.15185144543647766,0.04493071883916855,1.4202245931976214,2.2295761108398438,0.17220682 0.29276621 0.00000000 0.07148116 0.00000000 0.11998267 0.32479313 0.00000000 0.01877001 0.00000000
26,10,10,MSP,rotate_+10,layer3_flat,0.2734066843986511,0.7394683014148086,0.04132421314716339,1.1780583123066017,0.1610279530286789,0.01875126361846924,1.131794348716353,2.1992123126983643,0.00000000 0.24848503 0.00000000 0.18457884 0.06148697 0.06482624 0.39028785 0.00000000 0.05033514 0.00000000
26,10,10,MSP,rotate_+10,layer4_pooled,0.4047635495662689,0.8997372389384235,0.11985129117965698,1.4206603529729633,0.07339733839035034,0.011877045035362244,1.193058979199523,1.8185700178146362,0.00000000 0.23724028 0.00000000 0.10921407 0.00000000 0.00000000 0.45728576 0.00000000 0.19625987 0.00000000
26,10,10,MSP,rotate_+10,concat,0.2434626966714859,0.6978003964909821,0.04841911792755127,1.248247690280902,0.16080428659915924,0.031616002321243286,1.2447280920070485,2.2644402980804443,0.07364690 0.26699993 0.00000000 0.13572918 0.00862234 0.10306076 0.37960371 0.00000000 0.03233721 0.00000000
26,10,10,MSP,scale_0.90,layer2_flat,0.22142069041728973,0.665463282859828,0.05558013916015625,1.3351420309357562,0.1657729297876358,0.05885220319032669,1.5504283880470506,2.3583474159240723,0.15069461 0.30680516 0.01229526 0.06533440 0.02303450 0.12857804 0.30436143 0.00000000 0.00889668 0.00000000
26,10,10,MSP,scale_0.90,layer3_flat,0.2713693380355835,0.7367079991904303,0.039286866784095764,1.1692797675415765,0.17275629937648773,0.030479609966278076,1.2142277142686781,2.1167829036712646,0.00000000 0.35558218 0.00000000 0.15849511 0.10306339 0.00000000 0.29532173 0.00000000 0.08753754 0.00000000
26,10,10,MSP,scale_0.90,layer4_pooled,0.438055157661438,0.936007647042948,0.15314289927482605,1.537508986596432,0.10518916696310043,0.043668873608112335,1.7098287609817098,1.8766648769378662,0.00000000 0.30704057 0.00000000 0.17190021 0.00000000 0.00000000 0.38813466 0.00000000 0.13292456 0.00000000
26,10,10,MSP,scale_0.90,concat,0.24327407777309418,0.697530039171209,0.048230499029159546,1.247280629998244,0.1738368570804596,0.04464857280254364,1.345608528294624,2.348555088043213,0.06221864 0.32893986 0.00000000 0.12362378 0.05337919 0.07604317 0.32234675 0.00000000 0.03344866 0.00000000
26,10,10,MSP,scale_1.10,layer2_flat,0.1635594367980957,0.5719430684921284,-0.0022811144590377808,0.9862451346083191,0.11756628751754761,0.010645560920238495,1.0995649885567356,2.5654845237731934,0.20845975 0.25075096 0.07525106 0.03135749 0.03205235 0.09139509 0.28018031 0.02778169 0.00277123 0.00000000
26,10,10,MSP,scale_1.10,layer3_flat,0.21729733049869537,0.659237939591913,-0.014785140752792358,0.9362935913556898,0.1445319503545761,0.002255260944366455,1.0158512329300007,2.4760005474090576,0.07610033 0.18551289 0.00000000 0.15964733 0.16185825 0.00000000 0.29107907 0.00000000 0.12580207 0.00000000
26,10,10,MSP,scale_1.10,layer4_pooled,0.24837297201156616,0.7048020601723098,-0.036539286375045776,0.8717524946738673,0.055577874183654785,-0.005942419171333313,0.9034071710785347,1.7003918886184692,0.00000000 0.19936095 0.00000000 0.00000000 0.03784474 0.00000000 0.40939417 0.00000000 0.35340011 0.00000000
26,10,10,MSP,scale_1.10,concat,0.18662863969802856,0.6109478532543159,-0.008414939045906067,0.9568561082602438,0.13711164891719818,0.007923364639282227,1.0613319132110755,2.5891165733337402,0.15264267 0.21685597 0.00000000 0.11583799 0.08810997 0.05478613 0.31537601 0.01064448 0.04574681 0.00000000
26,10,10,MSP,horizontal_flip,layer2_flat,0.2030004858970642,0.6371820554552117,0.037159934639930725,1.224070255181983,0.15785853564739227,0.05093780905008316,1.4764072474128576,2.5915849208831787,0.04211043 0.22948027 0.03083839 0.05784853 0.04766291 0.15176867 0.36110112 0.04777112 0.03141854 0.00000000
26,10,10,MSP,horizontal_flip,layer3_flat,0.2695915400981903,0.7342908689316384,0.037509068846702576,1.1616195684416666,0.1959560066461563,0.053679317235946655,1.377288208336097,2.2539172172546387,0.00821480 0.25612393 0.00000000 0.04257474 0.08611646 0.03302211 0.30098039 0.00000000 0.27296758 0.00000000
26,10,10,MSP,horizontal_flip,layer4_pooled,0.26629093289375305,0.7297820673238732,-0.018621325492858887,0.934641894321285,0.07253070175647736,0.011010408401489258,1.1789719749510519,1.6513392925262451,0.00000000 0.27423576 0.00000000 0.00000000 0.01579653 0.00000000 0.41731328 0.00000000 0.29265451 0.00000000
26,10,10,MSP,horizontal_flip,concat,0.23257534205913544,0.6820195628559864,0.037531763315200806,1.1924275772456083,0.18104234337806702,0.05185405910015106,1.4013836037035585,2.5509300231933594,0.02481512 0.23074280 0.00000000 0.06767696 0.05997240 0.11259656 0.35309574 0.04069521 0.11040518 0.00000000
27,10,10,BP,original,layer2_flat,0.36289018392562866,0.8519274428325792,0.0,1.0,0.204746276140213,0.0,1.0,2.015895366668701,0.18585168 0.06286564 0.05124041 0.07003833 0.00000000 0.07665454 0.54389918 0.00000000 0.00945021 0.00000000
27,10,10,BP,original,layer3_flat,0.3472667336463928,0.8333867453306332,0.0,1.0,0.15724852681159973,1.4901161193847656e-08,1.0000000947618581,1.2884657382965088,0.13336167 0.00000000 0.00000000 0.14469545 0.00000000 0.02525436 0.69668853 0.00000000 0.00000000 0.00000000
27,10,10,BP,original,layer4_pooled,0.46301528811454773,0.9623048250056192,0.0,1.0,0.0245150625705719,1.862645149230957e-09,1.0000000759796261,0.24277187883853912,0.00000000 0.00000000 0.00000000 0.00000000 0.00000000 0.00000000 0.96689397 0.01564945 0.00000000 0.01745661
27,10,10,BP,original,concat,0.35557857155799866,0.8433013358912681,0.0,1.0,0.18564924597740173,0.0,1.0,1.5794596672058105,0.16719943 0.00872534 0.00667329 0.11903570 0.00000000 0.05658084 0.63852721 0.00000000 0.00325818 0.00000000
27,10,10,BP,rotate_-10,layer2_flat,0.38441362977027893,0.8768279532157708,0.02152344584465027,1.0593111822749166,0.22032281756401062,0.015576541423797607,1.0760772880335783,1.908294677734375,0.14713074 0.12046301 0.00000000 0.08854626 0.00000000 0.07176247 0.55894494 0.00000000 0.01315254 0.00000000
27,10,10,BP,rotate_-10,layer3_flat,0.35529664158821106,0.8429669526004101,0.008029907941818237,1.0231231706460304,0.16359636187553406,0.00634784996509552,1.0403682673237036,1.225461721420288,0.10034720 0.00833437 0.00000000 0.13020669 0.00000000 0.02371680 0.73739487 0.00000000 0.00000000 0.00000000
27,10,10,BP,rotate_-10,layer4_pooled,0.4727107882499695,0.9723279161373178,0.009695500135421753,1.020939913614693,0.04066714644432068,0.01615208573639393,1.6588637869663696,-0.0,0.00000000 0.00000000 0.00000000 0.00000000 0.00000000 0.00000000 1.00000000 0.00000000 0.00000000 0.00000000
27,10,10,BP,rotate_-10,concat,0.37037593126296997,0.8606694269729465,0.014797359704971313,1.0416148803345875,0.1960698664188385,0.010420620441436768,1.0561306908978725,1.6049234867095947,0.12167446 0.05737497 0.00000000 0.11680538 0.00000000 0.04176236 0.65602082 0.00000000 0.00636197 0.00000000
27,10,10,BP,rotate_+10,layer2_flat,0.38338375091552734,0.8756526148142623,0.02049356698989868,1.056473191884524,0.2074308693408966,0.0026845932006835938,1.0131118047726155,1.823317289352417,0.21830863 0.07604376 0.07404476 0.03953158 0.00000000 0.02103949 0.56890482 0.00000000 0.00212702 0.00000000
27,10,10,BP,rotate_+10,layer3_flat,0.3574279248714447,0.8454914841338672,0.01016119122505188,1.0292604797422644,0.15751248598098755,0.00026397407054901123,1.0016787063186816,1.180072546005249,0.12884331 0.00209447 0.00000000 0.12895545 0.00000000 0.01027327 0.72983354 0.00000000 0.00000000 0.00000000
27,10,10,BP,rotate_+10,layer4_pooled,0.4811919629573822,0.9810116849022567,0.018176674842834473,1.0392571807225044,0.026786433532834053,0.002271372824907303,1.0926521395103141,-0.0,0.00000000 0.00000000 0.00000000 0.00000000 0.00000000 0.00000000 1.00000000 0.00000000 0.00000000 0.00000000
27,10,10,BP,rotate_+10,concat,0.3709748089313507,0.861364973668364,0.01539623737335205,1.0432991147521877,0.18697568774223328,0.001326441764831543,1.0071448809707844,1.503453016281128,0.18095836 0.03488473 0.01838101 0.09182505 0.00000000 0.01121101 0.66273987 0.00000000 0.00000000 0.00000000
27,10,10,BP,scale_0.90,layer2_flat,0.33468663692474365,0.8181523536906115,-0.02820354700088501,0.9222807663307108,0.20413091778755188,-0.0006153583526611328,0.9969945321387105,2.160069704055786,0.18625171 0.14809433 0.03113779 0.08448076 0.00000000 0.09671754 0.45331788 0.00000000 0.00000000 0.00000000
27,10,10,BP,scale_0.90,layer3_flat,0.32459792494773865,0.8057269077643351,-0.022668808698654175,0.9347221990987723,0.15545685589313507,-0.0017916560173034668,0.9886062132129269,1.5348659753799438,0.17635316 0.02673880 0.00000000 0.13796838 0.00000000 0.02706159 0.63187814 0.00000000 0.00000000 0.00000000
27,10,10,BP,scale_0.90,layer4_pooled,0.6018539667129517,1.0971362419617279,0.13883867859840393,1.2998576551618228,0.022470956668257713,-0.002044104039669037,0.9166184386023278,0.9729596376419067,0.00000000 0.24488375 0.00000000 0.02739872 0.00000000 0.00000000 0.72771758 0.00000000 0.00000000 0.00000000
27,10,10,BP,scale_0.90,concat,0.3303171992301941,0.8127941919455307,-0.025261372327804565,0.9289569891204393,0.18667234480381012,0.0010230988264083862,1.0055109236830804,1.829885721206665,0.17962714 0.08140296 0.00000000 0.12387897 0.00000000 0.06069310 0.55439782 0.00000000 0.00000000 0.00000000
27,10,10,BP,scale_1.10,layer2_flat,0.3959602415561676,0.8898991421011345,0.03307005763053894,1.0911296560097234,0.21894197165966034,0.014195695519447327,1.0693331072339338,1.9905370473861694,0.15613504 0.07544812 0.09399285 0.06600336 0.00000000 0.05772066 0.55070001 0.00000000 0.00000000 0.00000000
27,10,10,BP,scale_1.10,layer3_flat,0.372086763381958,0.8626549291367412,0.024820029735565186,1.0714725233680658,0.16612312197685242,0.00887461006641388,1.056436846101361,1.3211426734924316,0.09238811 0.00000000 0.00302169 0.16720752 0.00000000 0.03965363 0.69772905 0.00000000 0.00000000 0.00000000
27,10,10,BP,scale_1.10,layer4_pooled,0.44979479908943176,0.9484669726347162,-0.013220489025115967,0.9714469708356224,0.026440763846039772,0.0019257031381130219,1.0785518404778744,0.20005649328231812,0.00000000 0.00000000 0.00000000 0.00000000 0.00000000 0.00000000 0.96886414 0.00000000 0.00000000 0.03113585
27,10,10,BP,scale_1.10,concat,0.3848869800567627,0.8773676311065536,0.029308408498764038,1.0824245633539284,0.19811974465847015,0.01247049868106842,1.0671723637515835,1.6673475503921509,0.13013826 0.01875985 0.04553485 0.11781857 0.00000000 0.04480169 0.64294678 0.00000000 0.00000000 0.00000000
27,10,10,BP,horizontal_flip,layer2_flat,0.3650916516780853,0.8545076379741556,0.002201467752456665,1.0060664847107073,0.21128973364830017,0.006543457508087158,1.031958859674567,2.109771728515625,0.16218939 0.12282376 0.05701272 0.09066127 0.00000000 0.05375553 0.50826705 0.00000000 0.00529027 0.00000000
27,10,10,BP,horizontal_flip,layer3_flat,0.35612621903419495,0.8439504950341518,0.008859485387802124,1.0255120474534076,0.15346510708332062,-0.00378340482711792,0.9759399641934372,1.3106658458709717,0.11958365 0.00000000 0.00000000 0.18253291 0.00000000 0.02064888 0.67723453 0.00000000 0.00000000 0.00000000
27,10,10,BP,horizontal_flip,layer4_pooled,0.5119147300720215,1.0118445829988136,0.048899441957473755,1.1056108582429154,0.017685770988464355,-0.006829289719462395,0.72142472741356,0.4320039749145508,0.00000000 0.00000000 0.00000000 0.04407825 0.00000000 0.00000000 0.93009353 0.02582820 0.00000000 0.00000000
27,10,10,BP,horizontal_flip,concat,0.3610842525959015,0.8498049806819227,0.005505681037902832,1.0154837256186833,0.18980412185192108,0.004154875874519348,1.022380246429887,1.6720547676086426,0.15001678 0.03907572 0.00660980 0.14965227 0.00000000 0.04086857 0.61377692 0.00000000 0.00000000 0.00000000
27,10,10,MSP,original,layer2_flat,0.24457377195358276,0.6993908377346428,0.0,1.0,0.1472288966178894,0.0,1.0,2.2148985862731934,0.18547259 0.10557107 0.12430449 0.06234561 0.00000000 0.05720508 0.45876828 0.00000000 0.00633292 0.00000000
27,10,10,MSP,original,layer3_flat,0.25493964552879333,0.7140583246889477,0.0,1.0,0.12375907599925995,0.0,1.0,1.444885015487671,0.23165445 0.01093393 0.02797288 0.09552863 0.00000000 0.00000000 0.63391006 0.00000000 0.00000000 0.00000000
27,10,10,MSP,original,layer4_pooled,0.36641350388526917,0.8560531570939612,0.0,1.0,0.016972621902823448,-7.450580596923828e-09,0.9999995610237847,1.0430755615234375,0.01191455 0.22127981 0.00000000 0.00000000 0.00000000 0.00000000 0.73484182 0.00000000 0.03196387 0.00000000
27,10,10,MSP,original,concat,0.24946847558021545,0.7063546921769763,0.0,1.0,0.1392516791820526,0.0,1.0,1.9234483242034912,0.20080040 0.06596395 0.07656372 0.08584849 0.00000000 0.01288851 0.54982448 0.00000000 0.00811047 0.00000000
27,10,10,MSP,rotate_-10,layer2_flat,0.29503947496414185,0.7681659650936663,0.05046570301055908,1.2063414347632113,0.19483458995819092,0.047605693340301514,1.323344767457788,2.1898353099823,0.12266784 0.16271310 0.03798159 0.07592904 0.00000000 0.07368673 0.49694100 0.00000000 0.03008075 0.00000000
27,10,10,MSP,rotate_-10,layer3_flat,0.2727648913860321,0.7385998800244041,0.01782524585723877,1.069919473764843,0.13282161951065063,0.009062543511390686,1.0732273042453198,1.3635704517364502,0.18663391 0.04985782 0.00545724 0.07467964 0.00000000 0.00000000 0.68337142 0.00000000 0.00000000 0.00000000
27,10,10,MSP,rotate_-10,layer4_pooled,0.38634514808654785,0.8790280406068374,0.019931644201278687,1.0543965874343573,0.026776686310768127,0.009804056957364082,1.5776392539214987,0.6635240316390991,0.00000000 0.17255843 0.00000000 0.00000000 0.00000000 0.00000000 0.82744157 0.00000000 0.00000000 0.00000000
27,10,10,MSP,rotate_-10,concat,0.2843072712421417,0.7540653436435621,0.03483879566192627,1.1396520966457115,0.16804076731204987,0.028789088129997253,1.2067414073488671,1.8676748275756836,0.14987907 0.11552744 0.02640665 0.08305115 0.00000000 0.01063236 0.58755368 0.00000000 0.02694961 0.00000000
27,10,10,MSP,rotate_+10,layer2_flat,0.28821927309036255,0.7592355011330313,0.043645501136779785,1.1784553625189405,0.17525158822536469,0.02802269160747528,1.1903341820187219,1.8669579029083252,0.20669100 0.08314063 0.14425728 0.03402561 0.00000000 0.00000000 0.52623367 0.00565178 0.00000000 0.00000000
27,10,10,MSP,rotate_+10,layer3_flat,0.2772342264652252,0.7446263847933744,0.022294580936431885,1.0874504272966303,0.12928833067417145,0.005529254674911499,1.0446775691416756,1.2342913150787354,0.21582735 0.00198602 0.00847812 0.08762389 0.00000000 0.00000000 0.68608457 0.00000000 0.00000000 0.00000000
27,10,10,MSP,rotate_+10,layer4_pooled,0.38644832372665405,0.8791454074573262,0.020034819841384888,1.0546781699606886,0.019586022943258286,0.0026133935898542404,1.1539769434236846,0.7223425507545471,0.00000000 0.20020731 0.00000000 0.00000000 0.00000000 0.00000000 0.79979265 0.00000000 0.00000000 0.00000000
27,10,10,MSP,rotate_+10,concat,0.2829819321632385,0.7523056987199267,0.03351345658302307,1.1343394451140285,0.1557585597038269,0.016506880521774292,1.1185399028479597,1.6409167051315308,0.20114984 0.04712658 0.07211480 0.06696259 0.00000000 0.00000000 0.61264616 0.00000000 0.00000000 0.00000000
27,10,10,MSP,scale_0.90,layer2_flat,0.24744366109371185,0.7034822827814668,0.0028698891401290894,1.0117342473691824,0.1774529069662094,0.030224010348320007,1.2052858578880519,2.3637890815734863,0.18187189 0.09337593 0.15221146 0.06860676 0.00000000 0.08669933 0.40362063 0.00000000 0.01361390 0.00000000
27,10,10,MSP,scale_0.90,layer3_flat,0.23684236407279968,0.6882475776532739,-0.018097281455993652,0.9290134674095689,0.1305893063545227,0.006830230355262756,1.055189732955411,1.8099732398986816,0.26421878 0.04080983 0.06149988 0.09890161 0.00000000 0.00000000 0.52758449 0.00000000 0.00698542 0.00000000
27,10,10,MSP,scale_0.90,layer4_pooled,0.44056057929992676,0.938680541291793,0.07414707541465759,1.2023590141417715,0.03176426514983177,0.014791635796427727,1.871499370401888,1.4776332378387451,0.34236464 0.04115196 0.00000000 0.07475238 0.00000000 0.00000000 0.54173106 0.00000000 0.00000000 0.00000000
27,10,10,MSP,scale_0.90,concat,0.2428416609764099,0.6969098377500635,-0.006626814603805542,0.9734362644884638,0.15951332449913025,0.020261645317077637,1.1455037773041343,2.1789097785949707,0.21154296 0.07164055 0.10630976 0.08915538 0.00000000 0.03558318 0.46998289 0.00000000 0.01578524 0.00000000
27,10,10,MSP,scale_1.10,layer2_flat,0.3000936806201935,0.7747176009620453,0.05551990866661072,1.2270067972657375,0.1899075210094452,0.042678624391555786,1.2898794012022783,2.1727278232574463,0.14627124 0.11981087 0.11655551 0.08852301 0.00000000 0.05137183 0.47746751 0.00000000 0.00000000 0.00000000
27,10,10,MSP,scale_1.10,layer3_flat,0.27769961953163147,0.745251124831934,0.022759974002838135,1.089275930212974,0.13275454938411713,0.008995473384857178,1.072685363171573,1.4905917644500732,0.15260838 0.00803474 0.05361221 0.12573111 0.00000000 0.00237525 0.65763831 0.00000000 0.00000000 0.00000000
27,10,10,MSP,scale_1.10,layer4_pooled,0.35426896810531616,0.841746954975563,-0.012144535779953003,0.9668556544692126,0.014170941896736622,-0.0028016874566674232,0.834929085048308,1.0072081089019775,0.00000000 0.14656873 0.00000000 0.00000000 0.00000000 0.00000000 0.76625931 0.00000000 0.08717198 0.00000000
27,10,10,MSP,scale_1.10,concat,0.28970757126808167,0.7611932360026351,0.04023909568786621,1.161299320862552,0.16625884175300598,0.02700716257095337,1.1939449687744967,1.897506594657898,0.14268729 0.06442094 0.08171923 0.11408874 0.00000000 0.02396093 0.57312286 0.00000000 0.00000000 0.00000000
27,10,10,MSP,horizontal_flip,layer2_flat,0.27683785557746887,0.7440938859814249,0.03226408362388611,1.1319196386678678,0.19081375002861023,0.043584853410720825,1.2960346400173246,2.3415350914001465,0.15076566 0.13072097 0.08988715 0.08350793 0.00000000 0.08611138 0.43993688 0.00000000 0.01907007 0.00000000
27,10,10,MSP,horizontal_flip,layer3_flat,0.2706180810928345,0.7356875438565403,0.015678435564041138,1.0614986167861793,0.13931088149547577,0.01555180549621582,1.1256619393003804,1.57784104347229,0.15070340 0.00153317 0.00000000 0.17245474 0.01727668 0.03969226 0.61833978 0.00000000 0.00000000 0.00000000
27,10,10,MSP,horizontal_flip,layer4_pooled,0.3944029211997986,0.8881474215464441,0.02798941731452942,1.0763875157920408,0.012103588320314884,-0.004869041033089161,0.7131239402322926,1.4276485443115234,0.05102079 0.07288349 0.00000000 0.09478915 0.00000000 0.00000000 0.71340740 0.00000000 0.06789924 0.00000000
27,10,10,MSP,horizontal_flip,concat,0.27406081557273865,0.7403523695818616,0.024592339992523193,1.0985789484431954,0.17135362327098846,0.03210194408893585,1.2305318275317627,2.0594077110290527,0.14324525 0.06847985 0.04133590 0.13400897 0.00000000 0.06109113 0.53773642 0.00000000 0.01410259 0.00000000
28,10,10,BP,original,layer2_flat,0.38452884554862976,0.8769593440389695,0.0,1.0,0.20572547614574432,4.470348358154297e-08,1.0000002172968274,1.6827716827392578,0.18018800 0.15845980 0.00000000 0.00032374 0.01693207 0.01780790 0.59329432 0.00000000 0.03299426 0.00000000
28,10,10,BP,original,layer3_flat,0.34479084610939026,0.8304105564230145,0.0,1.0,0.14757725596427917,0.0,1.0,0.8597232103347778,0.03427383 0.16821921 0.00000000 0.00000000 0.00000000 0.00000000 0.79750699 0.00000000 0.00000000 0.00000000
28,10,10,BP,original,layer4_pooled,0.4232008457183838,0.9200009192586536,0.0,1.0,0.07833594083786011,0.0,1.0,-0.0,0.00000000 0.00000000 0.00000000 0.00000000 0.00000000 0.00000000 1.00000000 0.00000000 0.00000000 0.00000000
28,10,10,BP,original,concat,0.3617590069770813,0.8505986209453684,0.0,1.0,0.17647124826908112,0.0,1.0,1.2965794801712036,0.11351918 0.15808447 0.00000000 0.00000000 0.00779815 0.00000000 0.70206100 0.00000000 0.01853716 0.00000000
28,10,10,BP,rotate_-10,layer2_flat,0.3780149817466736,0.8694998352463025,-0.006513863801956177,0.9830601426203917,0.19962510466575623,-0.006100326776504517,0.9703472403304353,1.7715861797332764,0.15540956 0.17337027 0.00000000 0.01921454 0.00348836 0.04238627 0.58190864 0.00000000 0.02422230 0.00000000
28,10,10,BP,rotate_-10,layer3_flat,0.34144482016563416,0.8263713695011876,-0.0033460259437561035,0.9902954907837523,0.14367282390594482,-0.0039044320583343506,0.9735431314751308,0.837632417678833,0.04160768 0.14518249 0.00000000 0.00000000 0.00000000 0.00000000 0.81320983 0.00000000 0.00000000 0.00000000
28,10,10,BP,rotate_-10,layer4_pooled,0.42663776874542236,0.9237291472562965,0.0034369230270385742,1.0081212574639264,0.07628010213375092,-0.002055838704109192,0.9737561241737286,-0.0,0.00000000 0.00000000 0.00000000 0.00000000 0.00000000 0.00000000 1.00000000 0.00000000 0.00000000 0.00000000
28,10,10,BP,rotate_-10,concat,0.3569349944591522,0.8449082724877917,-0.004824012517929077,0.9866651211859907,0.17180883884429932,-0.004662409424781799,0.9735797787430721,1.3091833591461182,0.10773209 0.15700169 0.00000000 0.00820134 0.00894189 0.00000000 0.70700437 0.00000000 0.01111868 0.00000000
28,10,10,BP,rotate_+10,layer2_flat,0.38524529337882996,0.8777759319767545,0.0007164478302001953,1.0018631835777525,0.21112963557243347,0.0054042041301727295,1.0262690134722756,1.5822100639343262,0.16867106 0.19575694 0.00000000 0.00913335 0.00000000 0.00000000 0.58914679 0.00000000 0.03729183 0.00000000
28,10,10,BP,rotate_+10,layer3_flat,0.343630850315094,0.8290124852076644,-0.0011599957942962646,0.9966356537379624,0.14658603072166443,-0.000991225242614746,0.9932833468400581,0.8245392441749573,0.03931688 0.14391260 0.00000000 0.00000000 0.00000000 0.00000000 0.81677049 0.00000000 0.00000000 0.00000000
28,10,10,BP,rotate_+10,layer4_pooled,0.4266766309738159,0.9237712173193273,0.003475785255432129,1.0082130867425934,0.08277961611747742,0.00444367527961731,1.0567258812753408,-0.0,0.00000000 0.00000000 0.00000000 0.00000000 0.00000000 0.00000000 1.00000000 0.00000000 0.00000000 0.00000000
28,10,10,BP,rotate_+10,concat,0.36197182536125183,0.8508487825239592,0.00021281838417053223,1.0005882877276457,0.17887938022613525,0.002408131957054138,1.013646030051131,1.239232063293457,0.10523033 0.15929431 0.00000000 0.00000000 0.00000000 0.00000000 0.71215105 0.00000000 0.02332432 0.00000000
28,10,10,BP,scale_0.90,layer2_flat,0.32434913516044617,0.805418071762046,-0.060179710388183594,0.8434975396912937,0.18502666056156158,-0.020698770880699158,0.899386426192,1.9342312812805176,0.17384863 0.22466251 0.00000000 0.03383102 0.01851485 0.01351204 0.50937778 0.01913752 0.00711559 0.00000000
28,10,10,BP,scale_0.90,layer3_flat,0.32321155071258545,0.8040044162970568,-0.02157929539680481,0.9374133749772003,0.14082929491996765,-0.0067479610443115234,0.9542750608813384,1.0146340131759644,0.02815346 0.27081659 0.00000000 0.00000000 0.00000000 0.00000000 0.70103002 0.00000000 0.00000000 0.00000000
28,10,10,BP,scale_0.90,layer4_pooled,0.43135520815849304,0.9288220584789026,0.008154362440109253,1.0192683037441665,0.04619204252958298,-0.03214389830827713,0.5896660209341418,-0.0,0.00000000 0.00000000 0.00000000 0.00000000 0.00000000 0.00000000 1.00000000 0.00000000 0.00000000 0.00000000
28,10,10,BP,scale_0.90,concat,0.3237817883491516,0.8047133506400296,-0.03797721862792969,0.8950206687452824,0.1645742654800415,-0.011896982789039612,0.9325840163445105,1.4722899198532104,0.11151671 0.24642028 0.00000000 0.03781414 0.00028681 0.00000000 0.60396206 0.00000000 0.00000000 0.00000000
28,10,10,BP,scale_1.10,layer2_flat,0.3952430486679077,0.8890928507955822,0.010714203119277954,1.0278631973733037,0.21822641789913177,0.012500986456871033,1.0607653918583169,1.7442641258239746,0.17379315 0.17747906 0.00000000 0.00020788 0.00000000 0.05034695 0.56130481 0.00000000 0.03686823 0.00000000
28,10,10,BP,scale_1.10,layer3_flat,0.3537210524082184,0.8410957762445587,0.008930206298828125,1.025900357853378,0.14607222378253937,-0.0015050321817398071,0.9898017335266492,0.8922612071037292,0.05179397 0.15039442 0.00000000 0.00000000 0.00000000 0.00000000 0.79781157 0.00000000 0.00000000 0.00000000
28,10,10,BP,scale_1.10,layer4_pooled,0.42293581366539,0.9197127961112534,-0.0002650320529937744,0.9993737440374363,0.057698801159858704,-0.020637139678001404,0.7365559223900462,-0.0,0.00000000 0.00000000 0.00000000 0.00000000 0.00000000 0.00000000 1.00000000 0.00000000 0.00000000 0.00000000
28,10,10,BP,scale_1.10,concat,0.37198707461357117,0.8625393609726703,0.010228067636489868,1.0282731526767752,0.18294884264469147,0.0064775943756103516,1.0367062308399195,1.3329706192016602,0.12106697 0.16306257 0.00000000 0.00239057 0.00000000 0.00000000 0.68573546 0.00000000 0.02774440 0.00000000
28,10,10,BP,horizontal_flip,layer2_flat,0.3668341338634491,0.8565443758071721,-0.017694711685180664,0.9539833958102972,0.21373139321804047,0.008005961775779724,1.0389157612630298,1.909508466720581,0.21405731 0.13063097 0.00000000 0.04479866 0.00000000 0.06582293 0.52683723 0.00000000 0.01785289 0.00000000
28,10,10,BP,horizontal_flip,layer3_flat,0.34341153502464294,0.828747892938067,-0.0013793110847473145,0.9959995716234714,0.17122499644756317,0.023647740483283997,1.1602397356463088,0.9704530239105225,0.04562704 0.18730123 0.00000000 0.00000000 0.00212906 0.00000000 0.76494265 0.00000000 0.00000000 0.00000000
28,10,10,BP,horizontal_flip,layer4_pooled,0.4229472577571869,0.9197252391417633,-0.0002535879611968994,0.9994007857882093,0.08918516337871552,0.010849222540855408,1.1384961031255456,-0.0,0.00000000 0.00000000 0.00000000 0.00000000 0.00000000 0.00000000 1.00000000 0.00000000 0.00000000 0.00000000
28,10,10,BP,horizontal_flip,concat,0.3534058928489685,0.8407209915887297,-0.008353114128112793,0.9769097272853281,0.1949150115251541,0.018443763256072998,1.1045142675471171,1.4877803325653076,0.14374407 0.16208331 0.00000000 0.03462806 0.00000000 0.00061477 0.64650989 0.00000000 0.01241989 0.00000000
28,10,10,MSP,original,layer2_flat,0.26197949051856995,0.7238501095096552,0.0,1.0,0.13323061168193817,-1.4901161193847656e-08,0.9999998881551369,1.7605314254760742,0.14148743 0.21509831 0.00000000 0.02026851 0.00000000 0.00000000 0.56291336 0.02676755 0.03346476 0.00000000
28,10,10,MSP,original,layer3_flat,0.2899772822856903,0.7615474801818863,0.0,1.0,0.10459316521883011,7.450580596923828e-09,1.0000000712339197,0.9482151865959167,0.05528757 0.16881345 0.00000000 0.00000000 0.00000000 0.00000000 0.77589893 0.00000000 0.00000000 0.00000000
28,10,10,MSP,original,layer4_pooled,0.3785654604434967,0.8701327030327003,0.0,1.0,0.038160290569067,0.0,1.0,-0.0,0.00000000 0.00000000 0.00000000 0.00000000 0.00000000 0.00000000 1.00000000 0.00000000 0.00000000 0.00000000
28,10,10,MSP,original,concat,0.278134286403656,0.7458341456431933,0.0,1.0,0.11983292549848557,-2.2351741790771484e-08,0.9999998134758246,1.3153157234191895,0.10879033 0.18612482 0.00000000 0.01835135 0.00000000 0.00000000 0.68245655 0.00000000 0.00427702 0.00000000
28,10,10,MSP,rotate_-10,layer2_flat,0.29717957973480225,0.7709469238991777,0.0352000892162323,1.1343620034775312,0.17318309843540192,0.03995247185230255,1.299874532430299,1.8239785432815552,0.13006552 0.21813369 0.00000000 0.00956520 0.00000000 0.03783743 0.55838704 0.01978635 0.02622471 0.00000000
28,10,10,MSP,rotate_-10,layer3_flat,0.29225730895996094,0.7645355570017145,0.00228002667427063,1.0078627768916617,0.1102171540260315,0.005623996257781982,1.0537702119118488,0.9552707672119141,0.07932359 0.13572334 0.00000000 0.00000000 0.00000000 0.00000000 0.78495306 0.00000000 0.00000000 0.00000000
28,10,10,MSP,rotate_-10,layer4_pooled,0.3804175853729248,0.8722586604590691,0.0018521249294281006,1.004892482603282,0.03873933106660843,0.0005790404975414276,1.015173901689198,-0.0,0.00000000 0.00000000 0.00000000 0.00000000 0.00000000 0.00000000 1.00000000 0.00000000 0.00000000 0.00000000
28,10,10,MSP,rotate_-10,concat,0.2943989336490631,0.7673316540441468,0.016264647245407104,1.0584776780153733,0.1404205709695816,0.020587623119354248,1.1718026927361729,1.2657749652862549,0.12133953 0.17795792 0.00000000 0.01131317 0.00000000 0.00000000 0.68845105 0.00000000 0.00093834 0.00000000
28,10,10,MSP,rotate_+10,layer2_flat,0.28829464316368103,0.7593347656517263,0.026315152645111084,1.100447376979479,0.1657610684633255,0.032530441880226135,1.2441663956274491,1.7436058521270752,0.13127264 0.23913078 0.01095070 0.03007594 0.00000000 0.00000000 0.55343419 0.00000000 0.03513570 0.00000000
28,10,10,MSP,rotate_+10,layer3_flat,0.2910221517086029,0.7629182809562278,0.0010448694229125977,1.0036032802800035,0.1071571409702301,0.002563983201980591,1.0245138712384723,0.9028682708740234,0.05553355 0.14875810 0.00000000 0.00000000 0.00000000 0.00000000 0.79570842 0.00000000 0.00000000 0.00000000
28,10,10,MSP,rotate_+10,layer4_pooled,0.3823462724685669,0.8744670062027119,0.0037808120250701904,1.009987208079234,0.04056443274021149,0.0024041421711444855,1.0630011494993776,-0.0,0.00000000 0.00000000 0.00000000 0.00000000 0.00000000 0.00000000 1.00000000 0.00000000 0.00000000 0.00000000
28,10,10,MSP,rotate_+10,concat,0.28989464044570923,0.7614389541463048,0.011760354042053223,1.0422830072267435,0.136330246925354,0.016497299075126648,1.137669141675527,1.2881641387939453,0.09998718 0.18460412 0.00000000 0.01373215 0.00000000 0.00000000 0.69378239 0.00000000 0.00789423 0.00000000
28,10,10,MSP,scale_0.90,layer2_flat,0.25062814354896545,0.7079945530143088,-0.011351346969604492,0.9566708563823375,0.15927980840206146,0.026049181818962097,1.1955194724128917,2.009413242340088,0.17202620 0.22720104 0.00000000 0.05365170 0.00000000 0.02626744 0.48257354 0.01264201 0.02563801 0.00000000
28,10,10,MSP,scale_0.90,layer3_flat,0.278062105178833,0.7457373601729137,-0.0119151771068573,0.9589099635223245,0.11764898896217346,0.01305583119392395,1.1248249070242946,1.2627220153808594,0.08874563 0.27505046 0.00000000 0.00272197 0.00000000 0.00000000 0.63348186 0.00000000 0.00000000 0.00000000
28,10,10,MSP,scale_0.90,layer4_pooled,0.37319743633270264,0.8639414752547798,-0.005368024110794067,0.9858200901252556,0.030176781117916107,-0.007983509451150894,0.7907901294280717,0.7093997001647949,0.00000000 0.19382253 0.00000000 0.00000000 0.00000000 0.00000000 0.80617750 0.00000000 0.00000000 0.00000000
28,10,10,MSP,scale_0.90,concat,0.26558616757392883,0.728815707259289,-0.012548118829727173,0.9548846746227073,0.13856343924999237,0.018730491399765015,1.1563050207445362,1.5639313459396362,0.14352764 0.25463653 0.00000000 0.04168461 0.00000000 0.00000000 0.56015110 0.00000000 0.00000000 0.00000000
28,10,10,MSP,scale_1.10,layer2_flat,0.28282904624938965,0.7521024481403975,0.020849555730819702,1.0795846869137347,0.16544781625270844,0.03221718966960907,1.2418151929149155,1.967110276222229,0.12596466 0.21689667 0.00000000 0.01794040 0.00000000 0.01882551 0.52580369 0.05803292 0.03653610 0.00000000
28,10,10,MSP,scale_1.10,layer3_flat,0.2964002788066864,0.769935424313866,0.006422996520996094,1.0221499990287028,0.10619989037513733,0.0016067326068878174,1.0153617372412882,0.9861271977424622,0.08881176 0.13586336 0.00000000 0.00000000 0.00000000 0.00000000 0.77532482 0.00000000 0.00000000 0.00000000
28,10,10,MSP,scale_1.10,layer4_pooled,0.3727073073387146,0.8633739715079608,-0.0058581531047821045,0.9845253893529967,0.030566992238163948,-0.007593298330903053,0.8010157098526066,0.2450890690088272,0.00000000 0.04061155 0.00000000 0.00000000 0.00000000 0.00000000 0.95938849 0.00000000 0.00000000 0.00000000
28,10,10,MSP,scale_1.10,concat,0.29049769043922424,0.7622305300094246,0.012363404035568237,1.0444512044717162,0.13681796193122864,0.016985014081001282,1.1417390991840424,1.4604531526565552,0.12069865 0.17182294 0.00000000 0.02137424 0.00000000 0.00000000 0.65910870 0.00000000 0.02699543 0.00000000
28,10,10,MSP,horizontal_flip,layer2_flat,0.3079926669597626,0.7848473315999266,0.04601317644119263,1.1756365597548768,0.2042551189661026,0.07102449238300323,1.5330943357694886,1.9385302066802979,0.19909036 0.12273251 0.00000000 0.02282938 0.00000000 0.09949279 0.52379382 0.00000000 0.03206114 0.00000000
28,10,10,MSP,horizontal_flip,layer3_flat,0.29886549711227417,0.7731306449912255,0.008888214826583862,1.0306514177817434,0.1417253166437149,0.03713215887546539,1.3550151813695626,1.1126936674118042,0.08867131 0.19398026 0.00000000 0.00000000 0.00000000 0.00000000 0.71734846 0.00000000 0.00000000 0.00000000
28,10,10,MSP,horizontal_flip,layer4_pooled,0.38083529472351074,0.8727374115087662,0.002269834280014038,1.0059958831884686,0.04564357548952103,0.007483284920454025,1.196101361091939,-0.0,0.00000000 0.00000000 0.00000000 0.00000000 0.00000000 0.00000000 1.00000000 0.00000000 0.00000000 0.00000000
28,10,10,MSP,horizontal_flip,concat,0.3028014302253723,0.7782048961878514,0.02466714382171631,1.0886878929619925,0.17249952256679535,0.05266657471656799,1.4394999510648236,1.5349533557891846,0.15902597 0.15964505 0.00000000 0.01629774 0.00000000 0.03152680 0.63153005 0.00000000 0.00197451 0.00000000
29,10,10,BP,original,layer2_flat,0.4521275460720062,0.9509232840476736,0.0,1.0,0.2264949083328247,-1.4901161193847656e-08,0.9999999342097342,1.984875202178955,0.17461130 0.23472184 0.00000000 0.03753277 0.00000000 0.11306868 0.44006535 0.00000000 0.00000000 0.00000000
29,10,10,BP,original,layer3_flat,0.38991183042526245,0.8830762486051388,0.0,1.0,0.2289896160364151,4.470348358154297e-08,1.000000195220609,1.8654122352600098,0.13373289 0.18929338 0.00000000 0.14788453 0.00000000 0.02133563 0.50775355 0.00000000 0.00000000 0.00000000
29,10,10,BP,original,layer4_pooled,0.5573256611824036,1.0557704875420637,0.0,1.0,0.23609453439712524,0.0,1.0,0.7201999425888062,0.00000000 0.19913763 0.00000000 0.00000000 0.00000000 0.00000000 0.80086243 0.00000000 0.00000000 0.00000000
29,10,10,BP,original,concat,0.42177844047546387,0.9184535268324292,0.0,1.0,0.2309136539697647,2.9802322387695312e-08,1.000000129062642,1.9476895332336426,0.15596364 0.20252955 0.00000000 0.08515743 0.00000000 0.06511629 0.49123305 0.00000000 0.00000000 0.00000000
29,10,10,BP,rotate_-10,layer2_flat,0.4304850101470947,0.9278847020477218,-0.0216425359249115,0.9521317908787251,0.21640673279762268,-0.01008819043636322,0.9554595295458485,2.035736560821533,0.17405376 0.21804568 0.00000000 0.04129112 0.00000000 0.14399719 0.42261222 0.00000000 0.00000000 0.00000000
29,10,10,BP,rotate_-10,layer3_flat,0.38379302620887756,0.8761198847291135,-0.006118804216384888,0.9843072106591492,0.23146338760852814,0.0024738162755966187,1.010803183137057,1.9607144594192505,0.11878106 0.21092314 0.00000000 0.16590197 0.00000000 0.03789490 0.46649897 0.00000000 0.00000000 0.00000000
29,10,10,BP,rotate_-10,layer4_pooled,0.5762930512428284,1.0735856288557781,0.018967390060424805,1.0340328669240713,0.2327660769224167,-0.003328457474708557,0.9859020138556203,0.841153621673584,0.00000000 0.26978335 0.00000000 0.00000000 0.00000000 0.00000000 0.73021662 0.00000000 0.00000000 0.00000000
29,10,10,BP,rotate_-10,concat,0.40811946988105774,0.9034594289519123,-0.013658970594406128,0.9676157686510097,0.2268504947423935,-0.004063129425048828,0.9824041156528515,2.025749683380127,0.15182483 0.20390077 0.00000000 0.09343173 0.00000000 0.08909117 0.46175152 0.00000000 0.00000000 0.00000000
29,10,10,BP,rotate_+10,layer2_flat,0.42171940207481384,0.918389244356459,-0.030408143997192383,0.9327443234518555,0.21640224754810333,-0.010092675685882568,0.9554397266758534,1.9909192323684692,0.21000479 0.25369185 0.00000000 0.04648823 0.00000000 0.05776166 0.42540422 0.00000000 0.00664919 0.00000000
29,10,10,BP,rotate_+10,layer3_flat,0.38308870792388916,0.8753156092791778,-0.006823122501373291,0.9825008579659815,0.22488851845264435,-0.00410105288028717,0.9820906565465085,1.8873401880264282,0.16423708 0.16800100 0.00000000 0.14707837 0.02167398 0.00000000 0.49900964 0.00000000 0.00000000 0.00000000
29,10,10,BP,rotate_+10,layer4_pooled,0.5567132830619812,1.0551902985357486,-0.0006123781204223633,0.9989012203042615,0.23017501831054688,-0.005919516086578369,0.974927348057129,0.7221001982688904,0.00000000 0.20008604 0.00000000 0.00000000 0.00000000 0.00000000 0.79991394 0.00000000 0.00000000 0.00000000
29,10,10,BP,rotate_+10,concat,0.4037187993526459,0.8985753161005992,-0.018059641122817993,0.9571821615575778,0.22336049377918243,-0.007553130388259888,0.9672902349722329,1.9101850986480713,0.19270119 0.20602079 0.00000000 0.09476791 0.00370374 0.02238074 0.48042569 0.00000000 0.00000000 0.00000000
29,10,10,BP,scale_0.90,layer2_flat,0.3790836036205292,0.870727975455629,-0.07304394245147705,0.8384439455505274,0.2026534527540207,-0.02384147047996521,0.8947372853243605,2.126750946044922,0.25709283 0.18540505 0.01056199 0.03941290 0.00000000 0.12969849 0.37725154 0.00000000 0.00057723 0.00000000
29,10,10,BP,scale_0.90,layer3_flat,0.3494492471218109,0.8360014917711701,-0.04046258330345154,0.8962263256818427,0.21665504574775696,-0.01233452558517456,0.9461349898455099,2.018817663192749,0.19915828 0.16867994 0.00000000 0.16237590 0.00535757 0.02535373 0.43907455 0.00000000 0.00000000 0.00000000
29,10,10,BP,scale_0.90,layer4_pooled,0.6692773103713989,1.1569592130852313,0.11195164918899536,1.2008729491322572,0.1950966715812683,-0.040997862815856934,0.8263498012761176,0.8688750863075256,0.00000000 0.29011911 0.00000000 0.00000000 0.00000000 0.00000000 0.70988083 0.00000000 0.00000000 0.00000000
29,10,10,BP,scale_0.90,concat,0.3655090034008026,0.8549959104005148,-0.056269437074661255,0.8665900584887738,0.21243391931056976,-0.01847970485687256,0.9199713532563486,2.0530900955200195,0.23443139 0.16588934 0.00000000 0.09427690 0.00000000 0.07805707 0.42734531 0.00000000 0.00000000 0.00000000
29,10,10,BP,scale_1.10,layer2_flat,0.43477824330329895,0.9325001268668,-0.017349302768707275,0.9616274148315089,0.22347749769687653,-0.003017425537109375,0.9866777343438341,1.9935154914855957,0.19238067 0.22111727 0.00000000 0.04138047 0.00000000 0.10284805 0.44168562 0.00000000 0.00058795 0.00000000
29,10,10,BP,scale_1.10,layer3_flat,0.39846518635749817,0.8927095679530921,0.008553355932235718,1.0219366412219013,0.23872949182987213,0.009739920496940613,1.0425343409317844,1.9039597511291504,0.13901812 0.16618520 0.00000000 0.15892838 0.02940807 0.00090048 0.50555968 0.00000000 0.00000000 0.00000000
29,10,10,BP,scale_1.10,layer4_pooled,0.5675702691078186,1.0654297434442297,0.010244607925415039,1.0183817265899116,0.20268961787223816,-0.033404916524887085,0.8585104199466282,0.47557416558265686,0.00000000 0.10208625 0.00000000 0.00000000 0.00000000 0.00000000 0.89791375 0.00000000 0.00000000 0.00000000
29,10,10,BP,scale_1.10,concat,0.4176856577396393,0.9139864963331125,-0.004092782735824585,0.9902963680855732,0.23449277877807617,0.00357915461063385,1.015499971573886,1.9413163661956787,0.17195861 0.18261015 0.00000000 0.09547170 0.00000000 0.05522785 0.49473172 0.00000000 0.00000000 0.00000000
29,10,10,BP,horizontal_flip,layer2_flat,0.4241487979888916,0.9210307247740345,-0.027978748083114624,0.9381175769401212,0.21863922476768494,-0.007855698466300964,0.9653162271626249,2.0323972702026367,0.22031966 0.25082529 0.00000000 0.05321690 0.00000000 0.04770264 0.41320273 0.00000000 0.01473275 0.00000000
29,10,10,BP,horizontal_flip,layer3_flat,0.36104875802993774,0.8497632117595322,-0.028863072395324707,0.925975386887413,0.2128472477197647,-0.01614232361316681,0.9295062935873759,1.9443585872650146,0.15969649 0.15856704 0.00000000 0.15906098 0.00000000 0.00574437 0.49210533 0.00000000 0.02482579 0.00000000
29,10,10,BP,horizontal_flip,layer4_pooled,0.5465452075004578,1.0455096436671043,-0.0107804536819458,0.9806568144394159,0.24199534952640533,0.00590081512928009,1.0249934423273415,0.7930545806884766,0.00000000 0.23880929 0.00000000 0.00000000 0.00000000 0.00000000 0.76119071 0.00000000 0.00000000 0.00000000
29,10,10,BP,horizontal_flip,concat,0.39362800121307373,0.8872744797559251,-0.028150439262390137,0.9332577567725134,0.21891778707504272,-0.011995837092399597,0.948050544286425,1.969738245010376,0.19407862 0.19468503 0.00000000 0.10156713 0.00000000 0.02539162 0.47345349 0.00000000 0.01082407 0.00000000
29,10,10,MSP,original,layer2_flat,0.26281002163887024,0.7249965815627963,0.0,1.0,0.14721819758415222,0.0,1.0,2.329373836517334,0.14978519 0.26322097 0.05631698 0.07293434 0.00000000 0.08528158 0.36282980 0.00853463 0.00109654 0.00000000
29,10,10,MSP,original,layer3_flat,0.2827942967414856,0.7520562435635856,0.0,1.0,0.16306756436824799,0.0,1.0,1.9617748260498047,0.29957578 0.13406332 0.00000000 0.12109009 0.00000000 0.03134652 0.41392425 0.00000000 0.00000000 0.00000000
29,10,10,MSP,original,layer4_pooled,0.4175250828266144,0.913810793136757,0.0,1.0,0.15033188462257385,-1.4901161193847656e-08,0.9999999008782484,0.993067741394043,0.00000000 0.45102358 0.00000000 0.00000000 0.00000000 0.00000000 0.54897642 0.00000000 0.00000000 0.00000000
29,10,10,MSP,original,concat,0.2726214826107025,0.7384056914876842,0.0,1.0,0.15769624710083008,0.0,1.0,2.086188554763794,0.21905586 0.20421909 0.00000000 0.11443214 0.00000000 0.06310375 0.39918920 0.00000000 0.00000000 0.00000000
29,10,10,MSP,rotate_-10,layer2_flat,0.2699950933456421,0.7348402456937727,0.007185071706771851,1.0273394129414806,0.16080598533153534,0.013587787747383118,1.0922969304764367,2.278582811355591,0.16149120 0.23962517 0.02382042 0.08988901 0.00000000 0.13420193 0.35097229 0.00000000 0.00000000 0.00000000
29,10,10,MSP,rotate_-10,layer3_flat,0.28567489981651306,0.7558768415774002,0.002880603075027466,1.0101862134710962,0.16624680161476135,0.0031792372465133667,1.0194964416057282,1.9850127696990967,0.33697146 0.16031685 0.00000000 0.11191399 0.00000000 0.02911493 0.36168277 0.00000000 0.00000000 0.00000000
29,10,10,MSP,rotate_-10,layer4_pooled,0.4231821596622467,0.9199806081241568,0.005657076835632324,1.0135490706266574,0.14274489879608154,-0.007587000727653503,0.9495316645925493,0.9970951080322266,0.00000000 0.53171861 0.00000000 0.00000000 0.00000000 0.00000000 0.46828139 0.00000000 0.00000000 0.00000000
29,10,10,MSP,rotate_-10,concat,0.27756378054618835,0.7450688297683488,0.00494229793548584,1.0181287912021417,0.16603347659111023,0.008337229490280151,1.052868915040803,2.1402506828308105,0.23961611 0.20583187 0.00000000 0.10975640 0.00000000 0.08225087 0.36254475 0.00000000 0.00000000 0.00000000
29,10,10,MSP,rotate_+10,layer2_flat,0.2726368308067322,0.7384264767825327,0.009826809167861938,1.037391303065785,0.164143368601799,0.01692517101764679,1.1149665686394314,2.2277626991271973,0.17459032 0.23857431 0.03662988 0.09637364 0.00000000 0.03721067 0.40188834 0.00000000 0.01473292 0.00000000
29,10,10,MSP,rotate_+10,layer3_flat,0.284720778465271,0.7546135149402918,0.0019264817237854004,1.0068123075534994,0.1679982990026474,0.004930734634399414,1.0302373721804927,1.977005958557129,0.32577848 0.12362017 0.00000000 0.12040061 0.03053060 0.00000000 0.39647648 0.00000000 0.00319368 0.00000000
29,10,10,MSP,rotate_+10,layer4_pooled,0.4134005010128021,0.9092859847295592,-0.004124581813812256,0.9901213556180164,0.14459459483623505,-0.0057373046875,0.9618357467334735,0.9921732544898987,0.00000000 0.44796515 0.00000000 0.00000000 0.00000000 0.00000000 0.55203485 0.00000000 0.00000000 0.00000000
29,10,10,MSP,rotate_+10,concat,0.2783242464065552,0.7460887968687845,0.005702763795852661,1.0209182480456802,0.16777394711971283,0.010077700018882751,1.0639057695036662,2.094146966934204,0.24529187 0.19212388 0.00000000 0.11563689 0.00397584 0.02331255 0.40412486 0.00000000 0.01553412 0.00000000
29,10,10,MSP,scale_0.90,layer2_flat,0.23772895336151123,0.6895345580339121,-0.02508106827735901,0.90456578436066,0.1546100527048111,0.0073918551206588745,1.050210199838803,2.463937282562256,0.23743205 0.18359832 0.05338184 0.07388750 0.00000000 0.11145848 0.31849965 0.01399587 0.00774632 0.00000000
29,10,10,MSP,scale_0.90,layer3_flat,0.2559563219547272,0.715480708272036,-0.026837974786758423,0.9050971851416181,0.15259040892124176,-0.010477155447006226,0.9357496048491784,1.9546712636947632,0.39737049 0.09603649 0.00000000 0.11778449 0.00000000 0.04169393 0.34528124 0.00000000 0.00183335 0.00000000
29,10,10,MSP,scale_0.90,layer4_pooled,0.4553500711917877,0.9543061051798712,0.03782498836517334,1.0905933318041885,0.0969538539648056,-0.05337804555892944,0.644932008923716,0.9877781271934509,0.00000000 0.56499076 0.00000000 0.00000000 0.00000000 0.00000000 0.43500918 0.00000000 0.00000000 0.00000000
29,10,10,MSP,scale_0.90,concat,0.24615205824375153,0.7016438672770561,-0.02646942436695099,0.9029077821990587,0.1559479534626007,-0.0017482936382293701,0.9889135368129564,2.2511050701141357,0.30899021 0.14738800 0.02070312 0.10377165 0.00000000 0.07376733 0.33673912 0.00000000 0.00864062 0.00000000
29,10,10,MSP,scale_1.10,layer2_flat,0.2632119655609131,0.725550777769431,0.0004019439220428467,1.0015294086562407,0.1531718373298645,0.00595363974571228,1.0404409226805582,2.300445556640625,0.14902082 0.27118793 0.03400422 0.08777333 0.00000000 0.07936739 0.36676303 0.00879904 0.00308423 0.00000000
29,10,10,MSP,scale_1.10,layer3_flat,0.2789008617401123,0.7468612478099427,-0.003893435001373291,0.9862322718448644,0.15497086942195892,-0.008096694946289062,0.9503476060514707,1.941291093826294,0.29303989 0.13852207 0.00000000 0.14476065 0.00773808 0.00563279 0.41030651 0.00000000 0.00000000 0.00000000
29,10,10,MSP,scale_1.10,layer4_pooled,0.41150614619255066,0.9072002493303787,-0.006018936634063721,0.9855842513860448,0.12105510383844376,-0.02927679568529129,0.8052522732843258,0.9373230338096619,0.00000000 0.35369295 0.00000000 0.00000000 0.00000000 0.00000000 0.64630705 0.00000000 0.00000000 0.00000000
29,10,10,MSP,scale_1.10,concat,0.27065929770469666,0.7357435663391106,-0.0019621849060058594,0.9928025301336922,0.15668348968029022,-0.001012757420539856,0.9935777963068082,2.0785629749298096,0.21356073 0.20905335 0.00000000 0.12975501 0.00000000 0.04590086 0.40001479 0.00000000 0.00171523 0.00000000
29,10,10,MSP,horizontal_flip,layer2_flat,0.3056827187538147,0.7818986107594957,0.04287269711494446,1.1631318959887045,0.20807959139347076,0.06086139380931854,1.4134094480685093,2.354095935821533,0.21538542 0.22125269 0.01250270 0.08574212 0.00000000 0.04463336 0.36552346 0.01959351 0.03536680 0.00000000
29,10,10,MSP,horizontal_flip,layer3_flat,0.2901116907596588,0.7617239536205472,0.007317394018173218,1.0258753238748535,0.18496772646903992,0.02190016210079193,1.1343011541596433,2.025085687637329,0.34963033 0.13260187 0.00000000 0.10325736 0.00000000 0.00067657 0.35793555 0.00000000 0.05589834 0.00000000
29,10,10,MSP,horizontal_flip,layer4_pooled,0.40996959805488586,0.9055049398593978,-0.007555484771728516,0.9819041176626795,0.15643171966075897,0.006099820137023926,1.040575687238092,0.9998942017555237,0.00000000 0.49394506 0.00000000 0.00000000 0.00000000 0.00000000 0.50605494 0.00000000 0.00000000 0.00000000
29,10,10,MSP,horizontal_flip,concat,0.29817524552345276,0.7722373281879772,0.025553762912750244,1.0937334896279862,0.1982152909040451,0.04051904380321503,1.2569436150059452,2.167151927947998,0.27639315 0.18264143 0.00000000 0.10161131 0.00000000 0.02665021 0.36778894 0.00000000 0.04491496 0.00000000
30,10,10,BP,original,layer2_flat,0.3561955690383911,0.8440326641053545,0.0,1.0,0.20729319751262665,0.0,1.0,1.9843226671218872,0.23634110 0.26268911 0.00482395 0.05790187 0.00000000 0.02021609 0.40749189 0.01053588 0.00000000 0.00000000
30,10,10,BP,original,layer3_flat,0.36274775862693787,0.851760246345106,0.0,1.0,0.24090106785297394,0.0,1.0,1.823546051979065,0.09724701 0.32936770 0.00000000 0.17487171 0.00000000 0.00000000 0.39851359 0.00000000 0.00000000 0.00000000
30,10,10,BP,original,layer4_pooled,0.4762836992740631,0.9759955935085599,0.0,1.0,0.042507242411375046,7.450580596923828e-09,1.0000001752779404,0.5759707093238831,0.00000000 0.13686554 0.00000000 0.00000000 0.00000000 0.00000000 0.86313444 0.00000000 0.00000000 0.00000000
30,10,10,BP,original,concat,0.3596470057964325,0.8481120277374121,0.0,1.0,0.22654248774051666,0.0,1.0,1.844092845916748,0.18707509 0.29360136 0.00000000 0.10729115 0.00000000 0.00000000 0.41203243 0.00000000 0.00000000 0.00000000
30,10,10,BP,rotate_-10,layer2_flat,0.3691989481449127,0.8593008182760129,0.013003379106521606,1.0365062910288017,0.21543776988983154,0.008144572377204895,1.0392901092505435,1.9708600044250488,0.23815350 0.26358813 0.00085738 0.06501275 0.00000000 0.03451149 0.39698869 0.00000000 0.00088806 0.00000000
30,10,10,BP,rotate_-10,layer3_flat,0.37527328729629517,0.8663409113002747,0.0125255286693573,1.0345295825306655,0.24773851037025452,0.006837442517280579,1.0283827821030052,1.7646958827972412,0.12389930 0.29176649 0.00000000 0.11593515 0.00000000 0.00000000 0.46839908 0.00000000 0.00000000 0.00000000
30,10,10,BP,rotate_-10,layer4_pooled,0.4607919752597809,0.9599916408592117,-0.015491724014282227,0.967473747185004,0.08500272035598755,0.0424954853951931,1.9997235866644372,0.05756904184818268,0.00000000 0.00663775 0.00000000 0.00000000 0.00000000 0.00000000 0.99336231 0.00000000 0.00000000 0.00000000
30,10,10,BP,rotate_-10,concat,0.37249308824539185,0.8631258173005739,0.01284608244895935,1.0357185858407918,0.23402290046215057,0.007480412721633911,1.0330199107293683,1.8063006401062012,0.19393955 0.27575016 0.00000000 0.09050624 0.00000000 0.00000000 0.43980402 0.00000000 0.00000000 0.00000000
30,10,10,BP,rotate_+10,layer2_flat,0.32029107213020325,0.8003637574630716,-0.035904496908187866,0.8992000461852538,0.1768004149198532,-0.030492782592773438,0.8529002255813583,2.012240171432495,0.23453201 0.26774248 0.00000000 0.05586261 0.00738314 0.03384120 0.39641932 0.00421929 0.00000000 0.00000000
30,10,10,BP,rotate_+10,layer3_flat,0.34294864535331726,0.8281891636013082,-0.019799113273620605,0.9454190610342872,0.22541376948356628,-0.015487298369407654,0.935710960074301,1.8548693656921387,0.15543769 0.30078906 0.00000000 0.13407920 0.00000000 0.00000000 0.40969408 0.00000000 0.00000000 0.00000000
30,10,10,BP,rotate_+10,layer4_pooled,0.47055384516716003,0.9701070509661911,-0.005729854106903076,0.98796966153655,0.048649996519088745,0.006142761558294296,1.1445109653407335,0.6751285195350647,0.00000000 0.17774934 0.00000000 0.00000000 0.00000000 0.00000000 0.82225072 0.00000000 0.00000000 0.00000000
30,10,10,BP,rotate_+10,concat,0.3319981098175049,0.814859631859997,-0.027648895978927612,0.9231221293845538,0.20268863439559937,-0.023853853344917297,0.8947047258872942,1.8381229639053345,0.20960416 0.28705749 0.00000000 0.09428692 0.00000000 0.00000000 0.40905145 0.00000000 0.00000000 0.00000000
30,10,10,BP,scale_0.90,layer2_flat,0.31812742352485657,0.7976558449918819,-0.038068145513534546,0.893125718502903,0.18890613317489624,-0.018387064337730408,0.9112992391536547,2.1397430896759033,0.27286494 0.28049171 0.00732673 0.07246925 0.00000000 0.04052656 0.31456229 0.01175855 0.00000000 0.00000000
30,10,10,BP,scale_0.90,layer3_flat,0.33777865767478943,0.8219229375979106,-0.024969100952148438,0.9311667671039735,0.22568197548389435,-0.01521909236907959,0.9368243050781955,1.8943730592727661,0.14683139 0.31526130 0.00000000 0.16789098 0.00000000 0.00000000 0.37001634 0.00000000 0.00000000 0.00000000
30,10,10,BP,scale_0.90,layer4_pooled,0.5162128806114197,1.0160835404743251,0.03992918133735657,1.0838348685838537,0.030915692448616028,-0.011591542512178421,0.7273042454397018,0.8046013116836548,0.00000000 0.24582976 0.00000000 0.00000000 0.00000000 0.00000000 0.75417024 0.00000000 0.00000000 0.00000000
30,10,10,BP,scale_0.90,concat,0.32813048362731934,0.8100993564092238,-0.03151652216911316,0.9123681786277278,0.20939333736896515,-0.017149150371551514,0.9243005118266443,1.904726266860962,0.23023026 0.29793558 0.00000000 0.11944606 0.00000000 0.00000000 0.35238808 0.00000000 0.00000000 0.00000000
30,10,10,BP,scale_1.10,layer2_flat,0.34969645738601685,0.8362971450220512,-0.006499111652374268,0.9817540918043943,0.20099639892578125,-0.006296798586845398,0.9696237085327826,1.9114048480987549,0.26565957 0.22283129 0.00000000 0.04909770 0.00000000 0.01622546 0.43423691 0.00539609 0.00655297 0.00000000
30,10,10,BP,scale_1.10,layer3_flat,0.3695851266384125,0.8597501109490041,0.006837368011474609,1.0188488222155703,0.24944525957107544,0.008544191718101501,1.0354676373758571,1.8398234844207764,0.13621446 0.29559469 0.00000000 0.14457814 0.00000000 0.00000000 0.42361268 0.00000000 0.00000000 0.00000000
30,10,10,BP,scale_1.10,layer4_pooled,0.45881783962249756,0.9579330244046267,-0.017465859651565552,0.9633288737822651,0.0466512031853199,0.004143968224525452,1.09748853879228,0.5386583805084229,0.00000000 0.12325959 0.00000000 0.00000000 0.00000000 0.00000000 0.87674046 0.00000000 0.00000000 0.00000000
30,10,10,BP,scale_1.10,concat,0.3598857522010803,0.8483934844175552,0.00023874640464782715,1.0006638353741288,0.22701621055603027,0.00047372281551361084,1.0020910992027867,1.818695068359375,0.21728280 0.25678125 0.00000000 0.09074514 0.00000000 0.00000000 0.43519083 0.00000000 0.00000000 0.00000000
30,10,10,BP,horizontal_flip,layer2_flat,0.3484465479850769,0.834801231413894,-0.007749021053314209,0.9782450380440941,0.2061394453048706,-0.0011537522077560425,0.9944342013071596,2.190683603286743,0.12385094 0.26729894 0.04033645 0.04200674 0.01361895 0.07722021 0.43091792 0.00000000 0.00474988 0.00000000
30,10,10,BP,horizontal_flip,layer3_flat,0.3418140113353729,0.8268180106110086,-0.02093374729156494,0.9422911739806608,0.2322501391172409,-0.008650928735733032,0.9640892885498668,1.6119606494903564,0.00000000 0.43707877 0.00000000 0.18581241 0.01893335 0.00000000 0.35817546 0.00000000 0.00000000 0.00000000
30,10,10,BP,horizontal_flip,layer4_pooled,0.4761071801185608,0.9758147161408879,-0.00017651915550231934,0.9996293823287025,0.033173028379678726,-0.009334206581115723,0.7804089917985652,0.678672194480896,0.00000000 0.17935877 0.00000000 0.00000000 0.00000000 0.00000000 0.82064128 0.00000000 0.00000000 0.00000000
30,10,10,BP,horizontal_flip,concat,0.3449832499027252,0.8306422212995499,-0.014663755893707275,0.959227365563092,0.22393539547920227,-0.002607092261314392,0.9884918176395721,1.9006249904632568,0.08416028 0.36880895 0.00000000 0.11079748 0.01864306 0.01319556 0.40439463 0.00000000 0.00000000 0.00000000
30,10,10,MSP,original,layer2_flat,0.25398820638656616,0.7127246402174772,0.0,1.0,0.1365058720111847,0.0,1.0,1.9766019582748413,0.16282788 0.24358118 0.01701545 0.05499389 0.00000000 0.04286001 0.47651890 0.00220272 0.00000000 0.00000000
30,10,10,MSP,original,layer3_flat,0.29665708541870117,0.7702688951511688,0.0,1.0,0.16690093278884888,1.4901161193847656e-08,1.0000000892814813,1.828621745109558,0.16675745 0.26060393 0.00000000 0.12393004 0.00000000 0.00000000 0.44870850 0.00000000 0.00000000 0.00000000
30,10,10,MSP,original,layer4_pooled,0.4003222584724426,0.8947874143867275,0.0,1.0,0.023810673505067825,0.0,1.0,0.9177669286727905,0.00000000 0.30209255 0.00000000 0.00378489 0.00000000 0.00000000 0.69412255 0.00000000 0.00000000 0.00000000
30,10,10,MSP,original,concat,0.2763054072856903,0.7433779755759385,0.0,1.0,0.15297815203666687,0.0,1.0,1.7821370363235474,0.17426184 0.26377499 0.00000000 0.09504921 0.00000000 0.00000000 0.46691394 0.00000000 0.00000000 0.00000000
30,10,10,MSP,rotate_-10,layer2_flat,0.2847752571105957,0.7546857055895463,0.03078705072402954,1.1212144892942426,0.16421587765216827,0.02771000564098358,1.2029949718097852,1.9756959676742554,0.18557988 0.20018390 0.00000000 0.06779075 0.00000000 0.07323532 0.47224733 0.00000000 0.00096277 0.00000000
30,10,10,MSP,rotate_-10,layer3_flat,0.3143024146556854,0.792846031276799,0.017645329236984253,1.0594805588817142,0.1767556369304657,0.009854719042778015,1.0590453256185834,1.663699984550476,0.18622725 0.22513120 0.00000000 0.05940833 0.00000000 0.00000000 0.52923322 0.00000000 0.00000000 0.00000000
30,10,10,MSP,rotate_-10,layer4_pooled,0.3983379602432251,0.8925670397714953,-0.0019842982292175293,0.9950432478154367,0.03710873797535896,0.013298064470291138,1.558491739719261,0.6188029050827026,0.00000000 0.15361075 0.00000000 0.00000000 0.00000000 0.00000000 0.84638923 0.00000000 0.00000000 0.00000000
30,10,10,MSP,rotate_-10,concat,0.30066320300102234,0.7754523879659181,0.02435779571533203,1.0881553349046795,0.17191967368125916,0.018941521644592285,1.1238184759868743,1.7243528366088867,0.19847755 0.22530064 0.00000000 0.07397203 0.00000000 0.00000000 0.50224972 0.00000000 0.00000000 0.00000000
30,10,10,MSP,rotate_+10,layer2_flat,0.2436668425798416,0.6980928914977456,-0.010321363806724548,0.9593628225754115,0.13319799304008484,-0.0033078789710998535,0.9757674968677934,1.9772729873657227,0.22066116 0.20964363 0.00000000 0.03478698 0.01841150 0.04867892 0.46539152 0.00071041 0.00171583 0.00000000
30,10,10,MSP,rotate_+10,layer3_flat,0.2804239094257355,0.7488977359102316,-0.016233175992965698,0.945279661970657,0.15113338828086853,-0.015767529606819153,0.9055276040043405,1.7577191591262817,0.22249140 0.25077441 0.00000000 0.06634968 0.00000000 0.00000000 0.46038455 0.00000000 0.00000000 0.00000000
30,10,10,MSP,rotate_+10,layer4_pooled,0.39055439829826355,0.8838035961663242,-0.009767860174179077,0.9756000073255305,0.02298165112733841,-0.0008290223777294159,0.9651827413652053,1.098742127418518,0.04163323 0.29115760 0.00000000 0.00000000 0.00000000 0.00000000 0.66720915 0.00000000 0.00000000 0.00000000
30,10,10,MSP,rotate_+10,concat,0.2626355290412903,0.7247558610198199,-0.013669878244400024,0.95052620077675,0.14298859238624573,-0.009989559650421143,0.9346994357209815,1.745175838470459,0.23337379 0.24263912 0.00000000 0.06066591 0.00000000 0.00000000 0.46332118 0.00000000 0.00000000 0.00000000
30,10,10,MSP,scale_0.90,layer2_flat,0.2499404102563858,0.7070225035405674,-0.004047796130180359,0.9840630547860805,0.15780657529830933,0.021300703287124634,1.1560423956357226,2.2550601959228516,0.22199589 0.23118719 0.02859767 0.06056186 0.02208697 0.05896822 0.37660226 0.00000000 0.00000000 0.00000000
30,10,10,MSP,scale_0.90,layer3_flat,0.2752504050731659,0.7419574180142225,-0.02140668034553528,0.927840320027247,0.15787476301193237,-0.00902615487575531,0.9459190818724246,1.8627057075500488,0.23167205 0.25506803 0.00000000 0.10607692 0.00000000 0.00000000 0.40718305 0.00000000 0.00000000 0.00000000
30,10,10,MSP,scale_0.90,layer4_pooled,0.4272783398628235,0.9244223492136303,0.02695608139038086,1.0673359545211727,0.02696489542722702,0.003154221922159195,1.1324709240734154,1.241581916809082,0.00000000 0.35948023 0.00000000 0.06371491 0.00000000 0.00000000 0.57680482 0.00000000 0.00000000 0.00000000
30,10,10,MSP,scale_0.90,concat,0.2628099322319031,0.7249964582422497,-0.013495475053787231,0.9511573979448599,0.15894851088523865,0.005970358848571777,1.0390275262777506,1.8629240989685059,0.24305809 0.25889635 0.00000000 0.10050681 0.00000000 0.00000000 0.39753878 0.00000000 0.00000000 0.00000000
30,10,10,MSP,scale_1.10,layer2_flat,0.2555356025695801,0.7148924430564084,0.001547396183013916,1.0060923938360062,0.1413855105638504,0.0048796385526657104,1.0357467300178131,1.9361711740493774,0.22392635 0.19423535 0.00000000 0.05216621 0.00000000 0.04246254 0.47685358 0.00000000 0.01035601 0.00000000
30,10,10,MSP,scale_1.10,layer3_flat,0.3009122312068939,0.775773460756288,0.004255145788192749,1.0143436512974997,0.16954606771469116,0.002645149827003479,1.0158486236053395,1.7914620637893677,0.22723921 0.21351723 0.00000000 0.09219667 0.00000000 0.00000000 0.46704692 0.00000000 0.00000000 0.00000000
30,10,10,MSP,scale_1.10,layer4_pooled,0.3819224536418915,0.8739822122239005,-0.018399804830551147,0.9540375174222999,0.025023993104696274,0.0012133195996284485,1.0509569626125548,1.170809030532837,0.21459368 0.07327843 0.00000000 0.00893603 0.00000000 0.00000000 0.70319188 0.00000000 0.00000000 0.00000000
30,10,10,MSP,scale_1.10,concat,0.27875056862831116,0.7466599877163784,0.0024451613426208496,1.0088494878425733,0.15615436434745789,0.0031762123107910156,1.0207625224156778,1.765902042388916,0.23346429 0.21360996 0.00000000 0.07914825 0.00000000 0.00000000 0.47377747 0.00000000 0.00000000 0.00000000
30,10,10,MSP,horizontal_flip,layer2_flat,0.29836195707321167,0.7724790703614068,0.04437375068664551,1.1747079178114854,0.20593053102493286,0.06942465901374817,1.508583682081832,2.3239898681640625,0.14819908 0.21751337 0.03866892 0.04058303 0.02214509 0.10622772 0.41476643 0.00000000 0.01189636 0.00000000
30,10,10,MSP,horizontal_flip,layer3_flat,0.2933316230773926,0.7659394533217264,-0.0033254623413085938,0.9887902143425841,0.19263628125190735,0.025735363364219666,1.1541954573394468,1.8639204502105713,0.09173100 0.40895900 0.00000000 0.13941209 0.01575268 0.00000000 0.34414515 0.00000000 0.00000000 0.00000000
30,10,10,MSP,horizontal_flip,layer4_pooled,0.3978889286518097,0.8920638190755297,-0.0024333298206329346,0.9939215725103271,0.024340737611055374,0.0005300641059875488,1.0222616174990795,1.1648637056350708,0.00000000 0.30786675 0.00000000 0.05418617 0.00000000 0.00000000 0.63794702 0.00000000 0.00000000 0.00000000
30,10,10,MSP,horizontal_flip,concat,0.2957358956336975,0.7690720325609266,0.019430488348007202,1.0703225048645046,0.20258736610412598,0.049609214067459106,1.3242895368172845,2.028160572052002,0.14420216 0.33737150 0.00000000 0.09743414 0.03561996 0.00368141 0.37682605 0.00000000 0.00486480 0.00000000
31,10,10,BP,original,layer2_flat,0.4141958951950073,0.9101603102695781,0.0,1.0,0.20922690629959106,1.4901161193847656e-08,1.0000000712201051,1.67708158493042,0.09354281 0.15060304 0.00594677 0.05337150 0.00000000 0.04451489 0.64207834 0.00000000 0.00994264 0.00000000
31,10,10,BP,original,layer3_flat,0.3715507686138153,0.862033373615912,0.0,1.0,0.17844003438949585,-2.9802322387695312e-08,0.999999832984131,1.3799421787261963,0.00000000 0.09001576 0.00000000 0.05126388 0.09631872 0.00000000 0.72294748 0.00000000 0.03945420 0.00000000
31,10,10,BP,original,layer4_pooled,0.42923685908317566,0.9265385680943623,0.0,1.0,0.032338984310626984,0.0,1.0,-0.0,0.00000000 0.00000000 0.00000000 0.00000000 0.00000000 0.00000000 1.00000000 0.00000000 0.00000000 0.00000000
31,10,10,BP,original,concat,0.3918401896953583,0.8852572391066432,0.0,1.0,0.19626294076442719,0.0,1.0,1.5177067518234253,0.06228244 0.12594542 0.00000000 0.05633252 0.03814965 0.00000000 0.69676721 0.00000000 0.02052280 0.00000000
31,10,10,BP,rotate_-10,layer2_flat,0.392782598733902,0.886321159325334,-0.021413296461105347,0.9483015242075925,0.20171190798282623,-0.007514983415603638,0.9640821341590505,1.6902053356170654,0.09411250 0.15158986 0.00000000 0.07537681 0.00000000 0.04495432 0.62665331 0.00000000 0.00731326 0.00000000
31,10,10,BP,rotate_-10,layer3_flat,0.36603352427482605,0.8556091681075256,-0.005517244338989258,0.985150765911323,0.14803911745548248,-0.030400946736335754,0.829629366735235,1.2587153911590576,0.02963375 0.10909740 0.00000000 0.04475662 0.06301288 0.00000000 0.75349939 0.00000000 0.00000000 0.00000000
31,10,10,BP,rotate_-10,layer4_pooled,0.432475209236145,0.9300271063105043,0.0032383501529693604,1.0075444363279489,0.05149389058351517,0.019154906272888184,1.5923162610274477,-0.0,0.00000000 0.00000000 0.00000000 0.00000000 0.00000000 0.00000000 1.00000000 0.00000000 0.00000000 0.00000000
31,10,10,BP,rotate_-10,concat,0.37949731945991516,0.8712029837643064,-0.012342870235443115,0.9685002443342839,0.17707769572734833,-0.019185245037078857,0.9022472354574111,1.4590721130371094,0.07342061 0.13259180 0.00000000 0.06842752 0.02113650 0.00000000 0.69729000 0.00000000 0.00713356 0.00000000
31,10,10,BP,rotate_+10,layer2_flat,0.3971978425979614,0.891288777667442,-0.0169980525970459,0.9589613204906292,0.20706255733966827,-0.0021643340587615967,0.9896555646155937,1.6663861274719238,0.13509625 0.12583783 0.00000000 0.05497228 0.00000000 0.02857563 0.63655221 0.00000000 0.01896580 0.00000000
31,10,10,BP,rotate_+10,layer3_flat,0.35781803727149963,0.845952761413425,-0.013732731342315674,0.9630394215210134,0.16780200600624084,-0.010638058185577393,0.9403830174927411,1.4437975883483887,0.00074719 0.07481252 0.00000000 0.05822886 0.03888027 0.00000000 0.70146406 0.00000000 0.12586714 0.00000000
31,10,10,BP,rotate_+10,layer4_pooled,0.4366697669029236,0.9345263687054781,0.007432907819747925,1.0173165646482616,0.02097843587398529,-0.011360548436641693,0.6487042287052539,-0.0,0.00000000 0.00000000 0.00000000 0.00000000 0.00000000 0.00000000 1.00000000 0.00000000 0.00000000 0.00000000
31,10,10,BP,rotate_+10,concat,0.3768235445022583,0.8681284979797154,-0.015016645193099976,0.9616766079948651,0.1905565857887268,-0.005706354975700378,0.9709249491857936,1.5609588623046875,0.08699325 0.09720866 0.00000000 0.06121454 0.01538563 0.00000000 0.68865699 0.00000000 0.05054093 0.00000000
31,10,10,BP,scale_0.90,layer2_flat,0.34148064255714417,0.8264147173872742,-0.07271525263786316,0.824442362946517,0.1999601423740387,-0.009266749024391174,0.9557095698243672,1.9998981952667236,0.15731457 0.23099288 0.00000000 0.10287411 0.00004310 0.05427865 0.45370233 0.00000000 0.00079436 0.00000000
31,10,10,BP,scale_0.90,layer3_flat,0.34158146381378174,0.8265367067635675,-0.02996930480003357,0.9193399467002513,0.17044462263584137,-0.007995441555976868,0.9551925651218262,1.7426749467849731,0.06879507 0.13211015 0.00000000 0.07443916 0.12272975 0.00000000 0.60192585 0.00000000 0.00000000 0.00000000
31,10,10,BP,scale_0.90,layer4_pooled,0.48224517703056335,0.9820846980078279,0.053008317947387695,1.1234943291228223,0.017490431666374207,-0.014848552644252777,0.5408466604526534,0.7128605842590332,0.11432248 0.00000000 0.00000000 0.02053613 0.00000000 0.00000000 0.85806412 0.00000000 0.00707725 0.00000000
31,10,10,BP,scale_0.90,concat,0.3415643870830536,0.8265160459217397,-0.05027580261230469,0.8716930934234591,0.18977408111095428,-0.0064888596534729,0.9669379271085703,1.8587794303894043,0.12582326 0.18247366 0.00000000 0.08993073 0.05986243 0.00000000 0.54190993 0.00000000 0.00000000 0.00000000
31,10,10,BP,scale_1.10,layer2_flat,0.420327365398407,0.9168722543499798,0.006131470203399658,1.01480330991812,0.20829996466636658,-0.0009269267320632935,0.9955697533626606,1.6715059280395508,0.06366956 0.15640910 0.01856145 0.04366660 0.00000000 0.05189296 0.65432173 0.00000000 0.01147865 0.00000000
31,10,10,BP,scale_1.10,layer3_flat,0.3854619562625885,0.8780227289342668,0.013911187648773193,1.0374408797501233,0.19120030105113983,0.012760236859321594,1.0715099320157897,1.58001708984375,0.00000000 0.07442506 0.00000000 0.12489302 0.07409378 0.00000000 0.66235578 0.00000000 0.06423235 0.00000000
31,10,10,BP,scale_1.10,layer4_pooled,0.4447019696235657,0.9430821487267859,0.015465110540390015,1.0360293162460152,0.01713854819536209,-0.015200436115264893,0.5299655682197845,0.263538658618927,0.00000000 0.00000000 0.00000000 0.04472207 0.00000000 0.00000000 0.95527798 0.00000000 0.00000000 0.00000000
31,10,10,BP,scale_1.10,concat,0.40245917439460754,0.8971724186516297,0.010618984699249268,1.0271002949122652,0.204109787940979,0.007846847176551819,1.039981298282544,1.5418376922607422,0.03223800 0.13716219 0.00000000 0.08939803 0.03490321 0.00000000 0.68164134 0.00000000 0.02465729 0.00000000
31,10,10,BP,horizontal_flip,layer2_flat,0.40570068359375,0.9007782008838247,-0.008495211601257324,0.9794898701320128,0.20281440019607544,-0.006412491202354431,0.9693514960746011,1.5496280193328857,0.12913698 0.15680464 0.00000000 0.02301951 0.00000000 0.00945238 0.65024686 0.00000000 0.03133966 0.00000000
31,10,10,BP,horizontal_flip,layer3_flat,0.36471298336982727,0.8540643809102769,-0.006837785243988037,0.9815966327576711,0.15123406052589417,-0.027206003665924072,0.8475342194647169,0.9416579008102417,0.00000000 0.12280439 0.00000000 0.00000000 0.01073508 0.00000000 0.80482858 0.00000000 0.06163202 0.00000000
31,10,10,BP,horizontal_flip,layer4_pooled,0.4281526505947113,0.9253676573067715,-0.0010842084884643555,0.9974741020825247,0.04798201844096184,0.015643034130334854,1.4837206382115917,-0.0,0.00000000 0.00000000 0.00000000 0.00000000 0.00000000 0.00000000 1.00000000 0.00000000 0.00000000 0.00000000
31,10,10,BP,horizontal_flip,concat,0.38372743129730225,0.8760450117400387,-0.00811275839805603,0.9792957470637642,0.17759934067726135,-0.018663600087165833,0.9049051236347645,1.260308861732483,0.06095919 0.13329390 0.00000000 0.01887997 0.00000000 0.00000000 0.74242848 0.00000000 0.04443851 0.00000000
31,10,10,MSP,original,layer2_flat,0.2809393107891083,0.7495856332522767,0.0,1.0,0.1552858203649521,0.0,1.0,1.9888501167297363,0.10083614 0.15075779 0.06664134 0.07702923 0.00000000 0.02658021 0.56281453 0.00000000 0.01534067 0.00000000
31,10,10,MSP,original,layer3_flat,0.28309690952301025,0.7524585164951092,0.0,1.0,0.1399735063314438,0.0,1.0,1.4537954330444336,0.06626441 0.14916731 0.00000000 0.02004199 0.03376877 0.00000000 0.70174634 0.00000000 0.02901116 0.00000000
31,10,10,MSP,original,layer4_pooled,0.3727943003177643,0.8634747249546616,0.0,1.0,0.1279226690530777,0.0,1.0,0.6613149642944336,0.00000000 0.17158374 0.00000000 0.00000000 0.00000000 0.00000000 0.82841623 0.00000000 0.00000000 0.00000000
31,10,10,MSP,original,concat,0.28211709856987,0.7511552417042299,0.0,1.0,0.14925284683704376,0.0,1.0,1.6669950485229492,0.09361836 0.14706741 0.00000000 0.06903841 0.00086215 0.01864336 0.64188641 0.00000000 0.02888391 0.00000000
31,10,10,MSP,rotate_-10,layer2_flat,0.2962828278541565,0.7697828627011081,0.015343517065048218,1.0546150591097287,0.17182974517345428,0.016543924808502197,1.1065385414425748,1.8477609157562256,0.14857012 0.10803175 0.00068659 0.07131718 0.00000000 0.06524772 0.58780831 0.00000000 0.01833840 0.00000000
31,10,10,MSP,rotate_-10,layer3_flat,0.29255202412605286,0.7649209424849771,0.009455114603042603,1.0333988619619343,0.1392534226179123,-0.0007200837135314941,0.99485557136919,1.2239820957183838,0.13189189 0.18582103 0.00000000 0.00101827 0.00000000 0.00000000 0.68126881 0.00000000 0.00000000 0.00000000
31,10,10,MSP,rotate_-10,layer4_pooled,0.39149969816207886,0.8848725311162946,0.018705397844314575,1.0501761905381068,0.17133274674415588,0.043410077691078186,1.3393462473232725,0.7907733917236328,0.00000000 0.23744971 0.00000000 0.00000000 0.00000000 0.00000000 0.76255029 0.00000000 0.00000000 0.00000000
31,10,10,MSP,rotate_-10,concat,0.2944822609424591,0.7674402399437484,0.012365162372589111,1.0438298934563972,0.1574329137802124,0.00818006694316864,1.0548067733143136,1.6028070449829102,0.14980696 0.15202205 0.00000000 0.04496629 0.00000000 0.01862505 0.62770426 0.00000000 0.00687545 0.00000000
31,10,10,MSP,rotate_+10,layer2_flat,0.29890477657318115,0.7731814490443768,0.017965465784072876,1.0639478531272364,0.18618987500667572,0.030904054641723633,1.199014015374321,1.8440756797790527,0.16298850 0.12729546 0.00002085 0.10328694 0.00000000 0.01218882 0.56297696 0.00000000 0.03124240 0.00000000
31,10,10,MSP,rotate_+10,layer3_flat,0.27252787351608276,0.7382789087006113,-0.01056903600692749,0.962666367412142,0.13279172778129578,-0.00718177855014801,0.9486918722097956,1.6193090677261353,0.07946178 0.12116963 0.00000000 0.06236559 0.00000000 0.00000000 0.65002704 0.00000000 0.08697597 0.00000000
31,10,10,MSP,rotate_+10,layer4_pooled,0.35185739398002625,0.83887709943713,-0.020936906337738037,0.9438379118998451,0.06767715513706207,-0.060245513916015625,0.5290473974511305,0.5154924392700195,0.00000000 0.11523002 0.00000000 0.00000000 0.00000000 0.00000000 0.88476998 0.00000000 0.00000000 0.00000000
31,10,10,MSP,rotate_+10,concat,0.28526780009269714,0.7553380701284652,0.0031507015228271484,1.011168062973807,0.1596047282218933,0.010351881384849548,1.0693580163069352,1.7048283815383911,0.12701449 0.11381439 0.00000000 0.09246167 0.00000000 0.00000000 0.61500812 0.00000000 0.05170127 0.00000000
31,10,10,MSP,scale_0.90,layer2_flat,0.2659464478492737,0.7293098763204482,-0.014992862939834595,0.9466330899094578,0.18606843054294586,0.030782610177993774,1.1982319448449985,2.153278350830078,0.21161309 0.17129408 0.00000000 0.17266990 0.00000000 0.04510926 0.38783500 0.00000000 0.01147877 0.00000000
31,10,10,MSP,scale_0.90,layer3_flat,0.2697692811489105,0.7345328871451714,-0.013327628374099731,0.9529220280203399,0.14712558686733246,0.007152080535888672,1.0510959589659927,1.7420974969863892,0.17358808 0.19429415 0.00000000 0.03482817 0.04534891 0.00000000 0.55194068 0.00000000 0.00000000 0.00000000
31,10,10,MSP,scale_0.90,layer4_pooled,0.373668372631073,0.8644864054813968,0.0008740723133087158,1.0023446504213216,0.04702611267566681,-0.08089655637741089,0.36761359831217333,0.849474310874939,0.00000000 0.27566332 0.00000000 0.00000000 0.00000000 0.00000000 0.72433668 0.00000000 0.00000000 0.00000000
31,10,10,MSP,scale_0.90,concat,0.26779794692993164,0.7318441732089307,-0.014319151639938354,0.9492439426306475,0.17035137116909027,0.02109852433204651,1.1413609507558726,1.9662811756134033,0.20460624 0.18838315 0.00000000 0.11203232 0.01416989 0.00006292 0.46610010 0.00000000 0.01464539 0.00000000
31,10,10,MSP,scale_1.10,layer2_flat,0.2948136627674103,0.767871946052739,0.013874351978302002,1.0493855841650712,0.15985742211341858,0.004571601748466492,1.0294399175513442,1.9105437994003296,0.07118343 0.15593740 0.06021168 0.06617022 0.00000000 0.04270695 0.59196150 0.00000000 0.01182889 0.00000000
31,10,10,MSP,scale_1.10,layer3_flat,0.28596049547195435,0.7562545807754877,0.002863585948944092,1.0101152144463845,0.14075204730033875,0.0007785409688949585,1.0055620594874997,1.4433224201202393,0.00267676 0.12635136 0.00000000 0.10892798 0.08767740 0.00000000 0.67406917 0.00000000 0.00029736 0.00000000
31,10,10,MSP,scale_1.10,layer4_pooled,0.3574618101119995,0.8455315607498037,-0.01533249020576477,0.9588714468202586,0.053907573223114014,-0.07401509582996368,0.42140750832305773,0.25314146280288696,0.00000000 0.04238921 0.00000000 0.00000000 0.00000000 0.00000000 0.95761073 0.00000000 0.00000000 0.00000000
31,10,10,MSP,scale_1.10,concat,0.2902979552745819,0.7619684445888582,0.008180856704711914,1.0289980889005095,0.1525888741016388,0.0033360272645950317,1.0223515151320028,1.6894166469573975,0.04397368 0.13567074 0.00000000 0.10648939 0.02412150 0.02599738 0.64988273 0.00000000 0.01386459 0.00000000
31,10,10,MSP,horizontal_flip,layer2_flat,0.31075772643089294,0.7883625136076587,0.029818415641784668,1.1061382814598781,0.18377095460891724,0.02848513424396515,1.18343680174298,1.8125145435333252,0.17998266 0.14008157 0.02008515 0.05102804 0.00000000 0.00000000 0.57165897 0.00000000 0.03716359 0.00000000
31,10,10,MSP,horizontal_flip,layer3_flat,0.29832643270492554,0.7724330815092341,0.015229523181915283,1.0537961477838869,0.14749929308891296,0.007525786757469177,1.0537657943610776,1.194598913192749,0.13198045 0.13780366 0.00000000 0.01014192 0.00000000 0.00000000 0.71950859 0.00000000 0.00056529 0.00000000
31,10,10,MSP,horizontal_flip,layer4_pooled,0.380245566368103,0.8720614271576321,0.007451266050338745,1.019987607224594,0.15332764387130737,0.025404974818229675,1.1985963473564645,0.7794707417488098,0.00000000 0.23083887 0.00000000 0.00000000 0.00000000 0.00000000 0.76916116 0.00000000 0.00000000 0.00000000
31,10,10,MSP,horizontal_flip,concat,0.3041263818740845,0.779905612076339,0.022009283304214478,1.0780147088414975,0.16566647589206696,0.016413629055023193,1.1099719663828846,1.5310165882110596,0.15991282 0.13127942 0.00000000 0.03365517 0.00000000 0.00000000 0.64533663 0.00000000 0.02981601 0.00000000
32,10,10,BP,original,layer2_flat,0.2956336438655853,0.7689390663317677,0.0,1.0,0.16689695417881012,0.0,1.0,2.2199532985687256,0.16865347 0.13694724 0.02340112 0.06596294 0.00764908 0.11239477 0.47048444 0.00000000 0.01450694 0.00000000
32,10,10,BP,original,layer3_flat,0.323005735874176,0.8037483883332843,0.0,1.0,0.1984511911869049,-2.9802322387695312e-08,0.9999998498254521,2.1317474842071533,0.05728994 0.21760030 0.00000000 0.15075101 0.06750990 0.00000000 0.45361951 0.00000000 0.05322931 0.00000000
32,10,10,BP,original,layer4_pooled,0.4358447194099426,0.9336431003439619,0.0,1.0,0.07032116502523422,1.4901161193847656e-08,1.000000211901557,0.24416077136993408,0.01000776 0.00000000 0.00000000 0.00000000 0.00000000 0.00000000 0.96593159 0.02406064 0.00000000 0.00000000
32,10,10,BP,original,concat,0.30853763222694397,0.7855413830307656,0.0,1.0,0.18503795564174652,0.0,1.0,2.181583881378174,0.13095917 0.16598357 0.00000000 0.11208851 0.02760402 0.06527065 0.47987241 0.00000000 0.01822158 0.00000000
32,10,10,BP,rotate_-10,layer2_flat,0.3071857690811157,0.7838185620168939,0.011552125215530396,1.0390758137823572,0.18132171034812927,0.014424756169319153,1.0864291157391543,2.1707763671875,0.21630394 0.14606690 0.00293083 0.09978910 0.00914247 0.10616358 0.41960329 0.00000000 0.00000000 0.00000000
32,10,10,BP,rotate_-10,layer3_flat,0.33379340171813965,0.8170598530317588,0.010787665843963623,1.0333977531845826,0.19484785199165344,-0.0036033689975738525,0.9818425455908316,2.0527305603027344,0.13704848 0.19003788 0.00000000 0.10703020 0.04150634 0.00000000 0.49065277 0.00000000 0.03372433 0.00000000
32,10,10,BP,rotate_-10,layer4_pooled,0.4789350926876068,0.978708427150402,0.043090373277664185,1.09886634243476,0.06781225651502609,-0.002508893609046936,0.9643223467678697,0.4270593225955963,0.00000000 0.08720156 0.00000000 0.00000000 0.00000000 0.00000000 0.91279846 0.00000000 0.00000000 0.00000000
32,10,10,BP,rotate_-10,concat,0.3193649351596832,0.7992057747034655,0.010827302932739258,1.0350923252199595,0.18944688141345978,0.004408925771713257,1.0238271426875554,2.125994920730591,0.18217894 0.15043232 0.00000000 0.10996146 0.01890807 0.06473277 0.46838051 0.00000000 0.00540591 0.00000000
32,10,10,BP,rotate_+10,layer2_flat,0.3639470934867859,0.8531671506648458,0.06831344962120056,1.2310746798900511,0.18662385642528534,0.01972690224647522,1.1181980962050513,1.9326741695404053,0.12559922 0.14638752 0.02220619 0.04943286 0.00000000 0.06656232 0.57400078 0.00000000 0.01581115 0.00000000
32,10,10,BP,rotate_+10,layer3_flat,0.3785073757171631,0.8700659466007885,0.05550163984298706,1.1718286509451814,0.194560244679451,-0.003890976309776306,0.980393286116552,1.730865478515625,0.04631682 0.21510869 0.00000000 0.10500284 0.00074591 0.00000000 0.57418430 0.00000000 0.05864150 0.00000000
32,10,10,BP,rotate_+10,layer4_pooled,0.46981605887413025,0.9693462321318738,0.03397133946418762,1.0779436756973926,0.08758437633514404,0.017263226211071014,1.2454912381320085,-0.0,0.00000000 0.00000000 0.00000000 0.00000000 0.00000000 0.00000000 1.00000000 0.00000000 0.00000000 0.00000000
32,10,10,BP,rotate_+10,concat,0.3708544373512268,0.8612252171775125,0.06231680512428284,1.2019747305192383,0.19211454689502716,0.00707659125328064,1.038243998258084,1.8065097332000732,0.09957768 0.17914219 0.00000000 0.08281589 0.00002751 0.02843232 0.58477026 0.00000000 0.02523421 0.00000000
32,10,10,BP,scale_0.90,layer2_flat,0.3051091134548187,0.7811646605611633,0.009475469589233398,1.0320513912601554,0.18292787671089172,0.016030922532081604,1.0960528166068886,2.2094461917877197,0.20079848 0.22433026 0.00819691 0.08791714 0.00999689 0.08339015 0.38537017 0.00000000 0.00000000 0.00000000
32,10,10,BP,scale_0.90,layer3_flat,0.3368479311466217,0.8207897795984325,0.013842195272445679,1.0428543327100388,0.21096171438694,0.012510493397712708,1.063040647143858,2.009092092514038,0.12683740 0.30490974 0.00000000 0.11349462 0.02616051 0.00000000 0.41416180 0.00000000 0.01443589 0.00000000
32,10,10,BP,scale_0.90,layer4_pooled,0.5170178413391113,1.0168754509172806,0.0811731219291687,1.18624321533338,0.1145087257027626,0.044187575578689575,1.6283682149694318,0.6976597905158997,0.00000000 0.18818530 0.00000000 0.00000000 0.00000000 0.00000000 0.81181467 0.00000000 0.00000000 0.00000000
32,10,10,BP,scale_0.90,concat,0.31965172290802,0.7995645351164845,0.01111409068107605,1.0360218317643182,0.19733360409736633,0.012295648455619812,1.0664493315055807,2.078274726867676,0.17444791 0.26432237 0.00000000 0.10619114 0.02013805 0.02854986 0.40635073 0.00000000 0.00000000 0.00000000
32,10,10,BP,scale_1.10,layer2_flat,0.31789255142211914,0.7973613376909106,0.022258907556533813,1.075292200391708,0.1730223149061203,0.006125360727310181,1.0367014530457572,2.1721527576446533,0.15850067 0.16102853 0.01461324 0.07812881 0.00493872 0.10106166 0.47164670 0.00000000 0.01008162 0.00000000
32,10,10,BP,scale_1.10,layer3_flat,0.338909775018692,0.8232979715980017,0.01590403914451599,1.0492376369150982,0.1998453438282013,0.001394122838973999,1.0070250151751026,2.0863637924194336,0.04861690 0.19852398 0.00000000 0.16455054 0.04564842 0.00000000 0.47267410 0.00000000 0.06998606 0.00000000
32,10,10,BP,scale_1.10,layer4_pooled,0.4453268349170685,0.9437444939357988,0.009482115507125854,1.0217557196056917,0.06630127131938934,-0.004019878804683685,0.9428354229483742,0.11473806202411652,0.00000000 0.00000000 0.00000000 0.00000000 0.00000000 0.00000000 0.98460495 0.01539504 0.00000000 0.00000000
32,10,10,BP,scale_1.10,concat,0.3280123174190521,0.8099534769590808,0.019474685192108154,1.0631193188703818,0.1894216239452362,0.004383668303489685,1.0236906438371662,2.1269760131835938,0.11875111 0.16657233 0.00000000 0.12540738 0.01659579 0.06053414 0.49294385 0.00000000 0.01919543 0.00000000
32,10,10,BP,horizontal_flip,layer2_flat,0.2985394597053528,0.7727088192913975,0.002905815839767456,1.009829110793218,0.1528906673192978,-0.014006286859512329,0.9160782356493915,1.900068759918213,0.33633700 0.04456221 0.05657517 0.03034608 0.03326604 0.01677934 0.48084179 0.00073980 0.00055245 0.00000000
32,10,10,BP,horizontal_flip,layer3_flat,0.334900826215744,0.8184141081576539,0.011895090341567993,1.036826251116992,0.18642358481884003,-0.012027636170387268,0.9393924808808328,1.6192320585250854,0.29622948 0.00000000 0.00000000 0.05856351 0.12214241 0.00000000 0.52306461 0.00000000 0.00000000 0.00000000
32,10,10,BP,horizontal_flip,layer4_pooled,0.45140862464904785,0.9501669586436353,0.015563905239105225,1.0357097483253677,0.05552901327610016,-0.01479213684797287,0.7896488208502902,0.4185212254524231,0.00000000 0.01735727 0.00000000 0.00000000 0.01542928 0.00000000 0.94024515 0.02696829 0.00000000 0.00000000
32,10,10,BP,horizontal_flip,concat,0.3155398964881897,0.7944053077468575,0.0070022642612457275,1.0226950087439335,0.17052239179611206,-0.01451556384563446,0.9215535872345039,1.644411563873291,0.33524027 0.02469682 0.00000000 0.04943715 0.07374086 0.00000000 0.51688492 0.00000000 0.00000000 0.00000000
32,10,10,MSP,original,layer2_flat,0.19475063681602478,0.6241003714404034,0.0,1.0,0.12184099107980728,0.0,1.0,2.3775010108947754,0.11360761 0.19690198 0.09051535 0.08573176 0.00308169 0.07583883 0.41558853 0.00000000 0.01873426 0.00000000
32,10,10,MSP,original,layer3_flat,0.2650032043457031,0.728015390422075,0.0,1.0,0.16932235658168793,0.0,1.0,2.1000566482543945,0.11007902 0.29496795 0.00000000 0.19012403 0.06060969 0.00000000 0.34421927 0.00000000 0.00000000 0.00000000
32,10,10,MSP,original,layer4_pooled,0.3801313638687134,0.8719304603793967,0.0,1.0,0.16024655103683472,1.4901161193847656e-08,1.0000000929889754,0.9631016850471497,0.00000000 0.38740075 0.00000000 0.00000000 0.00000000 0.00000000 0.61259925 0.00000000 0.00000000 0.00000000
32,10,10,MSP,original,concat,0.22781150043010712,0.6749985191540899,0.0,1.0,0.14629383385181427,-1.4901161193847656e-08,0.9999998981422574,2.230437755584717,0.12250232 0.25615266 0.00000000 0.14883037 0.03054313 0.04873587 0.38612047 0.00000000 0.00711510 0.00000000
32,10,10,MSP,rotate_-10,layer2_flat,0.2234029918909073,0.6684354746584105,0.028652355074882507,1.1471232933723468,0.1485702097415924,0.026729218661785126,1.219377882801838,2.2237422466278076,0.19753207 0.14333330 0.00000000 0.13887927 0.00000000 0.09884958 0.40304306 0.00000000 0.01836271 0.00000000
32,10,10,MSP,rotate_-10,layer3_flat,0.27989718317985535,0.7481940699843261,0.014893978834152222,1.056203014113997,0.17273546755313873,0.0034131109714508057,1.0201574738288268,2.007323741912842,0.20686837 0.24866164 0.00000000 0.17652737 0.00983757 0.00000000 0.35810506 0.00000000 0.00000000 0.00000000
32,10,10,MSP,rotate_-10,layer4_pooled,0.4186476469039917,0.915038411110694,0.03851628303527832,1.1013236125616812,0.16566859185695648,0.005422055721282959,1.0338357124715538,0.987013578414917,0.00000000 0.43301296 0.00000000 0.00000000 0.00000000 0.00000000 0.56698698 0.00000000 0.00000000 0.00000000
32,10,10,MSP,rotate_-10,concat,0.2492135912179947,0.7059937552386631,0.021402090787887573,1.0939464897399234,0.1605750173330307,0.014281168580055237,1.0976197475265832,2.171382427215576,0.20248631 0.19612804 0.00000000 0.16028383 0.00000000 0.05547910 0.37711230 0.00000000 0.00851046 0.00000000
32,10,10,MSP,rotate_+10,layer2_flat,0.27930086851119995,0.7473966396916699,0.08455023169517517,1.434146111545777,0.16278620064258575,0.04094520956277847,1.336054469022029,1.9627153873443604,0.05337403 0.21425997 0.03206816 0.07262580 0.00781699 0.05619742 0.55363166 0.00000000 0.01002597 0.00000000
32,10,10,MSP,rotate_+10,layer3_flat,0.33073320984840393,0.8133058586391764,0.0657300055027008,1.248034757408844,0.18924705684185028,0.019924700260162354,1.1176731806849864,1.7403550148010254,0.11103323 0.26588961 0.00000000 0.12716690 0.00000000 0.00000000 0.49591029 0.00000000 0.00000000 0.00000000
32,10,10,MSP,rotate_+10,layer4_pooled,0.42604511976242065,0.9230873412222926,0.045913755893707275,1.1207839190807833,0.20592652261257172,0.04567998647689819,1.2850606794891213,0.9145907759666443,0.00000000 0.32967189 0.00000000 0.00000000 0.00000000 0.00000000 0.67032814 0.00000000 0.00000000 0.00000000
32,10,10,MSP,rotate_+10,concat,0.303602933883667,0.7792341546463001,0.07579143345355988,1.332693623061756,0.1761607676744461,0.029866918921470642,1.2041570385621496,1.8411216735839844,0.08439445 0.24717496 0.00000000 0.10543648 0.00596806 0.03412633 0.52289963 0.00000000 0.00000000 0.00000000
32,10,10,MSP,scale_0.90,layer2_flat,0.23270760476589203,0.6822134633175925,0.03795696794986725,1.194900353448031,0.16063091158866882,0.03878992050886154,1.318365109843331,2.2354438304901123,0.17085071 0.24723884 0.00544862 0.14837697 0.00000000 0.07781716 0.34567693 0.00000000 0.00459085 0.00000000
32,10,10,MSP,scale_0.90,layer3_flat,0.2954234778881073,0.768665698321588,0.030420273542404175,1.1147920970140626,0.1902972012758255,0.020974844694137573,1.1238752230801523,1.9249577522277832,0.18961459 0.37330765 0.00000000 0.16440797 0.00000000 0.00000000 0.27266976 0.00000000 0.00000000 0.00000000
32,10,10,MSP,scale_0.90,layer4_pooled,0.46091288328170776,0.9601175795512836,0.08078151941299438,1.2125094824869056,0.21122831106185913,0.05098177492618561,1.3181458779408717,0.9858490824699402,0.00000000 0.56991625 0.00000000 0.00000000 0.00000000 0.00000000 0.43008372 0.00000000 0.00000000 0.00000000
32,10,10,MSP,scale_0.90,concat,0.2613942623138428,0.7230411638542342,0.03358276188373566,1.1474146907429348,0.175519198179245,0.02922534942626953,1.1997715534534759,2.0619497299194336,0.18810035 0.32391208 0.00000000 0.16125694 0.00000000 0.02572858 0.30100203 0.00000000 0.00000000 0.00000000
32,10,10,MSP,scale_1.10,layer2_flat,0.21807989478111267,0.6604239468418944,0.02332925796508789,1.1197904065751865,0.13449041545391083,0.012649424374103546,1.103819119180623,2.3242921829223633,0.11514856 0.20527929 0.06701263 0.10458358 0.00000000 0.07547450 0.41833627 0.00000000 0.01416515 0.00000000
32,10,10,MSP,scale_1.10,layer3_flat,0.2834838926792145,0.7529726325427963,0.018480688333511353,1.0697376032832158,0.17901839315891266,0.009696036577224731,1.0572637705552468,2.1837446689605713,0.11430536 0.24598274 0.00000000 0.20886579 0.03681859 0.01609084 0.37015963 0.00000000 0.00777704 0.00000000
32,10,10,MSP,scale_1.10,layer4_pooled,0.389983206987381,0.883157072085573,0.009851843118667603,1.02591694360175,0.16089829802513123,0.0006517618894577026,1.0040672447914993,0.941392183303833,0.00000000 0.35845381 0.00000000 0.00000000 0.00000000 0.00000000 0.64154625 0.00000000 0.00000000 0.00000000
32,10,10,MSP,scale_1.10,concat,0.24949194490909576,0.7063879173783988,0.021680444478988647,1.0951683494378506,0.1572231501340866,0.010929301381111145,1.0747078669007548,2.1988906860351562,0.12054913 0.23125190 0.00000000 0.16424292 0.00926435 0.05842122 0.40273398 0.00000000 0.01353648 0.00000000
32,10,10,MSP,horizontal_flip,layer2_flat,0.23216554522514343,0.6814184400574194,0.03741490840911865,1.1921170016212645,0.14161403477191925,0.01977304369211197,1.1622856439094302,1.9981733560562134,0.36222792 0.05047162 0.01446093 0.03548783 0.01694485 0.00000000 0.43479699 0.06680416 0.01880576 0.00000000
32,10,10,MSP,horizontal_flip,layer3_flat,0.30024799704551697,0.7749167659116907,0.03524479269981384,1.132997609544763,0.17842631042003632,0.009103953838348389,1.053766992274895,1.6621674299240112,0.41909564 0.00000000 0.00000000 0.11484993 0.06229526 0.00000000 0.40375918 0.00000000 0.00000000 0.00000000
32,10,10,MSP,horizontal_flip,layer4_pooled,0.38591089844703674,0.878533890577975,0.005779534578323364,1.0152040455685847,0.13559862971305847,-0.02464790642261505,0.846187586846851,0.9529557824134827,0.00000000 0.37301072 0.00000000 0.00000000 0.00000000 0.00000000 0.62698931 0.00000000 0.00000000 0.00000000
32,10,10,MSP,horizontal_flip,concat,0.2639591097831726,0.7265798094953817,0.03614760935306549,1.1586733298567466,0.16018614172935486,0.013892292976379395,1.0949615660173264,1.7112774848937988,0.40735313 0.02257928 0.00000000 0.08440474 0.05527608 0.00000000 0.42998725 0.00000000 0.00039945 0.00000000
33,10,10,BP,original,layer2_flat,0.3354765772819519,0.8191173020782212,0.0,1.0,0.17675292491912842,0.0,1.0,2.1823525428771973,0.22085005 0.26387596 0.00000000 0.04572706 0.00000000 0.12556712 0.32986510 0.00000000 0.01411474 0.00000000
33,10,10,BP,original,layer3_flat,0.3219304382801056,0.802409419536069,0.0,1.0,0.20304879546165466,0.0,1.0,1.8991429805755615,0.18265322 0.31542158 0.00000000 0.13875562 0.00000000 0.00000000 0.36316955 0.00000000 0.00000000 0.00000000
33,10,10,BP,original,layer4_pooled,0.4346647560596466,0.932378416802584,0.0,1.0,0.13499754667282104,0.0,1.0,0.04423774778842926,0.00000000 0.00000000 0.00000000 0.00000000 0.00000000 0.00000000 0.99515367 0.00484633 0.00000000 0.00000000
33,10,10,BP,original,concat,0.32849153876304626,0.8105449262848374,0.0,1.0,0.1928861290216446,2.9802322387695312e-08,1.0000001545073622,2.1041152477264404,0.20154375 0.28497151 0.00000000 0.09229836 0.00000000 0.06057135 0.35697985 0.00000000 0.00363519 0.00000000
33,10,10,BP,rotate_-10,layer2_flat,0.33092281222343445,0.8135389507865428,-0.004553765058517456,0.9864259821195306,0.1718670129776001,-0.00488591194152832,0.9723573912921883,2.201146125793457,0.21438962 0.28522044 0.00000000 0.04337171 0.02482433 0.10046287 0.32957438 0.00000000 0.00215660 0.00000000
33,10,10,BP,rotate_-10,layer3_flat,0.3217036724090576,0.8021267635592988,-0.00022676587104797363,0.9992956059940814,0.2000085562467575,-0.0030402392148971558,0.9850270512170739,1.851327896118164,0.19737910 0.36792648 0.00000000 0.09876335 0.00000000 0.00000000 0.33593106 0.00000000 0.00000000 0.00000000
33,10,10,BP,rotate_-10,layer4_pooled,0.4563327133655548,0.9553352431116051,0.021667957305908203,1.049849814147078,0.12859360873699188,-0.006403937935829163,0.9525625606271034,0.47681403160095215,0.00000000 0.10248192 0.00000000 0.00000000 0.00000000 0.00000000 0.89751810 0.00000000 0.00000000 0.00000000
33,10,10,BP,rotate_-10,concat,0.32613715529441833,0.8076350107498044,-0.0023543834686279297,0.9928327424277461,0.18861724436283112,-0.004268854856491089,0.977868519951689,2.031513214111328,0.21264343 0.33279729 0.00000000 0.07941850 0.00725737 0.03169354 0.33618990 0.00000000 0.00000000 0.00000000
33,10,10,BP,rotate_+10,layer2_flat,0.37600505352020264,0.8671851630651929,0.04052847623825073,1.120808661416823,0.18904004991054535,0.012287124991416931,1.0695158227054475,2.11184024810791,0.21305519 0.25107142 0.00000000 0.03162702 0.00000000 0.12875479 0.36540204 0.00000000 0.01008954 0.00000000
33,10,10,BP,rotate_+10,layer3_flat,0.3600090742111206,0.8485388314168311,0.038078635931015015,1.1182821858483765,0.20439672470092773,0.0013479292392730713,1.0066384498179453,1.8278753757476807,0.15901083 0.26920092 0.00000000 0.12613115 0.00000000 0.00000000 0.44565713 0.00000000 0.00000000 0.00000000
33,10,10,BP,rotate_+10,layer4_pooled,0.4774528741836548,0.9771927897642868,0.04278811812400818,1.0984393547611166,0.10894954949617386,-0.026047997176647186,0.8070483662967302,-0.0,0.00000000 0.00000000 0.00000000 0.00000000 0.00000000 0.00000000 1.00000000 0.00000000 0.00000000 0.00000000
33,10,10,BP,rotate_+10,concat,0.3680517077445984,0.8579646936146014,0.039560168981552124,1.1204297959405523,0.200076162815094,0.0071900635957717896,1.0372762144334673,2.0346484184265137,0.18244037 0.25163257 0.00000000 0.07915995 0.00000000 0.06624267 0.41938776 0.00000000 0.00113665 0.00000000
33,10,10,BP,scale_0.90,layer2_flat,0.3242080509662628,0.8052428838136514,-0.011268526315689087,0.966410393217453,0.17683039605617523,7.747113704681396e-05,1.0004383018673202,2.2065467834472656,0.21943372 0.29881862 0.00000000 0.03521819 0.00000000 0.13617709 0.28686047 0.02349196 0.00000000 0.00000000
33,10,10,BP,scale_0.90,layer3_flat,0.3209228217601776,0.8011526967565891,-0.0010076165199279785,0.9968700799921002,0.20674316585063934,0.00369437038898468,1.018194495468771,1.9520928859710693,0.21263742 0.34248266 0.00000000 0.12789291 0.00000000 0.00598930 0.31099778 0.00000000 0.00000000 0.00000000
33,10,10,BP,scale_0.90,layer4_pooled,0.5234364867210388,1.0231681061497557,0.08877173066139221,1.2042303394135925,0.09141584485769272,-0.043581701815128326,0.6771667123667828,0.8059965968132019,0.02372010 0.16686372 0.00000000 0.00000000 0.00000000 0.00000000 0.80941612 0.00000000 0.00000000 0.00000000
33,10,10,BP,scale_0.90,concat,0.32262587547302246,0.8032756382127152,-0.005865663290023804,0.9821436396441338,0.19391067326068878,0.0010245740413665771,1.0053118086036685,2.109567880630493,0.21640667 0.31523708 0.00000000 0.08303083 0.00000000 0.07719140 0.30813399 0.00000000 0.00000000 0.00000000
33,10,10,BP,scale_1.10,layer2_flat,0.32610490918159485,0.8075950831717524,-0.009371668100357056,0.9720646127480528,0.1636091023683548,-0.01314382255077362,0.9256373123289864,2.149144172668457,0.24212369 0.24622697 0.00000000 0.05177255 0.00000000 0.11903042 0.33545986 0.00000000 0.00538655 0.00000000
33,10,10,BP,scale_1.10,layer3_flat,0.32643258571624756,0.8080007248960208,0.004502147436141968,1.0139848454845726,0.19026345014572144,-0.012785345315933228,0.937033138823595,1.888972520828247,0.16742663 0.31264007 0.00000000 0.14373612 0.00000000 0.00000000 0.37619710 0.00000000 0.00000000 0.00000000
33,10,10,BP,scale_1.10,layer4_pooled,0.44910499453544617,0.9477394098964611,0.01444023847579956,1.0332215535638798,0.12827524542808533,-0.006722301244735718,0.950204271037769,-0.0,0.00000000 0.00000000 0.00000000 0.00000000 0.00000000 0.00000000 1.00000000 0.00000000 0.00000000 0.00000000
33,10,10,BP,scale_1.10,concat,0.3263181149959564,0.8078590409173576,-0.0021734237670898438,0.9933836232882364,0.1800439953804016,-0.012842103838920593,0.9334213098256924,2.047499656677246,0.21087772 0.27884209 0.00000000 0.09828861 0.00000000 0.04473284 0.36725873 0.00000000 0.00000000 0.00000000
33,10,10,BP,horizontal_flip,layer2_flat,0.3421860635280609,0.8272678689856883,0.006709486246109009,1.0199998649695594,0.20035001635551453,0.02359709143638611,1.1335032585573859,2.203350305557251,0.23290609 0.23488000 0.00000000 0.09349484 0.04282264 0.03702798 0.35872018 0.00000000 0.00014820 0.00000000
33,10,10,BP,horizontal_flip,layer3_flat,0.3152306377887726,0.794015916451015,-0.006699800491333008,0.9791886703006231,0.19860608875751495,-0.0044427067041397095,0.9781200046323012,2.1084375381469727,0.17358264 0.26644230 0.00000000 0.13898522 0.05682877 0.00000000 0.36416104 0.00000000 0.00000000 0.00000000
33,10,10,BP,horizontal_flip,layer4_pooled,0.44016215205192566,0.9382559907103452,0.005497395992279053,1.0126474390104727,0.1365084946155548,0.0015109479427337646,1.0111924103804975,-0.0,0.00000000 0.00000000 0.00000000 0.00000000 0.00000000 0.00000000 1.00000000 0.00000000 0.00000000 0.00000000
33,10,10,BP,horizontal_flip,concat,0.32849037647247314,0.8105434923216313,-1.1622905731201172e-06,0.9999964617336036,0.2000773400068283,0.0071912407875061035,1.0372823174742727,2.0804638862609863,0.21303500 0.25600514 0.00000000 0.11477928 0.04885259 0.00000000 0.36732805 0.00000000 0.00000000 0.00000000
33,10,10,MSP,original,layer2_flat,0.1933809071779251,0.6219017722726398,0.0,1.0,0.11050613224506378,0.0,1.0,2.2434887886047363,0.20815250 0.26360846 0.00000000 0.09188901 0.00799312 0.08029195 0.33697984 0.00000000 0.01108518 0.00000000
33,10,10,MSP,original,layer3_flat,0.2593335807323456,0.7201855048976556,0.0,1.0,0.16595178842544556,0.0,1.0,2.013188600540161,0.18576530 0.39649948 0.00000000 0.13968611 0.02545192 0.00000000 0.25259715 0.00000000 0.00000000 0.00000000
33,10,10,MSP,original,layer4_pooled,0.3807139992713928,0.8725984176829487,0.0,1.0,0.18486550450325012,1.4901161193847656e-08,1.0000000806054241,0.9880618453025818,0.00000000 0.43576586 0.00000000 0.00000000 0.00000000 0.00000000 0.56423408 0.00000000 0.00000000 0.00000000
33,10,10,MSP,original,concat,0.22766488790512085,0.6747812799791068,0.0,1.0,0.1407785415649414,0.0,1.0,2.1142795085906982,0.20658742 0.34204644 0.00000000 0.11838645 0.02246280 0.01908743 0.29142946 0.00000000 0.00000000 0.00000000
33,10,10,MSP,rotate_-10,layer2_flat,0.21175166964530945,0.6507713417865133,0.01837076246738434,1.094997808911853,0.13679848611354828,0.026292353868484497,1.2379266501694166,2.303819179534912,0.19451731 0.25962922 0.00000000 0.06101691 0.02017513 0.08520141 0.35087883 0.00000000 0.02858119 0.00000000
33,10,10,MSP,rotate_-10,layer3_flat,0.2717474102973938,0.7372210120410212,0.012413829565048218,1.0478681917318393,0.17586323618888855,0.009911447763442993,1.059724862608733,1.925201177597046,0.21784277 0.43050310 0.00000000 0.09145560 0.02001815 0.00000000 0.24018028 0.00000000 0.00000000 0.00000000
33,10,10,MSP,rotate_-10,layer4_pooled,0.3957138657569885,0.8896222409056426,0.014999866485595703,1.0393993037142393,0.17782478034496307,-0.0070407092571258545,0.9619144207377892,0.9964156150817871,0.00000000 0.53523111 0.00000000 0.00000000 0.00000000 0.00000000 0.46476889 0.00000000 0.00000000 0.00000000
33,10,10,MSP,rotate_-10,concat,0.24324247241020203,0.6974847273026156,0.015577584505081177,1.0684233069418447,0.15983614325523376,0.01905760169029236,1.1353729160588417,2.063645124435425,0.21757968 0.36769053 0.00000000 0.08141591 0.04031733 0.00684520 0.28546011 0.00000000 0.00069124 0.00000000
33,10,10,MSP,rotate_+10,layer2_flat,0.24580040574073792,0.7011425044036881,0.052419498562812805,1.27106863509701,0.151009663939476,0.04050353169441223,1.3665274575371356,2.176546096801758,0.19282025 0.25570220 0.00000000 0.06675348 0.00000000 0.07773433 0.38069847 0.00000000 0.02629117 0.00000000
33,10,10,MSP,rotate_+10,layer3_flat,0.2939721643924713,0.7667752791952428,0.03463858366012573,1.1335676758951714,0.17498645186424255,0.009034663438796997,1.0544414948730811,1.8924355506896973,0.16459899 0.34433600 0.00000000 0.12209955 0.00420748 0.00000000 0.36475798 0.00000000 0.00000000 0.00000000
33,10,10,MSP,rotate_+10,layer4_pooled,0.4113987982273102,0.9070819127590519,0.03068479895591736,1.0805980316315162,0.15810979902744293,-0.026755690574645996,0.8552694143612679,0.9391544461250305,0.00000000 0.35581508 0.00000000 0.00000000 0.00000000 0.00000000 0.64418495 0.00000000 0.00000000 0.00000000
33,10,10,MSP,rotate_+10,concat,0.26993510127067566,0.7347586015429498,0.04227021336555481,1.1856685664369342,0.16428588330745697,0.023507341742515564,1.166981000662694,2.045318126678467,0.18442230 0.30555862 0.00000000 0.10030321 0.00000000 0.02500495 0.37275437 0.00000000 0.01195661 0.00000000
33,10,10,MSP,scale_0.90,layer2_flat,0.21046726405620575,0.648794673307674,0.01708635687828064,1.0883559660958233,0.15202417969703674,0.04151804745197296,1.3757080861315896,2.5685863494873047,0.17056189 0.32309490 0.05456363 0.06897090 0.00941567 0.08314057 0.24854331 0.00808344 0.01045119 0.02317443
33,10,10,MSP,scale_0.90,layer3_flat,0.27149441838264465,0.736877762430981,0.012160837650299072,1.0468926454333858,0.17766861617565155,0.011716827750205994,1.070603805245517,2.0266571044921875,0.17573871 0.44650829 0.02117458 0.13633974 0.01419867 0.00000000 0.20604002 0.00000000 0.00000000 0.00000000
33,10,10,MSP,scale_0.90,layer4_pooled,0.4255202114582062,0.9225185217199774,0.044806212186813354,1.117689951702447,0.12425769120454788,-0.060607798397541046,0.6721519060822678,0.9999711513519287,0.00000000 0.49683559 0.00000000 0.00000000 0.00000000 0.00000000 0.50316441 0.00000000 0.00000000 0.00000000
33,10,10,MSP,scale_0.90,concat,0.24073724448680878,0.6938836278322307,0.013072356581687927,1.0574192915821012,0.16660521924495697,0.025826677680015564,1.1834560678973807,2.254168748855591,0.18186481 0.39440590 0.04529386 0.11027608 0.02358611 0.02008587 0.22448735 0.00000000 0.00000000 0.00000000
33,10,10,MSP,scale_1.10,layer2_flat,0.195463627576828,0.6252417573656257,0.002082720398902893,1.010770041516952,0.11564837396144867,0.005142241716384888,1.0465335417308306,2.2211532592773438,0.24048916 0.24595171 0.00000000 0.08476917 0.00000000 0.07966685 0.33013251 0.00000000 0.01899058 0.00000000
33,10,10,MSP,scale_1.10,layer3_flat,0.26126012206077576,0.722855617756099,0.0019265413284301758,1.0074288155162254,0.16065722703933716,-0.0052945613861083984,0.9680957859128159,2.030219316482544,0.19433118 0.37452790 0.00000000 0.13627698 0.02660388 0.00000000 0.26826003 0.00000000 0.00000000 0.00000000
33,10,10,MSP,scale_1.10,layer4_pooled,0.3908098340034485,0.8840925675555117,0.010095834732055664,1.0265181599608906,0.17702312767505646,-0.00784236192703247,0.9575780101312028,0.974343478679657,0.00000000 0.40598387 0.00000000 0.00000000 0.00000000 0.00000000 0.59401613 0.00000000 0.00000000 0.00000000
33,10,10,MSP,scale_1.10,concat,0.22852963209152222,0.6760615831291144,0.0008647441864013672,1.0037983203925498,0.1397736668586731,-0.0010048747062683105,0.9928620179248154,2.105210304260254,0.22876117 0.32048175 0.00000000 0.11652133 0.01841676 0.01799759 0.29782146 0.00000000 0.00000000 0.00000000
33,10,10,MSP,horizontal_flip,layer2_flat,0.2591572403907776,0.7199406092043671,0.06577633321285248,1.3401387146870352,0.19132813811302185,0.08082200586795807,1.731380279313295,2.383112668991089,0.21124741 0.08985805 0.00000000 0.13528478 0.01381670 0.05092724 0.41602576 0.05273226 0.03010786 0.00000000
33,10,10,MSP,horizontal_flip,layer3_flat,0.2866056561470032,0.7571072000014307,0.027272075414657593,1.1051621442064594,0.20821236073970795,0.04226057231426239,1.2546557208872349,2.1927268505096436,0.26114792 0.20877390 0.00000000 0.12070043 0.09465326 0.00000000 0.31472453 0.00000000 0.00000000 0.00000000
33,10,10,MSP,horizontal_flip,layer4_pooled,0.38669314980506897,0.8794238452590071,0.0059791505336761475,1.015705097645748,0.18865394592285156,0.0037884563207626343,1.0204930424217984,0.9880105257034302,0.00000000 0.43562824 0.00000000 0.00000000 0.00000000 0.00000000 0.56437171 0.00000000 0.00000000 0.00000000
33,10,10,MSP,horizontal_flip,concat,0.27319446206092834,0.7391812525503177,0.045529574155807495,1.199985050723245,0.20213492214679718,0.061356380581855774,1.4358361714744439,2.1462910175323486,0.25951377 0.17009072 0.00000000 0.14048755 0.07415386 0.00000000 0.35575408 0.00000000 0.00000000 0.00000000
