target_index,transform,representation,metric,bp,msp,difference_bp_minus_msp,relative_improvement_percent,msp_win
2,horizontal_flip,concat,bp_eq2_uniform,0.36302733421325684,0.2998010814189911,0.06322625279426575,17.416389025116754,1.0
3,horizontal_flip,concat,bp_eq2_uniform,0.35547924041748047,0.28786709904670715,0.06761214137077332,19.019997142780642,1.0
4,horizontal_flip,concat,bp_eq2_uniform,0.3548509478569031,0.30509069561958313,0.049760252237319946,14.022860172053424,1.0
5,horizontal_flip,concat,bp_eq2_uniform,0.3430759012699127,0.24675695598125458,0.09631894528865814,28.07511251354233,1.0
6,horizontal_flip,concat,bp_eq2_uniform,0.3264721632003784,0.26690301299095154,0.05956915020942688,18.246318346193192,1.0
7,horizontal_flip,concat,bp_eq2_uniform,0.3759557008743286,0.29708850383758545,0.07886719703674316,20.977789897351887,1.0
8,horizontal_flip,concat,bp_eq2_uniform,0.21635575592517853,0.21506863832473755,0.001287117600440979,0.5949079537685833,1.0
9,horizontal_flip,concat,bp_eq2_uniform,0.41121363639831543,0.3354159891605377,0.07579764723777771,18.432668697828205,1.0
10,horizontal_flip,concat,bp_eq2_uniform,0.4010257422924042,0.30299508571624756,0.09803065657615662,24.444978523207627,1.0
11,horizontal_flip,concat,bp_eq2_uniform,0.23432588577270508,0.20189020037651062,0.03243568539619446,13.842126442453091,1.0
12,horizontal_flip,concat,bp_eq2_uniform,0.3519708514213562,0.2855014204978943,0.06646943092346191,18.884924889334165,1.0
13,horizontal_flip,concat,bp_eq2_uniform,0.37351304292678833,0.3114834129810333,0.062029629945755005,16.607085380348355,1.0
14,horizontal_flip,concat,bp_eq2_uniform,0.36681315302848816,0.3353618085384369,0.03145134449005127,8.574213937067544,1.0
15,horizontal_flip,concat,bp_eq2_uniform,0.25463569164276123,0.2443203330039978,0.010315358638763428,4.051026221883598,1.0
16,horizontal_flip,concat,bp_eq2_uniform,0.31869176030158997,0.2364455908536911,0.08224616944789886,25.80743517491891,1.0
17,horizontal_flip,concat,bp_eq2_uniform,0.36847755312919617,0.30769822001457214,0.06077933311462402,16.494717954542143,1.0
18,horizontal_flip,concat,bp_eq2_uniform,0.3904135823249817,0.30093905329704285,0.08947452902793884,22.917883259817213,1.0
19,horizontal_flip,concat,bp_eq2_uniform,0.36793410778045654,0.2745896279811859,0.09334447979927063,25.36989037578296,1.0
20,horizontal_flip,concat,bp_eq2_uniform,0.2837623059749603,0.22514142096042633,0.058620885014534,20.658446798603414,1.0
21,horizontal_flip,concat,bp_eq2_uniform,0.34678858518600464,0.29439350962638855,0.05239507555961609,15.1086505720372,1.0
22,horizontal_flip,concat,bp_eq2_uniform,0.26843616366386414,0.2381775677204132,0.030258595943450928,11.272175674969052,1.0
23,horizontal_flip,concat,bp_eq2_uniform,0.3671163022518158,0.3087514042854309,0.05836489796638489,15.89820381394878,1.0
24,horizontal_flip,concat,bp_eq2_uniform,0.3409899175167084,0.2540273368358612,0.08696258068084717,25.502977130205327,1.0
25,horizontal_flip,concat,bp_eq2_uniform,0.26223647594451904,0.1607099026441574,0.10152657330036163,38.715656521198184,1.0
26,horizontal_flip,concat,bp_eq2_uniform,0.31680214405059814,0.23257534205913544,0.08422680199146271,26.58656311926492,1.0
27,horizontal_flip,concat,bp_eq2_uniform,0.3610842525959015,0.27406081557273865,0.08702343702316284,24.100590484712157,1.0
28,horizontal_flip,concat,bp_eq2_uniform,0.3534058928489685,0.3028014302253723,0.05060446262359619,14.319077199168074,1.0
29,horizontal_flip,concat,bp_eq2_uniform,0.39362800121307373,0.29817524552345276,0.09545275568962097,24.24948311482272,1.0
30,horizontal_flip,concat,bp_eq2_uniform,0.3449832499027252,0.2957358956336975,0.04924735426902771,14.275288519883564,1.0
31,horizontal_flip,concat,bp_eq2_uniform,0.38372743129730225,0.3041263818740845,0.07960104942321777,20.744164459104688,1.0
32,horizontal_flip,concat,bp_eq2_uniform,0.3155398964881897,0.2639591097831726,0.05158078670501709,16.346835147923755,1.0
33,horizontal_flip,concat,bp_eq2_uniform,0.32849037647247314,0.27319446206092834,0.0552959144115448,16.833343796910338,1.0
2,horizontal_flip,concat,full_normalized_distance,0.8520884158504408,0.7743398238744938,0.07774859197594697,9.124474705862239,1.0
3,horizontal_flip,concat,full_normalized_distance,0.8431835392338735,0.7587715058523312,0.08441203338154224,10.01111020954464,1.0
4,horizontal_flip,concat,full_normalized_distance,0.8424380663964599,0.7811410828007744,0.06129698359568547,7.2761412429772285,1.0
5,horizontal_flip,concat,full_normalized_distance,0.828342804966534,0.7025054533329326,0.12583735163360144,15.19145828019035,1.0
6,horizontal_flip,concat,full_normalized_distance,0.808049705402308,0.7306203021966355,0.07742940320567249,9.58225746360819,1.0
7,horizontal_flip,concat,full_normalized_distance,0.8671282498850197,0.7708287797398141,0.09629947014520557,11.10556254600905,1.0
8,horizontal_flip,concat,full_normalized_distance,0.6578081117243516,0.655848516541339,0.0019595951830125857,0.29789769205989314,1.0
9,horizontal_flip,concat,full_normalized_distance,0.9068777606693368,0.8190433311620793,0.0878344295072575,9.685365913299377,1.0
10,horizontal_flip,concat,full_normalized_distance,0.8955732714774421,0.7784537053881208,0.11711956608932139,13.077608479312532,1.0
11,horizontal_flip,concat,full_normalized_distance,0.6845814572024356,0.635437172939246,0.04914428426318962,7.178734356017697,1.0
12,horizontal_flip,concat,full_normalized_distance,0.8390123377178147,0.7556472993373222,0.08336503838049247,9.936092073109812,1.0
13,horizontal_flip,concat,full_normalized_distance,0.8643067082081318,0.7892824753927244,0.07502423281540738,8.680278899010252,1.0
14,horizontal_flip,concat,full_normalized_distance,0.8565198807132128,0.8189771773846166,0.037542703328596216,4.383167766904729,1.0
15,horizontal_flip,concat,full_normalized_distance,0.7136325267849851,0.6990283728204425,0.014604153964542621,2.0464529595246903,1.0
16,horizontal_flip,concat,full_normalized_distance,0.7983630255736922,0.6876708381975946,0.11069218737609765,13.864894018158868,1.0
17,horizontal_flip,concat,full_normalized_distance,0.8584608938433901,0.7844720772781809,0.07398881656520917,8.618775426550862,1.0
18,horizontal_flip,concat,full_normalized_distance,0.8836442523153554,0.7758080346284677,0.10783621768688767,12.203578239117093,1.0
19,horizontal_flip,concat,full_normalized_distance,0.8578276141282193,0.7410662966040028,0.11676131752421648,13.61127988899505,1.0
20,horizontal_flip,concat,full_normalized_distance,0.7533422940137642,0.6710311780542336,0.08231111595953056,10.926124367831845,1.0
21,horizontal_flip,concat,full_normalized_distance,0.8328128063208498,0.7673245853305999,0.06548822099024987,7.863498314763092,1.0
22,horizontal_flip,concat,full_normalized_distance,0.7327157206773499,0.6901848559920932,0.042530864685256686,5.804551954458069,1.0
23,horizontal_flip,concat,full_normalized_distance,0.8568737389508629,0.7858134693238986,0.07106026962696432,8.292968543286904,1.0
24,horizontal_flip,concat,full_normalized_distance,0.8258207039263528,0.7127795407218998,0.11304116320445301,13.688342114318948,1.0
25,horizontal_flip,concat,full_normalized_distance,0.7242050482349858,0.5669389784521036,0.15726606978288216,21.715682618610558,1.0
26,horizontal_flip,concat,full_normalized_distance,0.7959926432456498,0.6820195628559864,0.11397308038966336,14.318358512058154,1.0
27,horizontal_flip,concat,full_normalized_distance,0.8498049806819227,0.7403523695818616,0.1094526111000611,12.87973283142004,1.0
28,horizontal_flip,concat,full_normalized_distance,0.8407209915887297,0.7782048961878514,0.06251609540087832,7.436009808993334,1.0
29,horizontal_flip,concat,full_normalized_distance,0.8872744797559251,0.7722373281879772,0.11503715156794792,12.965227130105571,1.0
30,horizontal_flip,concat,full_normalized_distance,0.8306422212995499,0.7690720325609266,0.0615701887386233,7.41235963688697,1.0
31,horizontal_flip,concat,full_normalized_distance,0.8760450117400387,0.779905612076339,0.09613939966369967,10.974253420224796,1.0
32,horizontal_flip,concat,full_normalized_distance,0.7944053077468575,0.7265798094953817,0.06782549825147577,8.537895906531812,1.0
33,horizontal_flip,concat,full_normalized_distance,0.8105434923216313,0.7391812525503177,0.07136223977131351,8.804245601531308,1.0
2,horizontal_flip,concat,cp_eq1_optimized,0.20546282827854156,0.1466357409954071,0.05882708728313446,28.63149883398739,1.0
3,horizontal_flip,concat,cp_eq1_optimized,0.1985444277524948,0.18557603657245636,0.012968391180038452,6.531732633735514,1.0
4,horizontal_flip,concat,cp_eq1_optimized,0.2104191780090332,0.19557957351207733,0.014839604496955872,7.052401134391034,1.0
5,horizontal_flip,concat,cp_eq1_optimized,0.19594010710716248,0.15635845065116882,0.03958165645599365,20.200895590071237,1.0
6,horizontal_flip,concat,cp_eq1_optimized,0.17826208472251892,0.17668524384498596,0.001576840877532959,0.8845632429232548,1.0
7,horizontal_flip,concat,cp_eq1_optimized,0.2111964374780655,0.18157143890857697,0.029624998569488525,14.027224570217978,1.0
8,horizontal_flip,concat,cp_eq1_optimized,0.16289156675338745,0.17062833905220032,-0.007736772298812866,-4.749645701719225,0.0
9,horizontal_flip,concat,cp_eq1_optimized,0.2577395737171173,0.21440322697162628,0.04333634674549103,16.814005750194497,1.0
10,horizontal_flip,concat,cp_eq1_optimized,0.18471172451972961,0.13378378748893738,0.050927937030792236,27.57157790764752,1.0
11,horizontal_flip,concat,cp_eq1_optimized,0.18575529754161835,0.1433068811893463,0.042448416352272034,22.851793146051715,1.0
12,horizontal_flip,concat,cp_eq1_optimized,0.2585707902908325,0.22418953478336334,0.03438125550746918,13.296650974638407,1.0
13,horizontal_flip,concat,cp_eq1_optimized,0.21822012960910797,0.18387342989444733,0.034346699714660645,15.739473611360967,1.0
14,horizontal_flip,concat,cp_eq1_optimized,0.21620739996433258,0.20338478684425354,0.01282261312007904,5.930700393296003,1.0
15,horizontal_flip,concat,cp_eq1_optimized,0.2050558477640152,0.1983371078968048,0.006718739867210388,3.276541459529485,1.0
16,horizontal_flip,concat,cp_eq1_optimized,0.20743532478809357,0.15333811938762665,0.05409720540046692,26.079070888947847,1.0
17,horizontal_flip,concat,cp_eq1_optimized,0.18059752881526947,0.16975437104701996,0.010843157768249512,6.004045481309313,1.0
18,horizontal_flip,concat,cp_eq1_optimized,0.22755882143974304,0.19368679821491241,0.03387202322483063,14.884952826867666,1.0
19,horizontal_flip,concat,cp_eq1_optimized,0.2332020252943039,0.1839459091424942,0.04925611615180969,21.12165024700649,1.0
20,horizontal_flip,concat,cp_eq1_optimized,0.18963542580604553,0.1561390459537506,0.03349637985229492,17.66356666205267,1.0
21,horizontal_flip,concat,cp_eq1_optimized,0.20364819467067719,0.18785040080547333,0.015797793865203857,7.757394506085926,1.0
22,horizontal_flip,concat,cp_eq1_optimized,0.1741369366645813,0.16927167773246765,0.0048652589321136475,2.7939270239128313,1.0
23,horizontal_flip,concat,cp_eq1_optimized,0.22193729877471924,0.21239127218723297,0.009546026587486267,4.301226806014744,1.0
24,horizontal_flip,concat,cp_eq1_optimized,0.18721933662891388,0.1496889293193817,0.037530407309532166,20.04622384904635,1.0
25,horizontal_flip,concat,cp_eq1_optimized,0.20140638947486877,0.12323252856731415,0.07817386090755463,38.813992500928535,1.0
26,horizontal_flip,concat,cp_eq1_optimized,0.21715399622917175,0.18104234337806702,0.036111652851104736,16.629513376686052,1.0
27,horizontal_flip,concat,cp_eq1_optimized,0.18980412185192108,0.17135362327098846,0.018450498580932617,9.720810275779932,1.0
28,horizontal_flip,concat,cp_eq1_optimized,0.1949150115251541,0.17249952256679535,0.022415488958358765,11.500134742239187,1.0
29,horizontal_flip,concat,cp_eq1_optimized,0.21891778707504272,0.1982152909040451,0.02070249617099762,9.456744674568839,1.0
30,horizontal_flip,concat,cp_eq1_optimized,0.22393539547920227,0.20258736610412598,0.021348029375076294,9.533119732723822,1.0
31,horizontal_flip,concat,cp_eq1_optimized,0.17759934067726135,0.16566647589206696,0.011932864785194397,6.718980340592566,1.0
32,horizontal_flip,concat,cp_eq1_optimized,0.17052239179611206,0.16018614172935486,0.010336250066757202,6.061520694041928,1.0
33,horizontal_flip,concat,cp_eq1_optimized,0.2000773400068283,0.20213492214679718,-0.002057582139968872,-1.028393390220185,0.0
2,horizontal_flip,layer2_flat,bp_eq2_uniform,0.3934963047504425,0.3069504499435425,0.08654585480690002,21.994070531759615,1.0
3,horizontal_flip,layer2_flat,bp_eq2_uniform,0.3786570429801941,0.29014649987220764,0.08851054310798645,23.37485720881793,1.0
4,horizontal_flip,layer2_flat,bp_eq2_uniform,0.36253586411476135,0.29936662316322327,0.06316924095153809,17.424273624793027,1.0
5,horizontal_flip,layer2_flat,bp_eq2_uniform,0.3308384418487549,0.22892792522907257,0.10191051661968231,30.803710732612927,1.0
6,horizontal_flip,layer2_flat,bp_eq2_uniform,0.3356883227825165,0.2710168659687042,0.06467145681381226,19.265328110778082,1.0
7,horizontal_flip,layer2_flat,bp_eq2_uniform,0.38643762469291687,0.2996312975883484,0.08680632710456848,22.463218267973936,1.0
8,horizontal_flip,layer2_flat,bp_eq2_uniform,0.18853403627872467,0.20509637892246246,-0.016562342643737793,-8.784802452945172,0.0
9,horizontal_flip,layer2_flat,bp_eq2_uniform,0.42009592056274414,0.34457504749298096,0.07552087306976318,17.97705461372217,1.0
10,horizontal_flip,layer2_flat,bp_eq2_uniform,0.4512898623943329,0.3221370577812195,0.1291528046131134,28.61859203475187,1.0
11,horizontal_flip,layer2_flat,bp_eq2_uniform,0.22775274515151978,0.19523897767066956,0.03251376748085022,14.275905855306657,1.0
12,horizontal_flip,layer2_flat,bp_eq2_uniform,0.34507083892822266,0.27554869651794434,0.06952214241027832,20.147208795159298,1.0
13,horizontal_flip,layer2_flat,bp_eq2_uniform,0.3969419300556183,0.31256628036499023,0.08437564969062805,21.256421481749996,1.0
14,horizontal_flip,layer2_flat,bp_eq2_uniform,0.3503342568874359,0.3116368353366852,0.03869742155075073,11.045857146386329,1.0
15,horizontal_flip,layer2_flat,bp_eq2_uniform,0.22465024888515472,0.24977067112922668,-0.02512042224407196,-11.182013983346243,0.0
16,horizontal_flip,layer2_flat,bp_eq2_uniform,0.3197351396083832,0.21944618225097656,0.10028895735740662,31.36626067435957,1.0
17,horizontal_flip,layer2_flat,bp_eq2_uniform,0.3930240273475647,0.3073125183582306,0.0857115089893341,21.808210955336424,1.0
18,horizontal_flip,layer2_flat,bp_eq2_uniform,0.42083242535591125,0.3029508888721466,0.11788153648376465,28.011514650704115,1.0
19,horizontal_flip,layer2_flat,bp_eq2_uniform,0.3566639721393585,0.2505471706390381,0.10611680150032043,29.75259902577436,1.0
20,horizontal_flip,layer2_flat,bp_eq2_uniform,0.2616463899612427,0.20199455320835114,0.05965183675289154,22.798646968337575,1.0
21,horizontal_flip,layer2_flat,bp_eq2_uniform,0.33719033002853394,0.27453628182411194,0.062654048204422,18.58121144782955,1.0
22,horizontal_flip,layer2_flat,bp_eq2_uniform,0.253173828125,0.2036290168762207,0.0495448112487793,19.56948378729011,1.0
23,horizontal_flip,layer2_flat,bp_eq2_uniform,0.36050811409950256,0.2970570921897888,0.06345102190971375,17.600442106006206,1.0
24,horizontal_flip,layer2_flat,bp_eq2_uniform,0.3221237063407898,0.22874848544597626,0.09337522089481354,28.987379400054973,1.0
25,horizontal_flip,layer2_flat,bp_eq2_uniform,0.2383289784193039,0.13167060911655426,0.10665836930274963,44.75258107918911,1.0
26,horizontal_flip,layer2_flat,bp_eq2_uniform,0.2992110550403595,0.2030004858970642,0.09621056914329529,32.154750809590325,1.0
27,horizontal_flip,layer2_flat,bp_eq2_uniform,0.3650916516780853,0.27683785557746887,0.08825379610061646,24.173052354040497,1.0
28,horizontal_flip,layer2_flat,bp_eq2_uniform,0.3668341338634491,0.3079926669597626,0.05884146690368652,16.040346704875986,1.0
29,horizontal_flip,layer2_flat,bp_eq2_uniform,0.4241487979888916,0.3056827187538147,0.1184660792350769,27.930311201282766,1.0
30,horizontal_flip,layer2_flat,bp_eq2_uniform,0.3484465479850769,0.29836195707321167,0.050084590911865234,14.373679751267474,1.0
31,horizontal_flip,layer2_flat,bp_eq2_uniform,0.40570068359375,0.31075772643089294,0.09494295716285706,23.402217694484968,1.0
32,horizontal_flip,layer2_flat,bp_eq2_uniform,0.2985394597053528,0.23216554522514343,0.06637391448020935,22.232878208292995,1.0
33,horizontal_flip,layer2_flat,bp_eq2_uniform,0.3421860635280609,0.2591572403907776,0.08302882313728333,24.264232821460865,1.0
2,horizontal_flip,layer2_flat,full_normalized_distance,0.8871260392418233,0.7835182830585927,0.10360775618323059,11.679034500177846,1.0
3,horizontal_flip,layer2_flat,full_normalized_distance,0.8702379478972335,0.7617696500546706,0.10846829784256296,12.464211438323458,1.0
4,horizontal_flip,layer2_flat,full_normalized_distance,0.85151143752126,0.7737785512189173,0.07773288630234276,9.128812940966597,1.0
5,horizontal_flip,layer2_flat,full_normalized_distance,0.813435236326476,0.6766504640197516,0.13678477230672437,16.815693026071102,1.0
6,horizontal_flip,layer2_flat,full_normalized_distance,0.8193757657906615,0.736229401706702,0.08314636408395948,10.14752541572003,1.0
7,horizontal_flip,layer2_flat,full_normalized_distance,0.8791332375617668,0.7741205301351314,0.10501270742663538,11.945027549835741,1.0
8,horizontal_flip,layer2_flat,full_normalized_distance,0.6140586882028861,0.6404629246450765,-0.026404236442190365,-4.299953237274832,0.0
9,horizontal_flip,layer2_flat,full_normalized_distance,0.916619790930508,0.8301506459588898,0.08646914497161828,9.433480034698428,1.0
10,horizontal_flip,layer2_flat,full_normalized_distance,0.9500419594884564,0.8026668770806722,0.14737508240778419,15.512481415766327,1.0
11,horizontal_flip,layer2_flat,full_normalized_distance,0.6749114684927494,0.6248823532004557,0.0500291152922937,7.412693016455542,1.0
12,horizontal_flip,layer2_flat,full_normalized_distance,0.8307476619626716,0.7423593422567596,0.08838831970591199,10.639611009796281,1.0
13,horizontal_flip,layer2_flat,full_normalized_distance,0.8910016049992483,0.7906532493640815,0.10034835563516675,11.262421422365316,1.0
14,horizontal_flip,layer2_flat,full_normalized_distance,0.8370594445885381,0.7894768335254495,0.04758261106308859,5.684496049909726,1.0
15,horizontal_flip,layer2_flat,full_normalized_distance,0.6702988122996411,0.7067823867771843,-0.036483574477543246,-5.442882160617601,0.0
16,horizontal_flip,layer2_flat,full_normalized_distance,0.7996688559752507,0.6624895202959463,0.1371793356793044,17.154517729946267,1.0
17,horizontal_flip,layer2_flat,full_normalized_distance,0.8865935115345304,0.7839802527592523,0.10261325877527805,11.573878834005633,1.0
18,horizontal_flip,layer2_flat,full_normalized_distance,0.9174229399310999,0.7783969281441784,0.13902601178692153,15.153971601932158,1.0
19,horizontal_flip,layer2_flat,full_normalized_distance,0.8445874402799968,0.7078801743784581,0.1367072659015387,16.186277391960243,1.0
20,horizontal_flip,layer2_flat,full_normalized_distance,0.723389784225963,0.6356013738316668,0.08778841039429619,12.135699495412371,1.0
21,horizontal_flip,layer2_flat,full_normalized_distance,0.8212068314724786,0.7409943074330759,0.08021252403940271,9.76763964511579,1.0
22,horizontal_flip,layer2_flat,full_normalized_distance,0.7115810960459813,0.6381677160060993,0.07341338003988196,10.316937935494977,1.0
23,horizontal_flip,layer2_flat,full_normalized_distance,0.8491267444845941,0.7707880281760853,0.07833871630850886,9.225797776039537,1.0
24,horizontal_flip,layer2_flat,full_normalized_distance,0.8026502430583197,0.676385223738627,0.1262650193196927,15.731013652774925,1.0
25,horizontal_flip,layer2_flat,full_normalized_distance,0.6904041981611988,0.5131678265763634,0.1772363715848354,25.67139250552424,1.0
26,horizontal_flip,layer2_flat,full_normalized_distance,0.7735774751637479,0.6371820554552117,0.1363954197085362,17.631772393513426,1.0
27,horizontal_flip,layer2_flat,full_normalized_distance,0.8545076379741556,0.7440938859814249,0.11041375199273074,12.921330025132082,1.0
28,horizontal_flip,layer2_flat,full_normalized_distance,0.8565443758071721,0.7848473315999266,0.07169704420724554,8.370499676633507,1.0
29,horizontal_flip,layer2_flat,full_normalized_distance,0.9210307247740345,0.7818986107594957,0.13913211401453873,15.106131670962695,1.0
30,horizontal_flip,layer2_flat,full_normalized_distance,0.834801231413894,0.7724790703614068,0.06232216105248711,7.465508998693986,1.0
31,horizontal_flip,layer2_flat,full_normalized_distance,0.9007782008838247,0.7883625136076587,0.11241568727616591,12.479841004782443,1.0
32,horizontal_flip,layer2_flat,full_normalized_distance,0.7727088192913975,0.6814184400574194,0.09129037923397809,11.814331214386373,1.0
33,horizontal_flip,layer2_flat,full_normalized_distance,0.8272678689856883,0.7199406092043671,0.10732725978132118,12.97370099878111,1.0
2,horizontal_flip,layer2_flat,cp_eq1_optimized,0.21485671401023865,0.17990343272686005,0.0349532812833786,16.268182004100776,1.0
3,horizontal_flip,layer2_flat,cp_eq1_optimized,0.20032744109630585,0.2013346403837204,-0.0010071992874145508,-0.5027764952707202,0.0
4,horizontal_flip,layer2_flat,cp_eq1_optimized,0.2073274403810501,0.2032456398010254,0.004081800580024719,1.9687700636746543,1.0
5,horizontal_flip,layer2_flat,cp_eq1_optimized,0.18426823616027832,0.16321086883544922,0.0210573673248291,11.42756221229519,1.0
6,horizontal_flip,layer2_flat,cp_eq1_optimized,0.19244414567947388,0.18150711059570312,0.010937035083770752,5.683225667945307,1.0
7,horizontal_flip,layer2_flat,cp_eq1_optimized,0.20700553059577942,0.18186375498771667,0.025141775608062744,12.145460817197073,1.0
8,horizontal_flip,layer2_flat,cp_eq1_optimized,0.16235749423503876,0.1740306168794632,-0.011673122644424438,-7.189765214936002,0.0
9,horizontal_flip,layer2_flat,cp_eq1_optimized,0.24931520223617554,0.22652077674865723,0.02279442548751831,9.14281410960002,1.0
10,horizontal_flip,layer2_flat,cp_eq1_optimized,0.21519352495670319,0.1658477783203125,0.049345746636390686,22.930869618911494,1.0
11,horizontal_flip,layer2_flat,cp_eq1_optimized,0.19149574637413025,0.1491917371749878,0.042304009199142456,22.091357118852702,1.0
12,horizontal_flip,layer2_flat,cp_eq1_optimized,0.24136969447135925,0.20833198726177216,0.0330377072095871,13.687595404969306,1.0
13,horizontal_flip,layer2_flat,cp_eq1_optimized,0.21850702166557312,0.203206866979599,0.015300154685974121,7.002134105017969,1.0
14,horizontal_flip,layer2_flat,cp_eq1_optimized,0.20433540642261505,0.18938665091991425,0.014948755502700806,7.31579307000276,1.0
15,horizontal_flip,layer2_flat,cp_eq1_optimized,0.19184231758117676,0.20320121943950653,-0.011358901858329773,-5.920957378688945,0.0
16,horizontal_flip,layer2_flat,cp_eq1_optimized,0.19372841715812683,0.15155792236328125,0.04217049479484558,21.767841503710375,1.0
17,horizontal_flip,layer2_flat,cp_eq1_optimized,0.18960365653038025,0.18192058801651,0.007683068513870239,4.052173177682708,1.0
18,horizontal_flip,layer2_flat,cp_eq1_optimized,0.25074437260627747,0.20491936802864075,0.04582500457763672,18.27558644732142,1.0
19,horizontal_flip,layer2_flat,cp_eq1_optimized,0.20167535543441772,0.1684257835149765,0.03324957191944122,16.48668070903125,1.0
20,horizontal_flip,layer2_flat,cp_eq1_optimized,0.16613095998764038,0.14040343463420868,0.0257275253534317,15.48629187190087,1.0
21,horizontal_flip,layer2_flat,cp_eq1_optimized,0.18598583340644836,0.17952924966812134,0.006456583738327026,3.471545988227108,1.0
22,horizontal_flip,layer2_flat,cp_eq1_optimized,0.15416932106018066,0.14963378012180328,0.00453554093837738,2.941921847458544,1.0
23,horizontal_flip,layer2_flat,cp_eq1_optimized,0.20784002542495728,0.20013713836669922,0.007702887058258057,3.7061615261407863,1.0
24,horizontal_flip,layer2_flat,cp_eq1_optimized,0.16709665954113007,0.14484798908233643,0.02224867045879364,13.314850530081413,1.0
25,horizontal_flip,layer2_flat,cp_eq1_optimized,0.1618105173110962,0.10334044694900513,0.058470070362091064,36.134901076495176,1.0
26,horizontal_flip,layer2_flat,cp_eq1_optimized,0.188287615776062,0.15785853564739227,0.03042908012866974,16.160956737961275,1.0
27,horizontal_flip,layer2_flat,cp_eq1_optimized,0.21128973364830017,0.19081375002861023,0.02047598361968994,9.690950556867135,1.0
28,horizontal_flip,layer2_flat,cp_eq1_optimized,0.21373139321804047,0.2042551189661026,0.009476274251937866,4.433730632273661,1.0
29,horizontal_flip,layer2_flat,cp_eq1_optimized,0.21863922476768494,0.20807959139347076,0.010559633374214172,4.829706739669431,1.0
30,horizontal_flip,layer2_flat,cp_eq1_optimized,0.2061394453048706,0.20593053102493286,0.00020891427993774414,0.10134609590501042,1.0
31,horizontal_flip,layer2_flat,cp_eq1_optimized,0.20281440019607544,0.18377095460891724,0.019043445587158203,9.389592439517916,1.0
32,horizontal_flip,layer2_flat,cp_eq1_optimized,0.1528906673192978,0.14161403477191925,0.01127663254737854,7.375618633251562,1.0
33,horizontal_flip,layer2_flat,cp_eq1_optimized,0.20035001635551453,0.19132813811302185,0.009021878242492676,4.503058400773284,1.0
2,horizontal_flip,layer3_flat,bp_eq2_uniform,0.3383879065513611,0.2939590513706207,0.044428855180740356,13.129563533579052,1.0
3,horizontal_flip,layer3_flat,bp_eq2_uniform,0.3336738646030426,0.2856539487838745,0.04801991581916809,14.391272710600635,1.0
4,horizontal_flip,layer3_flat,bp_eq2_uniform,0.3478846549987793,0.3101384937763214,0.037746161222457886,10.850194361830026,1.0
5,horizontal_flip,layer3_flat,bp_eq2_uniform,0.35603079199790955,0.26570799946784973,0.09032279253005981,25.369376626934127,1.0
6,horizontal_flip,layer3_flat,bp_eq2_uniform,0.3161862790584564,0.26230356097221375,0.053882718086242676,17.04144729066831,1.0
7,horizontal_flip,layer3_flat,bp_eq2_uniform,0.36525771021842957,0.29447147250175476,0.0707862377166748,19.37980656839517,1.0
8,horizontal_flip,layer3_flat,bp_eq2_uniform,0.2745319902896881,0.23593659698963165,0.03859539330005646,14.05861417432254,1.0
9,horizontal_flip,layer3_flat,bp_eq2_uniform,0.4028922915458679,0.3268643021583557,0.07602798938751221,18.87054951972641,1.0
10,horizontal_flip,layer3_flat,bp_eq2_uniform,0.36608725786209106,0.28962334990501404,0.07646390795707703,20.886798519950926,1.0
11,horizontal_flip,layer3_flat,bp_eq2_uniform,0.24615949392318726,0.2138807773590088,0.03227871656417847,13.112927740304722,1.0
12,horizontal_flip,layer3_flat,bp_eq2_uniform,0.3597462773323059,0.29674601554870605,0.06300026178359985,17.512415208463697,1.0
13,horizontal_flip,layer3_flat,bp_eq2_uniform,0.3549162745475769,0.3105485439300537,0.04436773061752319,12.500900578299811,1.0
14,horizontal_flip,layer3_flat,bp_eq2_uniform,0.3853132128715515,0.36207085847854614,0.02324235439300537,6.032067838974718,1.0
15,horizontal_flip,layer3_flat,bp_eq2_uniform,0.29791170358657837,0.23646558821201324,0.061446115374565125,20.625613104354443,1.0
16,horizontal_flip,layer3_flat,bp_eq2_uniform,0.3174750804901123,0.2547934055328369,0.06268167495727539,19.743809454370755,1.0
17,horizontal_flip,layer3_flat,bp_eq2_uniform,0.3498232960700989,0.3078819513320923,0.04194134473800659,11.989294369201284,1.0
18,horizontal_flip,layer3_flat,bp_eq2_uniform,0.3652547597885132,0.2991468906402588,0.0661078691482544,18.099112298043877,1.0
19,horizontal_flip,layer3_flat,bp_eq2_uniform,0.38200104236602783,0.3047814667224884,0.07721957564353943,20.21449343830497,1.0
20,horizontal_flip,layer3_flat,bp_eq2_uniform,0.31140589714050293,0.25410762429237366,0.05729827284812927,18.39986762424506,1.0
21,horizontal_flip,layer3_flat,bp_eq2_uniform,0.35449859499931335,0.310443639755249,0.04405495524406433,12.427399111137632,1.0
22,horizontal_flip,layer3_flat,bp_eq2_uniform,0.2899863123893738,0.2870786488056183,0.002907663583755493,1.002689940703565,1.0
23,horizontal_flip,layer3_flat,bp_eq2_uniform,0.3736472725868225,0.3203796446323395,0.05326762795448303,14.256126529590269,1.0
24,horizontal_flip,layer3_flat,bp_eq2_uniform,0.3585015535354614,0.27755439281463623,0.0809471607208252,22.579305423454034,1.0
25,horizontal_flip,layer3_flat,bp_eq2_uniform,0.29331842064857483,0.19850237667560577,0.09481604397296906,32.325294730208924,1.0
26,horizontal_flip,layer3_flat,bp_eq2_uniform,0.33879905939102173,0.2695915400981903,0.06920751929283142,20.42730561797456,1.0
27,horizontal_flip,layer3_flat,bp_eq2_uniform,0.35612621903419495,0.2706180810928345,0.08550813794136047,24.01062695496451,1.0
28,horizontal_flip,layer3_flat,bp_eq2_uniform,0.34341153502464294,0.29886549711227417,0.044546037912368774,12.971619578545162,1.0
29,horizontal_flip,layer3_flat,bp_eq2_uniform,0.36104875802993774,0.2901116907596588,0.07093706727027893,19.64750347214889,1.0
30,horizontal_flip,layer3_flat,bp_eq2_uniform,0.3418140113353729,0.2933316230773926,0.04848238825798035,14.183850471322463,1.0
31,horizontal_flip,layer3_flat,bp_eq2_uniform,0.36471298336982727,0.29832643270492554,0.06638655066490173,18.202409481376275,1.0
32,horizontal_flip,layer3_flat,bp_eq2_uniform,0.334900826215744,0.30024799704551697,0.03465282917022705,10.347191304867112,1.0
33,horizontal_flip,layer3_flat,bp_eq2_uniform,0.3152306377887726,0.2866056561470032,0.02862498164176941,9.08064705971233,1.0
2,horizontal_flip,layer3_flat,full_normalized_distance,0.8226638518269307,0.766758177485732,0.05590567434119864,6.795688690706193,1.0
3,horizontal_flip,layer3_flat,full_normalized_distance,0.8169135383907438,0.7558491235476489,0.06106441484309488,7.475015650164434,1.0
4,horizontal_flip,layer3_flat,full_normalized_distance,0.8341278738883856,0.7875766550327928,0.04655121885559277,5.580825232291178,1.0
5,horizontal_flip,layer3_flat,full_normalized_distance,0.8438374156173801,0.7289828522919448,0.11485456332543531,13.61098254232632,1.0
6,horizontal_flip,layer3_flat,full_normalized_distance,0.7952185599675807,0.7242976749544537,0.07092088501312699,8.918414205011649,1.0
7,horizontal_flip,layer3_flat,full_normalized_distance,0.8547019483052903,0.7674261821201499,0.08727576618514044,10.21125157817756,1.0
8,horizontal_flip,layer3_flat,full_normalized_distance,0.7409885158215181,0.6869302686439602,0.054058247177557917,7.295423076503654,1.0
9,horizontal_flip,layer3_flat,full_normalized_distance,0.897655046825748,0.8085348504033153,0.08912019642243274,9.928111777177296,1.0
10,horizontal_flip,layer3_flat,full_normalized_distance,0.8556719673590938,0.7610825840932297,0.09458938326586408,11.054397815285432,1.0
11,horizontal_flip,layer3_flat,full_normalized_distance,0.7016544647092147,0.6540348268387682,0.04761963787044643,6.786764748958517,1.0
12,horizontal_flip,layer3_flat,full_normalized_distance,0.8482290696884962,0.7703843398573287,0.07784472983116753,9.177323981558834,1.0
13,horizontal_flip,layer3_flat,full_normalized_distance,0.842515607627036,0.7880971309807614,0.05441847664627464,6.459046711250952,1.0
14,horizontal_flip,layer3_flat,full_normalized_distance,0.8778533053666217,0.8509651678870835,0.02688813747953811,3.06294198758847,1.0
15,horizontal_flip,layer3_flat,full_normalized_distance,0.7718959820941917,0.6876999174233094,0.08419606467088236,10.907695677122872,1.0
16,horizontal_flip,layer3_flat,full_normalized_distance,0.7968376001295525,0.7138534941188379,0.0829841060107146,10.414180505176793,1.0
17,horizontal_flip,layer3_flat,full_normalized_distance,0.8364487982776936,0.7847062524691546,0.05174254580853899,6.185978856687778,1.0
18,horizontal_flip,layer3_flat,full_normalized_distance,0.8546984962997339,0.7734945256952486,0.08120397060448536,9.500890776800075,1.0
19,horizontal_flip,layer3_flat,full_normalized_distance,0.8740721278773598,0.7807451142626362,0.09332701361472362,10.677266856827572,1.0
20,horizontal_flip,layer3_flat,full_normalized_distance,0.7891842587640772,0.712892171779679,0.07629208698439816,9.667208403748539,1.0
21,horizontal_flip,layer3_flat,full_normalized_distance,0.8420197087946497,0.7879640090197636,0.05405569977488611,6.419766569621344,1.0
22,horizontal_flip,layer3_flat,full_normalized_distance,0.7615593376610568,0.7577316791656771,0.0038276584953796933,0.5026080445852563,1.0
23,horizontal_flip,layer3_flat,full_normalized_distance,0.8644619975300505,0.8004744151218569,0.06398758240819358,7.402012186879878,1.0
24,horizontal_flip,layer3_flat,full_normalized_distance,0.8467603598840246,0.7450562298439444,0.10170413004008028,12.010969674335007,1.0
25,horizontal_flip,layer3_flat,full_normalized_distance,0.7659222162185594,0.6300831320954494,0.13583908412310997,17.735362840574705,1.0
26,horizontal_flip,layer3_flat,full_normalized_distance,0.8231634824152754,0.7342908689316384,0.08887261348363695,10.79647182875077,1.0
27,horizontal_flip,layer3_flat,full_normalized_distance,0.8439504950341518,0.7356875438565403,0.10826295117761142,12.828116318967513,1.0
28,horizontal_flip,layer3_flat,full_normalized_distance,0.828747892938067,0.7731306449912255,0.05561724794684153,6.710997206834617,1.0
29,horizontal_flip,layer3_flat,full_normalized_distance,0.8497632117595322,0.7617239536205472,0.08803925813898494,10.360445936060938,1.0
30,horizontal_flip,layer3_flat,full_normalized_distance,0.8268180106110086,0.7659394533217264,0.060878557289282154,7.3629936101924045,1.0
31,horizontal_flip,layer3_flat,full_normalized_distance,0.8540643809102769,0.7724330815092341,0.08163129940104286,9.557979612022129,1.0
32,horizontal_flip,layer3_flat,full_normalized_distance,0.8184141081576539,0.7749167659116907,0.043497342245963244,5.314832896005142,1.0
33,horizontal_flip,layer3_flat,full_normalized_distance,0.794015916451015,0.7571072000014307,0.03690871644958427,4.648359772749566,1.0
2,horizontal_flip,layer3_flat,cp_eq1_optimized,0.1952112317085266,0.1146617904305458,0.0805494412779808,41.262708386491816,1.0
3,horizontal_flip,layer3_flat,cp_eq1_optimized,0.19055044651031494,0.16717031598091125,0.023380130529403687,12.269785223523664,1.0
4,horizontal_flip,layer3_flat,cp_eq1_optimized,0.20928192138671875,0.18421079218387604,0.025071129202842712,11.97959624825671,1.0
5,horizontal_flip,layer3_flat,cp_eq1_optimized,0.20463067293167114,0.1447502076625824,0.059880465269088745,29.26270260998017,1.0
6,horizontal_flip,layer3_flat,cp_eq1_optimized,0.1541384905576706,0.16025365889072418,-0.006115168333053589,-3.9673207586822308,0.0
7,horizontal_flip,layer3_flat,cp_eq1_optimized,0.20129120349884033,0.1782974749803543,0.022993728518486023,11.42311641974174,1.0
8,horizontal_flip,layer3_flat,cp_eq1_optimized,0.14944420754909515,0.153802752494812,-0.004358544945716858,-2.9165030998313073,0.0
9,horizontal_flip,layer3_flat,cp_eq1_optimized,0.25229737162590027,0.1980302929878235,0.05426707863807678,21.50917319833496,1.0
10,horizontal_flip,layer3_flat,cp_eq1_optimized,0.15842542052268982,0.10751651972532272,0.050908900797367096,32.13430056179307,1.0
11,horizontal_flip,layer3_flat,cp_eq1_optimized,0.16802798211574554,0.12797857820987701,0.04004940390586853,23.834960940042876,1.0
12,horizontal_flip,layer3_flat,cp_eq1_optimized,0.2690750062465668,0.2380007952451706,0.03107421100139618,11.548531182716337,1.0
13,horizontal_flip,layer3_flat,cp_eq1_optimized,0.21549443900585175,0.1654198169708252,0.05007462203502655,23.23708317755448,1.0
14,horizontal_flip,layer3_flat,cp_eq1_optimized,0.22471965849399567,0.21689480543136597,0.0078248530626297,3.4820509763296714,1.0
15,horizontal_flip,layer3_flat,cp_eq1_optimized,0.21693716943264008,0.18299461901187897,0.03394255042076111,15.646258550056334,1.0
16,horizontal_flip,layer3_flat,cp_eq1_optimized,0.2175750732421875,0.15192103385925293,0.06565403938293457,30.175349778948203,1.0
17,horizontal_flip,layer3_flat,cp_eq1_optimized,0.17200317978858948,0.15713714063167572,0.014866039156913757,8.642886239137729,1.0
18,horizontal_flip,layer3_flat,cp_eq1_optimized,0.19888471066951752,0.18104977905750275,0.01783493161201477,8.967472437617902,1.0
19,horizontal_flip,layer3_flat,cp_eq1_optimized,0.2649039030075073,0.19923824071884155,0.06566566228866577,24.788484255196853,1.0
20,horizontal_flip,layer3_flat,cp_eq1_optimized,0.2150089144706726,0.17371411621570587,0.041294798254966736,19.206086573869623,1.0
21,horizontal_flip,layer3_flat,cp_eq1_optimized,0.21710625290870667,0.19304107129573822,0.024065181612968445,11.084517967788345,1.0
22,horizontal_flip,layer3_flat,cp_eq1_optimized,0.18897967040538788,0.192009836435318,-0.0030301660299301147,-1.6034349215521169,0.0
23,horizontal_flip,layer3_flat,cp_eq1_optimized,0.2240971475839615,0.2175675481557846,0.00652959942817688,2.913736073191796,1.0
24,horizontal_flip,layer3_flat,cp_eq1_optimized,0.2040015310049057,0.15277691185474396,0.05122461915016174,25.109918978342776,1.0
25,horizontal_flip,layer3_flat,cp_eq1_optimized,0.23352724313735962,0.14351105690002441,0.0900161862373352,38.546331908694114,1.0
26,horizontal_flip,layer3_flat,cp_eq1_optimized,0.22411149740219116,0.1959560066461563,0.02815549075603485,12.563162123441302,1.0
27,horizontal_flip,layer3_flat,cp_eq1_optimized,0.15346510708332062,0.13931088149547577,0.014154225587844849,9.223090418897556,1.0
28,horizontal_flip,layer3_flat,cp_eq1_optimized,0.17122499644756317,0.1417253166437149,0.029499679803848267,17.22860587864583,1.0
29,horizontal_flip,layer3_flat,cp_eq1_optimized,0.2128472477197647,0.18496772646903992,0.027879521250724792,13.098370568220862,1.0
30,horizontal_flip,layer3_flat,cp_eq1_optimized,0.2322501391172409,0.19263628125190735,0.03961385786533356,17.05654860562462,1.0
31,horizontal_flip,layer3_flat,cp_eq1_optimized,0.15123406052589417,0.14749929308891296,0.003734767436981201,2.469527978002708,1.0
32,horizontal_flip,layer3_flat,cp_eq1_optimized,0.18642358481884003,0.17842631042003632,0.007997274398803711,4.289840476210285,1.0
33,horizontal_flip,layer3_flat,cp_eq1_optimized,0.19860608875751495,0.20821236073970795,-0.009606271982192993,-4.836846665800491,0.0
2,horizontal_flip,layer4_pooled,bp_eq2_uniform,0.46751832962036133,0.38983577489852905,0.07768255472183228,16.61593777184023,1.0
3,horizontal_flip,layer4_pooled,bp_eq2_uniform,0.4613850712776184,0.3903845548629761,0.07100051641464233,15.388559542657369,1.0
4,horizontal_flip,layer4_pooled,bp_eq2_uniform,0.4729031026363373,0.4049808084964752,0.06792229413986206,14.36283538024294,1.0
5,horizontal_flip,layer4_pooled,bp_eq2_uniform,0.5383728742599487,0.3654572665691376,0.17291560769081116,32.118187218882646,1.0
6,horizontal_flip,layer4_pooled,bp_eq2_uniform,0.41124939918518066,0.328191339969635,0.08305805921554565,20.196518069061945,1.0
7,horizontal_flip,layer4_pooled,bp_eq2_uniform,0.4959689974784851,0.36508864164352417,0.13088035583496094,26.388817950334605,1.0
8,horizontal_flip,layer4_pooled,bp_eq2_uniform,0.3096071481704712,0.1976332813501358,0.11197386682033539,36.16643461937138,1.0
9,horizontal_flip,layer4_pooled,bp_eq2_uniform,0.5089548826217651,0.3928191065788269,0.11613577604293823,22.81848156057823,1.0
10,horizontal_flip,layer4_pooled,bp_eq2_uniform,0.44160911440849304,0.35998719930648804,0.081621915102005,18.482842051651826,1.0
11,horizontal_flip,layer4_pooled,bp_eq2_uniform,0.362517386674881,0.2598458230495453,0.1026715636253357,28.321831558697664,1.0
12,horizontal_flip,layer4_pooled,bp_eq2_uniform,0.41025543212890625,0.3113078773021698,0.09894755482673645,24.118523992000423,1.0
13,horizontal_flip,layer4_pooled,bp_eq2_uniform,0.44563546776771545,0.3994591534137726,0.04617631435394287,10.361902876614918,1.0
14,horizontal_flip,layer4_pooled,bp_eq2_uniform,0.43921008706092834,0.3419206440448761,0.09728944301605225,22.151003786562512,1.0
15,horizontal_flip,layer4_pooled,bp_eq2_uniform,0.35791903734207153,0.1935507357120514,0.16436830163002014,45.923319097572985,1.0
16,horizontal_flip,layer4_pooled,bp_eq2_uniform,0.5098187327384949,0.36442679166793823,0.14539194107055664,28.518359905941008,1.0
17,horizontal_flip,layer4_pooled,bp_eq2_uniform,0.4662253260612488,0.4107121229171753,0.055513203144073486,11.906947143549546,1.0
18,horizontal_flip,layer4_pooled,bp_eq2_uniform,0.44832050800323486,0.3978540003299713,0.05046650767326355,11.256792132468506,1.0
19,horizontal_flip,layer4_pooled,bp_eq2_uniform,0.6521615386009216,0.4899338483810425,0.16222769021987915,24.87538448950187,1.0
20,horizontal_flip,layer4_pooled,bp_eq2_uniform,0.4622800946235657,0.3362012505531311,0.12607884407043457,27.27325825543662,1.0
21,horizontal_flip,layer4_pooled,bp_eq2_uniform,0.4211671054363251,0.3632034361362457,0.057963669300079346,13.762629738115924,1.0
22,horizontal_flip,layer4_pooled,bp_eq2_uniform,0.5320264101028442,0.4592211842536926,0.07280522584915161,13.684513487768593,1.0
23,horizontal_flip,layer4_pooled,bp_eq2_uniform,0.48485898971557617,0.3915398418903351,0.09331914782524109,19.24665723529035,1.0
24,horizontal_flip,layer4_pooled,bp_eq2_uniform,0.45303481817245483,0.33527782559394836,0.11775699257850647,25.992923248874988,1.0
25,horizontal_flip,layer4_pooled,bp_eq2_uniform,0.3962523341178894,0.25888004899024963,0.13737228512763977,34.667880362926354,1.0
26,horizontal_flip,layer4_pooled,bp_eq2_uniform,0.38927215337753296,0.26629093289375305,0.12298122048377991,31.59260671908157,1.0
27,horizontal_flip,layer4_pooled,bp_eq2_uniform,0.5119147300720215,0.3944029211997986,0.1175118088722229,22.955348218923213,1.0
28,horizontal_flip,layer4_pooled,bp_eq2_uniform,0.4229472577571869,0.38083529472351074,0.04211196303367615,9.956788290078705,1.0
29,horizontal_flip,layer4_pooled,bp_eq2_uniform,0.5465452075004578,0.40996959805488586,0.1365756094455719,24.98889525899056,1.0
30,horizontal_flip,layer4_pooled,bp_eq2_uniform,0.4761071801185608,0.3978889286518097,0.0782182514667511,16.428706546099306,1.0
31,horizontal_flip,layer4_pooled,bp_eq2_uniform,0.4281526505947113,0.380245566368103,0.047907084226608276,11.189253216102395,1.0
32,horizontal_flip,layer4_pooled,bp_eq2_uniform,0.45140862464904785,0.38591089844703674,0.06549772620201111,14.509631102593106,1.0
33,horizontal_flip,layer4_pooled,bp_eq2_uniform,0.44016215205192566,0.38669314980506897,0.05346900224685669,12.14756925316639,1.0
2,horizontal_flip,layer4_pooled,full_normalized_distance,0.9669729361469858,0.8829901187425928,0.08398281740439295,8.685125949744284,1.0
3,horizontal_flip,layer4_pooled,full_normalized_distance,0.9606092559179497,0.8836114019895579,0.07699785392839176,8.015522800135123,1.0
4,horizontal_flip,layer4_pooled,full_normalized_distance,0.9725256836056694,0.8999786758545729,0.07254700775109646,7.4596495469458,1.0
5,horizontal_flip,layer4_pooled,full_normalized_distance,1.0376636008456197,0.8549353970554004,0.18272820379021926,17.609580180044194,1.0
6,horizontal_flip,layer4_pooled,full_normalized_distance,0.9069171948807462,0.810174474998608,0.09674271988213823,10.667205388552878,1.0
7,horizontal_flip,layer4_pooled,full_normalized_distance,0.9959608400720232,0.8545041154301414,0.14145672464188186,14.203040817499446,1.0
8,horizontal_flip,layer4_pooled,full_normalized_distance,0.7869017069119513,0.628702284631026,0.15819942228092532,20.104089353363886,1.0
9,horizontal_flip,layer4_pooled,full_normalized_distance,1.0089151427367569,0.8863623486800721,0.12255279405668473,12.14698728023149,1.0
10,horizontal_flip,layer4_pooled,full_normalized_distance,0.9397969082823087,0.8485130515277747,0.09128385675453399,9.713147165091097,1.0
11,horizontal_flip,layer4_pooled,full_normalized_distance,0.8514897376655587,0.7208964184257615,0.13059331923979722,15.33703971555524,1.0
12,horizontal_flip,layer4_pooled,full_normalized_distance,0.9058205474915064,0.7890600449929901,0.11676050249851633,12.890025824842779,1.0
13,horizontal_flip,layer4_pooled,full_normalized_distance,0.9440714673876289,0.8938223015944193,0.050249165793209594,5.322601892863311,1.0
14,horizontal_flip,layer4_pooled,full_normalized_distance,0.9372407236787444,0.8269469681241671,0.11029375555457732,11.767921812183735,1.0
15,horizontal_flip,layer4_pooled,full_normalized_distance,0.8460721450822873,0.6221747916977212,0.22389735338456618,26.463151480128886,1.0
16,horizontal_flip,layer4_pooled,full_normalized_distance,1.0097709965516883,0.8537292213201305,0.15604177523155782,15.453184510574896,1.0
17,horizontal_flip,layer4_pooled,full_normalized_distance,0.9656348440909212,0.9063245808397511,0.05931026325117006,6.142100568765741,1.0
18,horizontal_flip,layer4_pooled,full_normalized_distance,0.946911303135869,0.8920246637060786,0.05488663942979044,5.796386551513894,1.0
19,horizontal_flip,layer4_pooled,full_normalized_distance,1.1420696463884519,0.989882668179459,0.15218697820899285,13.325542683856275,1.0
20,horizontal_flip,layer4_pooled,full_normalized_distance,0.961540529175516,0.8200015250633759,0.14153900411214015,14.720024774551854,1.0
21,horizontal_flip,layer4_pooled,full_normalized_distance,0.917787671998622,0.8522950617435792,0.06549261025504283,7.135921766343992,1.0
22,horizontal_flip,layer4_pooled,full_normalized_distance,1.0315293598369795,0.9583539891435655,0.07317537069341395,7.093871831714754,1.0
23,horizontal_flip,layer4_pooled,full_normalized_distance,0.9847425955198406,0.884917896632603,0.09982469888723755,10.13713627716482,1.0
24,horizontal_flip,layer4_pooled,full_normalized_distance,0.9518769018864307,0.8188746248284268,0.13300227705800394,13.972634149886414,1.0
25,horizontal_flip,layer4_pooled,full_normalized_distance,0.8902273126768122,0.7195554863806538,0.1706718262961584,19.171713096824217,1.0
26,horizontal_flip,layer4_pooled,full_normalized_distance,0.8823515777483859,0.7297820673238732,0.15256951042451272,17.2912379001658,1.0
27,horizontal_flip,layer4_pooled,full_normalized_distance,1.0118445829988136,0.8881474215464441,0.12369716145236953,12.224917099980393,1.0
28,horizontal_flip,layer4_pooled,full_normalized_distance,0.9197252391417633,0.8727374115087662,0.04698782763299714,5.108898357165069,1.0
29,horizontal_flip,layer4_pooled,full_normalized_distance,1.0455096436671043,0.9055049398593978,0.14000470380770647,13.391048533661424,1.0
30,horizontal_flip,layer4_pooled,full_normalized_distance,0.9758147161408879,0.8920638190755297,0.08375089706535821,8.582663868453123,1.0
31,horizontal_flip,layer4_pooled,full_normalized_distance,0.9253676573067715,0.8720614271576321,0.05330623014913938,5.76054606276455,1.0
32,horizontal_flip,layer4_pooled,full_normalized_distance,0.9501669586436353,0.878533890577975,0.07163306806566028,7.5389980059758335,1.0
33,horizontal_flip,layer4_pooled,full_normalized_distance,0.9382559907103452,0.8794238452590071,0.05883214545133808,6.270372481899539,1.0
2,horizontal_flip,layer4_pooled,cp_eq1_optimized,0.16353680193424225,0.021752042695879936,0.1417847592383623,86.69899225160745,1.0
3,horizontal_flip,layer4_pooled,cp_eq1_optimized,0.0403992123901844,0.062424153089523315,-0.022024940699338913,-54.51824279659725,0.0
4,horizontal_flip,layer4_pooled,cp_eq1_optimized,0.10541199892759323,0.0607113279402256,0.04470067098736763,42.405676243411484,1.0
5,horizontal_flip,layer4_pooled,cp_eq1_optimized,0.04676163196563721,0.019940974190831184,0.026820657774806023,57.35612006429037,1.0
6,horizontal_flip,layer4_pooled,cp_eq1_optimized,0.055451419204473495,0.07683702558279037,-0.02138560637831688,-38.56638240235689,0.0
7,horizontal_flip,layer4_pooled,cp_eq1_optimized,0.03059328906238079,0.028644125908613205,0.0019491631537675858,6.371211508934072,1.0
8,horizontal_flip,layer4_pooled,cp_eq1_optimized,0.018557224422693253,0.01167652104049921,0.006880703382194042,37.07830020856453,1.0
9,horizontal_flip,layer4_pooled,cp_eq1_optimized,0.06589796394109726,0.015345493331551552,0.05055247060954571,76.71325119235061,1.0
10,horizontal_flip,layer4_pooled,cp_eq1_optimized,0.14598232507705688,0.05554463341832161,0.09043769165873528,61.95112429561466,1.0
11,horizontal_flip,layer4_pooled,cp_eq1_optimized,0.0449647456407547,0.06615854054689407,-0.021193794906139374,-47.13424840650852,0.0
12,horizontal_flip,layer4_pooled,cp_eq1_optimized,0.12079848349094391,0.08444491028785706,0.03635357320308685,30.094395353490743,1.0
13,horizontal_flip,layer4_pooled,cp_eq1_optimized,0.08900449424982071,0.051371827721595764,0.037632666528224945,42.28175986503955,1.0
14,horizontal_flip,layer4_pooled,cp_eq1_optimized,0.0780520886182785,0.04395907372236252,0.034093014895915985,43.67982394707522,1.0
15,horizontal_flip,layer4_pooled,cp_eq1_optimized,0.07201942056417465,0.03247172757983208,0.039547692984342575,54.9125398038346,1.0
16,horizontal_flip,layer4_pooled,cp_eq1_optimized,0.052084386348724365,0.021827304735779762,0.030257081612944603,58.09242218921665,1.0
17,horizontal_flip,layer4_pooled,cp_eq1_optimized,0.20894862711429596,0.13163931667804718,0.07730931043624878,36.99919521059605,1.0
18,horizontal_flip,layer4_pooled,cp_eq1_optimized,0.1791587620973587,0.161472350358963,0.01768641173839569,9.871921155988897,1.0
19,horizontal_flip,layer4_pooled,cp_eq1_optimized,0.1715898960828781,0.048588186502456665,0.12300170958042145,71.68353870923417,1.0
20,horizontal_flip,layer4_pooled,cp_eq1_optimized,0.09752300381660461,0.10055886209011078,-0.0030358582735061646,-3.112966330676269,0.0
21,horizontal_flip,layer4_pooled,cp_eq1_optimized,0.14664451777935028,0.09022853523492813,0.05641598254442215,38.47125238525735,1.0
22,horizontal_flip,layer4_pooled,cp_eq1_optimized,0.07203738391399384,0.0958256721496582,-0.023788288235664368,-33.022143424496406,0.0
23,horizontal_flip,layer4_pooled,cp_eq1_optimized,0.05091051757335663,0.014052348211407661,0.03685816936194897,72.3979466681247,1.0
24,horizontal_flip,layer4_pooled,cp_eq1_optimized,0.13202068209648132,0.08377545326948166,0.048245228826999664,36.54369001924743,1.0
25,horizontal_flip,layer4_pooled,cp_eq1_optimized,0.1535784751176834,0.09203340858221054,0.06154506653547287,40.07401850286094,1.0
26,horizontal_flip,layer4_pooled,cp_eq1_optimized,0.0750088095664978,0.07253070175647736,0.0024781078100204468,3.303755684577935,1.0
27,horizontal_flip,layer4_pooled,cp_eq1_optimized,0.017685770988464355,0.012103588320314884,0.005582182668149471,31.56312875177933,1.0
28,horizontal_flip,layer4_pooled,cp_eq1_optimized,0.08918516337871552,0.04564357548952103,0.04354158788919449,48.82155981910517,1.0
29,horizontal_flip,layer4_pooled,cp_eq1_optimized,0.24199534952640533,0.15643171966075897,0.08556362986564636,35.357551305322296,1.0
30,horizontal_flip,layer4_pooled,cp_eq1_optimized,0.033173028379678726,0.024340737611055374,0.008832290768623352,26.6249154803353,1.0
31,horizontal_flip,layer4_pooled,cp_eq1_optimized,0.04798201844096184,0.15332764387130737,-0.10534562543034554,-219.55230073901467,0.0
32,horizontal_flip,layer4_pooled,cp_eq1_optimized,0.05552901327610016,0.13559862971305847,-0.08006961643695831,-144.19419995344768,0.0
33,horizontal_flip,layer4_pooled,cp_eq1_optimized,0.1365084946155548,0.18865394592285156,-0.05214545130729675,-38.19941861769891,0.0
2,original,concat,bp_eq2_uniform,0.36807820200920105,0.2736040949821472,0.09447410702705383,25.666857344743157,1.0
3,original,concat,bp_eq2_uniform,0.3697669804096222,0.27148789167404175,0.09827908873558044,26.57865465067827,1.0
4,original,concat,bp_eq2_uniform,0.3468739092350006,0.26816099882125854,0.07871291041374207,22.692081565635604,1.0
5,original,concat,bp_eq2_uniform,0.3666017949581146,0.2374713271856308,0.12913046777248383,35.223632166581496,1.0
6,original,concat,bp_eq2_uniform,0.31522175669670105,0.22579257190227509,0.08942918479442596,28.37024503996687,1.0
7,original,concat,bp_eq2_uniform,0.3775734603404999,0.2516399621963501,0.12593349814414978,33.35337659332519,1.0
8,original,concat,bp_eq2_uniform,0.22012899816036224,0.17873099446296692,0.041398003697395325,18.80624726554615,1.0
9,original,concat,bp_eq2_uniform,0.4007164537906647,0.28947916626930237,0.1112372875213623,27.759600702394756,1.0
10,original,concat,bp_eq2_uniform,0.3922095000743866,0.28033915162086487,0.11187034845352173,28.523110335680073,1.0
11,original,concat,bp_eq2_uniform,0.22995437681674957,0.17245298624038696,0.05750139057636261,25.00556474379931,1.0
12,original,concat,bp_eq2_uniform,0.3482382893562317,0.2553715407848358,0.09286674857139587,26.66758693962306,1.0
13,original,concat,bp_eq2_uniform,0.37265515327453613,0.29199251532554626,0.08066263794898987,21.64538373882328,1.0
14,original,concat,bp_eq2_uniform,0.3560638129711151,0.2746504843235016,0.08141332864761353,22.864814025341396,1.0
15,original,concat,bp_eq2_uniform,0.2574140429496765,0.16576506197452545,0.09164898097515106,35.60372228515601,1.0
16,original,concat,bp_eq2_uniform,0.3201572597026825,0.21802808344364166,0.10212917625904083,31.89969090613944,1.0
17,original,concat,bp_eq2_uniform,0.3703436851501465,0.2803885042667389,0.08995518088340759,24.28964890995634,1.0
18,original,concat,bp_eq2_uniform,0.3869210183620453,0.27412301301956177,0.11279800534248352,29.1527210953027,1.0
19,original,concat,bp_eq2_uniform,0.365817666053772,0.24007779359817505,0.12573987245559692,34.37227999720783,1.0
20,original,concat,bp_eq2_uniform,0.29191821813583374,0.2025122344493866,0.08940598368644714,30.627065435340178,1.0
21,original,concat,bp_eq2_uniform,0.3410373330116272,0.2570042908191681,0.0840330421924591,24.64042321998446,1.0
22,original,concat,bp_eq2_uniform,0.2614874243736267,0.18808752298355103,0.07339990139007568,28.07014584568221,1.0
23,original,concat,bp_eq2_uniform,0.36699947714805603,0.2711898386478424,0.09580963850021362,26.106205721187106,1.0
24,original,concat,bp_eq2_uniform,0.34272655844688416,0.23067699372768402,0.11204956471920013,32.69357508406769,1.0
25,original,concat,bp_eq2_uniform,0.26175451278686523,0.1557593047618866,0.10599520802497864,40.49412821809906,1.0
26,original,concat,bp_eq2_uniform,0.313417911529541,0.19504357874393463,0.11837433278560638,37.7688474176663,1.0
27,original,concat,bp_eq2_uniform,0.35557857155799866,0.24946847558021545,0.1061100959777832,29.8415327764421,1.0
28,original,concat,bp_eq2_uniform,0.3617590069770813,0.278134286403656,0.08362472057342529,23.11614056882129,1.0
29,original,concat,bp_eq2_uniform,0.42177844047546387,0.2726214826107025,0.14915695786476135,35.36381748110822,1.0
30,original,concat,bp_eq2_uniform,0.3596470057964325,0.2763054072856903,0.08334159851074219,23.173166234472557,1.0
31,original,concat,bp_eq2_uniform,0.3918401896953583,0.28211709856987,0.10972309112548828,28.002000307960763,1.0
32,original,concat,bp_eq2_uniform,0.30853763222694397,0.22781150043010712,0.08072613179683685,26.164112044911704,1.0
33,original,concat,bp_eq2_uniform,0.32849153876304626,0.22766488790512085,0.10082665085792542,30.693834988044753,1.0
2,original,concat,full_normalized_distance,0.8579955734258785,0.7397352161174257,0.11826035730845286,13.783329538183384,1.0
3,original,concat,full_normalized_distance,0.859961604270356,0.7368689051304061,0.1230926991399498,14.313743605360852,1.0
4,original,concat,full_normalized_distance,0.8329152528739051,0.7323400833236681,0.10057516955023704,12.075078371189626,1.0
5,original,concat,full_normalized_distance,0.8562730813918124,0.6891608334570832,0.16711224793472912,19.516232796073027,1.0
6,original,concat,full_normalized_distance,0.7940047313419499,0.6720008510445133,0.12200388029743658,15.365636435324987,1.0
7,original,concat,full_normalized_distance,0.868991899088248,0.70942224689722,0.15956965219102803,18.36261676987621,1.0
8,original,concat,full_normalized_distance,0.6635194016159018,0.5978812498531241,0.06563815176277776,9.892423884339626,1.0
9,original,concat,full_normalized_distance,0.8952278523266182,0.7608931150553307,0.13433473727128742,15.005647659644776,1.0
10,original,concat,full_normalized_distance,0.8856743194587801,0.7487845506163503,0.13688976884242976,15.455993905968294,1.0
11,original,concat,full_normalized_distance,0.6781657272625174,0.58728695922928,0.09087876803323747,13.40067248752669,1.0
12,original,concat,full_normalized_distance,0.8345517232098101,0.7146629146455492,0.11988880856426087,14.365653467589405,1.0
13,original,concat,full_normalized_distance,0.8633135621250672,0.7641891327747945,0.09912442935027266,11.481857079386158,1.0
14,original,concat,full_normalized_distance,0.8438765466241079,0.7411484120248812,0.1027281345992267,12.173360547827105,1.0
15,original,concat,full_normalized_distance,0.7175152164932483,0.5757865263698438,0.1417286901234045,19.752708634652432,1.0
16,original,concat,full_normalized_distance,0.8001965504832953,0.660345490548155,0.13985105993514035,17.477088579112177,1.0
17,original,concat,full_normalized_distance,0.8606319598413092,0.7488504580578673,0.11178150178344193,12.988304757346368,1.0
18,original,concat,full_normalized_distance,0.8796829182859529,0.7404363754159594,0.1392465428699935,15.829174350816622,1.0
19,original,concat,full_normalized_distance,0.8553568448943072,0.6929325993170982,0.16242424557720903,18.989062465162036,1.0
20,original,concat,full_normalized_distance,0.7640919030271603,0.6364153273600293,0.1276765756671311,16.709583645781102,1.0
21,original,concat,full_normalized_distance,0.8258781181404762,0.7169439180565912,0.10893420008388499,13.190106105368946,1.0
22,original,concat,full_normalized_distance,0.7231699998943909,0.6133311063097175,0.10983889358467336,15.188530165875513,1.0
23,original,concat,full_normalized_distance,0.8567373893417469,0.7364643082293159,0.12027308111243107,14.03850031626372,1.0
24,original,concat,full_normalized_distance,0.827920960535345,0.6792304376685191,0.14869052286682594,17.95950700058385,1.0
25,original,concat,full_normalized_distance,0.7235392356836846,0.5581385218059879,0.16540071387769673,22.85995088036631,1.0
26,original,concat,full_normalized_distance,0.7917296401291807,0.6245695777796652,0.16716006234951553,21.113275779599476,1.0
27,original,concat,full_normalized_distance,0.8433013358912681,0.7063546921769763,0.13694664371429177,16.23934860359177,1.0
28,original,concat,full_normalized_distance,0.8505986209453684,0.7458341456431933,0.10476447530217514,12.316558329898905,1.0
29,original,concat,full_normalized_distance,0.9184535268324292,0.7384056914876842,0.180047835344745,19.603369150913878,1.0
30,original,concat,full_normalized_distance,0.8481120277374121,0.7433779755759385,0.10473405216147358,12.349082283476031,1.0
31,original,concat,full_normalized_distance,0.8852572391066432,0.7511552417042299,0.13410199740241335,15.14836495859563,1.0
32,original,concat,full_normalized_distance,0.7855413830307656,0.6749985191540899,0.11054286387667567,14.07218846320227,1.0
33,original,concat,full_normalized_distance,0.8105449262848374,0.6747812799791068,0.13576364630573068,16.74967566916258,1.0
2,original,concat,cp_eq1_optimized,0.2209937572479248,0.11946144700050354,0.10153231024742126,45.943519632120854,1.0
3,original,concat,cp_eq1_optimized,0.20200616121292114,0.14617487788200378,0.05583128333091736,27.638406173063682,1.0
4,original,concat,cp_eq1_optimized,0.20723308622837067,0.14233006536960602,0.06490302085876465,31.31885069111425,1.0
5,original,concat,cp_eq1_optimized,0.2150956392288208,0.1422146111726761,0.07288102805614471,33.883080250768984,1.0
6,original,concat,cp_eq1_optimized,0.17193681001663208,0.13262349367141724,0.039313316345214844,22.864979489373606,1.0
7,original,concat,cp_eq1_optimized,0.2104921042919159,0.1344662606716156,0.07602584362030029,36.11814508467477,1.0
8,original,concat,cp_eq1_optimized,0.1452932059764862,0.10327089577913284,0.04202231019735336,28.922419265677775,1.0
9,original,concat,cp_eq1_optimized,0.2403329461812973,0.147991344332695,0.0923416018486023,38.42236502129814,1.0
10,original,concat,cp_eq1_optimized,0.17909973859786987,0.11049949377775192,0.06860024482011795,38.30281683088443,1.0
11,original,concat,cp_eq1_optimized,0.1848563253879547,0.11197783797979355,0.07287848740816116,39.424394731864396,1.0
12,original,concat,cp_eq1_optimized,0.24516960978507996,0.18646462261676788,0.05870498716831207,23.944642739177365,1.0
13,original,concat,cp_eq1_optimized,0.21013034880161285,0.156668022274971,0.053462326526641846,25.44245837466438,1.0
14,original,concat,cp_eq1_optimized,0.23982498049736023,0.15428608655929565,0.08553889393806458,35.66721605076892,1.0
15,original,concat,cp_eq1_optimized,0.21387024223804474,0.12769433856010437,0.08617590367794037,40.293545645130365,1.0
16,original,concat,cp_eq1_optimized,0.18419784307479858,0.10156499594449997,0.08263284713029861,44.8609200577309,1.0
17,original,concat,cp_eq1_optimized,0.19053751230239868,0.1427985280752182,0.04773898422718048,25.05490055478642,1.0
18,original,concat,cp_eq1_optimized,0.22767390310764313,0.16704723238945007,0.060626670718193054,26.628730781350363,1.0
19,original,concat,cp_eq1_optimized,0.22024379670619965,0.11982519179582596,0.10041860491037369,45.59429432824115,1.0
20,original,concat,cp_eq1_optimized,0.19965505599975586,0.11070968210697174,0.08894537389278412,44.54952239849482,1.0
21,original,concat,cp_eq1_optimized,0.2051050215959549,0.15469591319561005,0.05040910840034485,24.57721805534441,1.0
22,original,concat,cp_eq1_optimized,0.16596081852912903,0.11161971837282181,0.05434110015630722,32.743331008844095,1.0
23,original,concat,cp_eq1_optimized,0.19970335066318512,0.1360245943069458,0.06367875635623932,31.886673981409313,1.0
24,original,concat,cp_eq1_optimized,0.19020266830921173,0.11673872917890549,0.07346393913030624,38.62403181983229,1.0
25,original,concat,cp_eq1_optimized,0.1916240155696869,0.10858698189258575,0.08303703367710114,43.33331259644236,1.0
26,original,concat,cp_eq1_optimized,0.20807643234729767,0.12918828427791595,0.07888814806938171,37.91306260832625,1.0
27,original,concat,cp_eq1_optimized,0.18564924597740173,0.1392516791820526,0.04639756679534912,24.992057765075423,1.0
28,original,concat,cp_eq1_optimized,0.17647124826908112,0.11983292549848557,0.05663832277059555,32.094929528640954,1.0
29,original,concat,cp_eq1_optimized,0.2309136539697647,0.15769624710083008,0.07321740686893463,31.707699224318915,1.0
30,original,concat,cp_eq1_optimized,0.22654248774051666,0.15297815203666687,0.07356433570384979,32.4726440665674,1.0
31,original,concat,cp_eq1_optimized,0.19626294076442719,0.14925284683704376,0.04701009392738342,23.95260854853374,1.0
32,original,concat,cp_eq1_optimized,0.18503795564174652,0.14629383385181427,0.03874412178993225,20.938472680024454,1.0
33,original,concat,cp_eq1_optimized,0.1928861290216446,0.1407785415649414,0.052107587456703186,27.01468878074992,1.0
2,original,layer2_flat,bp_eq2_uniform,0.406542032957077,0.27434661984443665,0.13219541311264038,32.517034499670665,1.0
3,original,layer2_flat,bp_eq2_uniform,0.39327624440193176,0.255289763212204,0.13798648118972778,35.08640126464225,1.0
4,original,layer2_flat,bp_eq2_uniform,0.35186147689819336,0.24810823798179626,0.1037532389163971,29.48695601198818,1.0
5,original,layer2_flat,bp_eq2_uniform,0.3570059835910797,0.21011711657047272,0.146888867020607,41.14465128641776,1.0
6,original,layer2_flat,bp_eq2_uniform,0.3204067051410675,0.21525493264198303,0.10515177249908447,32.81821847406734,1.0
7,original,layer2_flat,bp_eq2_uniform,0.3914249837398529,0.2467690408229828,0.14465594291687012,36.95623655250405,1.0
8,original,layer2_flat,bp_eq2_uniform,0.18275943398475647,0.1581004559993744,0.02465897798538208,13.492588288112065,1.0
9,original,layer2_flat,bp_eq2_uniform,0.40216389298439026,0.2844755947589874,0.11768829822540283,29.2637654145839,1.0
10,original,layer2_flat,bp_eq2_uniform,0.43074581027030945,0.27906566858291626,0.1516801416873932,35.21337597964237,1.0
11,original,layer2_flat,bp_eq2_uniform,0.21965734660625458,0.16434043645858765,0.05531691014766693,25.183273403813388,1.0
12,original,layer2_flat,bp_eq2_uniform,0.3443000316619873,0.23607710003852844,0.10822293162345886,31.432739375810222,1.0
13,original,layer2_flat,bp_eq2_uniform,0.3928227126598358,0.2663504183292389,0.12647229433059692,32.19576930109778,1.0
14,original,layer2_flat,bp_eq2_uniform,0.3532083332538605,0.2682870626449585,0.08492127060890198,24.04282759309258,1.0
15,original,layer2_flat,bp_eq2_uniform,0.21772025525569916,0.13807815313339233,0.07964210212230682,36.58001504196577,1.0
16,original,layer2_flat,bp_eq2_uniform,0.32273438572883606,0.1918058693408966,0.13092851638793945,40.568505302543414,1.0
17,original,layer2_flat,bp_eq2_uniform,0.3917636573314667,0.26034271717071533,0.13142094016075134,33.54597541170649,1.0
18,original,layer2_flat,bp_eq2_uniform,0.412607342004776,0.2557244598865509,0.1568828821182251,38.022319563094186,1.0
19,original,layer2_flat,bp_eq2_uniform,0.34934449195861816,0.20099397003650665,0.1483505219221115,42.46539600208147,1.0
20,original,layer2_flat,bp_eq2_uniform,0.26704105734825134,0.172247052192688,0.09479400515556335,35.49791410224474,1.0
21,original,layer2_flat,bp_eq2_uniform,0.32673370838165283,0.22266459465026855,0.10406911373138428,31.851355113168847,1.0
22,original,layer2_flat,bp_eq2_uniform,0.24939650297164917,0.1549905687570572,0.09440593421459198,37.853752193528265,1.0
23,original,layer2_flat,bp_eq2_uniform,0.3696480989456177,0.2577197551727295,0.11192834377288818,30.279702260568694,1.0
24,original,layer2_flat,bp_eq2_uniform,0.32554587721824646,0.2006925344467163,0.12485334277153015,38.351996295577344,1.0
25,original,layer2_flat,bp_eq2_uniform,0.23877625167369843,0.1200350895524025,0.11874116212129593,49.72905022525662,1.0
26,original,layer2_flat,bp_eq2_uniform,0.2993052899837494,0.16584055125713348,0.1334647387266159,44.591506796761394,1.0
27,original,layer2_flat,bp_eq2_uniform,0.36289018392562866,0.24457377195358276,0.1183164119720459,32.60391633959651,1.0
28,original,layer2_flat,bp_eq2_uniform,0.38452884554862976,0.26197949051856995,0.12254935503005981,31.870003108581567,1.0
29,original,layer2_flat,bp_eq2_uniform,0.4521275460720062,0.26281002163887024,0.189317524433136,41.872592386256954,1.0
30,original,layer2_flat,bp_eq2_uniform,0.3561955690383911,0.25398820638656616,0.10220736265182495,28.694170151376028,1.0
31,original,layer2_flat,bp_eq2_uniform,0.4141958951950073,0.2809393107891083,0.13325658440589905,32.17235756110979,1.0
32,original,layer2_flat,bp_eq2_uniform,0.2956336438655853,0.19475063681602478,0.10088300704956055,34.124332308770455,1.0
33,original,layer2_flat,bp_eq2_uniform,0.3354765772819519,0.1933809071779251,0.1420956701040268,42.35636098796211,1.0
2,original,layer2_flat,full_normalized_distance,0.9017117421405546,0.7407383071563622,0.16097343498419237,17.851983894751374,1.0
3,original,layer2_flat,full_normalized_distance,0.8868779447048301,0.7145484773088583,0.17232946739597177,19.431024125098975,1.0
4,original,layer2_flat,full_normalized_distance,0.8388819665461803,0.704426345307721,0.13445562123845933,16.027954658731755,1.0
5,original,layer2_flat,full_normalized_distance,0.844992288238277,0.6482547594433422,0.19673752879493478,23.28276027286352,1.0
6,original,layer2_flat,full_normalized_distance,0.8005082199966063,0.656132505888838,0.14437571410776828,18.035506756969966,1.0
7,original,layer2_flat,full_normalized_distance,0.8847880918500801,0.7025226556104547,0.18226543623962543,20.59989707346816,1.0
8,original,layer2_flat,full_normalized_distance,0.6045815643645719,0.5623174477096978,0.04226411665487406,6.990639335690735,1.0
9,original,layer2_flat,full_normalized_distance,0.8968432337754355,0.7542885320074638,0.1425547017679717,15.895163881395534,1.0
10,original,layer2_flat,full_normalized_distance,0.9281657290272136,0.7470818811655336,0.18108384786167997,19.509861460977895,1.0
11,original,layer2_flat,full_normalized_distance,0.6628081873457126,0.573306962208881,0.08950122513683156,13.503337292062417,1.0
12,original,layer2_flat,full_normalized_distance,0.8298192955842704,0.6871347757733245,0.14268451981094588,17.194649554432292,1.0
13,original,layer2_flat,full_normalized_distance,0.8863664170757326,0.729863574004401,0.15650284307133155,17.65667562039223,1.0
14,original,layer2_flat,full_normalized_distance,0.840485970440745,0.7325122014614617,0.10797376897928335,12.846587899918685,1.0
15,original,layer2_flat,full_normalized_distance,0.6598791635681478,0.525505762353549,0.13437340121459884,20.36333447593668,1.0
16,original,layer2_flat,full_normalized_distance,0.8034107115651821,0.6193639791607138,0.18404673240446823,22.90817507843336,1.0
17,original,layer2_flat,full_normalized_distance,0.8851707827662034,0.7215853617843357,0.16358542098186768,18.480662056023828,1.0
18,original,layer2_flat,full_normalized_distance,0.9084132781997145,0.7151565701111203,0.1932567080885942,21.274095472423728,1.0
19,original,layer2_flat,full_normalized_distance,0.8358761773834904,0.634025188831653,0.20185098855183736,24.148431790871456,1.0
20,original,layer2_flat,full_normalized_distance,0.7308092190828621,0.5869362012905457,0.14387301779231643,19.686809366290525,1.0
21,original,layer2_flat,full_normalized_distance,0.8083733152221847,0.6673298954044672,0.1410434198177175,17.447807487160393,1.0
22,original,layer2_flat,full_normalized_distance,0.7062527918127463,0.5567594970129511,0.14949329479979512,21.167108510237174,1.0
23,original,layer2_flat,full_normalized_distance,0.8598233527249858,0.7179411607823157,0.14188219194267004,16.501318729346725,1.0
24,original,layer2_flat,full_normalized_distance,0.8069025681186626,0.6335495788755862,0.1733529892430764,21.48375728274648,1.0
25,original,layer2_flat,full_normalized_distance,0.6910517370988926,0.4899695695701979,0.20108216752869468,29.09799031438191,1.0
26,original,layer2_flat,full_normalized_distance,0.7736992826463643,0.5759176178189611,0.19778166482740323,25.56311854790072,1.0
27,original,layer2_flat,full_normalized_distance,0.8519274428325792,0.6993908377346428,0.15253660509793632,17.90488220341715,1.0
28,original,layer2_flat,full_normalized_distance,0.8769593440389695,0.7238501095096552,0.15310923452931424,17.459102929900013,1.0
29,original,layer2_flat,full_normalized_distance,0.9509232840476736,0.7249965815627963,0.22592670248487723,23.75866763120641,1.0
30,original,layer2_flat,full_normalized_distance,0.8440326641053545,0.7127246402174772,0.13130802388787732,15.557220647011775,1.0
31,original,layer2_flat,full_normalized_distance,0.9101603102695781,0.7495856332522767,0.16057467701730144,17.64246091653511,1.0
32,original,layer2_flat,full_normalized_distance,0.7689390663317677,0.6241003714404034,0.14483869489136425,18.836173272107306,1.0
33,original,layer2_flat,full_normalized_distance,0.8191173020782212,0.6219017722726398,0.19721552980558144,24.07659187578822,1.0
2,original,layer2_flat,cp_eq1_optimized,0.226861372590065,0.13717803359031677,0.08968333899974823,39.532220922161706,1.0
3,original,layer2_flat,cp_eq1_optimized,0.20306895673274994,0.1380847990512848,0.06498415768146515,32.001029958837044,1.0
4,original,layer2_flat,cp_eq1_optimized,0.19569966197013855,0.1281612664461136,0.06753839552402496,34.51124792130985,1.0
5,original,layer2_flat,cp_eq1_optimized,0.20164281129837036,0.1333703100681305,0.06827250123023987,33.85813795706242,1.0
6,original,layer2_flat,cp_eq1_optimized,0.1814606487751007,0.12459303438663483,0.05686761438846588,31.33881355104889,1.0
7,original,layer2_flat,cp_eq1_optimized,0.2094048410654068,0.1295081377029419,0.0798967033624649,38.15418161088641,1.0
8,original,layer2_flat,cp_eq1_optimized,0.14441624283790588,0.10318498313426971,0.04123125970363617,28.55029246926816,1.0
9,original,layer2_flat,cp_eq1_optimized,0.23709803819656372,0.15001952648162842,0.0870785117149353,36.72679553863557,1.0
10,original,layer2_flat,cp_eq1_optimized,0.20046107470989227,0.12321019172668457,0.0772508829832077,38.536600232548885,1.0
11,original,layer2_flat,cp_eq1_optimized,0.18394148349761963,0.1199849396944046,0.06395654380321503,34.77004892357247,1.0
12,original,layer2_flat,cp_eq1_optimized,0.24005226790905,0.16625282168388367,0.07379944622516632,30.74307394288802,1.0
13,original,layer2_flat,cp_eq1_optimized,0.20540542900562286,0.14450234174728394,0.06090308725833893,29.650183811049725,1.0
14,original,layer2_flat,cp_eq1_optimized,0.22067596018314362,0.14643803238868713,0.07423792779445648,33.64114864732364,1.0
15,original,layer2_flat,cp_eq1_optimized,0.18286418914794922,0.11227922886610031,0.07058496028184891,38.599662738971276,1.0
16,original,layer2_flat,cp_eq1_optimized,0.1743943840265274,0.09946919232606888,0.07492519170045853,42.963075971891335,1.0
17,original,layer2_flat,cp_eq1_optimized,0.19373971223831177,0.12730228900909424,0.06643742322921753,34.292103803247365,1.0
18,original,layer2_flat,cp_eq1_optimized,0.24041450023651123,0.15167376399040222,0.08874073624610901,36.91155739709539,1.0
19,original,layer2_flat,cp_eq1_optimized,0.19111023843288422,0.10132536292076111,0.08978487551212311,46.980672646266804,1.0
20,original,layer2_flat,cp_eq1_optimized,0.16869553923606873,0.09246625006198883,0.0762292891740799,45.187495483774754,1.0
21,original,layer2_flat,cp_eq1_optimized,0.1898772418498993,0.12728101015090942,0.06259623169898987,32.966684732098344,1.0
22,original,layer2_flat,cp_eq1_optimized,0.14633966982364655,0.09279043972492218,0.053549230098724365,36.592422384778125,1.0
23,original,layer2_flat,cp_eq1_optimized,0.20223504304885864,0.13826820254325867,0.06396684050559998,31.629948767004596,1.0
24,original,layer2_flat,cp_eq1_optimized,0.1705068200826645,0.09957477450370789,0.0709320455789566,41.60070872481909,1.0
25,original,layer2_flat,cp_eq1_optimized,0.15435919165611267,0.08257181197404861,0.07178737968206406,46.50670874302689,1.0
26,original,layer2_flat,cp_eq1_optimized,0.1779109090566635,0.10692072659730911,0.0709901824593544,39.9020964118313,1.0
27,original,layer2_flat,cp_eq1_optimized,0.204746276140213,0.1472288966178894,0.05751737952232361,28.09202716959502,1.0
28,original,layer2_flat,cp_eq1_optimized,0.20572547614574432,0.13323061168193817,0.07249486446380615,35.23864220496223,1.0
29,original,layer2_flat,cp_eq1_optimized,0.2264949083328247,0.14721819758415222,0.07927671074867249,35.00154212377644,1.0
30,original,layer2_flat,cp_eq1_optimized,0.20729319751262665,0.1365058720111847,0.07078732550144196,34.14840735272496,1.0
31,original,layer2_flat,cp_eq1_optimized,0.20922690629959106,0.1552858203649521,0.05394108593463898,25.78114205691268,1.0
32,original,layer2_flat,cp_eq1_optimized,0.16689695417881012,0.12184099107980728,0.04505596309900284,26.99627642722635,1.0
33,original,layer2_flat,cp_eq1_optimized,0.17675292491912842,0.11050613224506378,0.06624679267406464,37.47988481887947,1.0
2,original,layer3_flat,bp_eq2_uniform,0.3380106985569,0.27293694019317627,0.06507375836372375,19.251981857780414,1.0
3,original,layer3_flat,bp_eq2_uniform,0.3498307168483734,0.2850528955459595,0.06477782130241394,18.5169049435717,1.0
4,original,layer3_flat,bp_eq2_uniform,0.34225577116012573,0.28632229566574097,0.055933475494384766,16.342595277393478,1.0
5,original,layer3_flat,bp_eq2_uniform,0.3768450915813446,0.26686111092567444,0.10998398065567017,29.185461907930282,1.0
6,original,layer3_flat,bp_eq2_uniform,0.3091367483139038,0.2380870282649994,0.07104972004890442,22.98326563768124,1.0
7,original,layer3_flat,bp_eq2_uniform,0.3635774850845337,0.2564679682254791,0.10710951685905457,29.4598871637655,1.0
8,original,layer3_flat,bp_eq2_uniform,0.29700183868408203,0.22116689383983612,0.07583494484424591,25.533493388455238,1.0
9,original,layer3_flat,bp_eq2_uniform,0.3992100656032562,0.29441800713539124,0.10479205846786499,26.24985377291242,1.0
10,original,layer3_flat,bp_eq2_uniform,0.3640291094779968,0.28114569187164307,0.08288341760635376,22.76834886225928,1.0
11,original,layer3_flat,bp_eq2_uniform,0.24838578701019287,0.18697954714298248,0.06140623986721039,24.722123035342303,1.0
12,original,layer3_flat,bp_eq2_uniform,0.35282373428344727,0.27791765332221985,0.07490608096122742,21.23045410001754,1.0
13,original,layer3_flat,bp_eq2_uniform,0.35726916790008545,0.3113991320133209,0.045870035886764526,12.839069253091617,1.0
14,original,layer3_flat,bp_eq2_uniform,0.359097957611084,0.2815071642398834,0.07759079337120056,21.607138588913422,1.0
15,original,layer3_flat,bp_eq2_uniform,0.3125126361846924,0.2042078673839569,0.10830476880073547,34.65612466830996,1.0
16,original,layer3_flat,bp_eq2_uniform,0.3173601031303406,0.2455081045627594,0.07185199856758118,22.640526600107947,1.0
17,original,layer3_flat,bp_eq2_uniform,0.35271069407463074,0.2966776192188263,0.05603307485580444,15.886412234438641,1.0
18,original,layer3_flat,bp_eq2_uniform,0.36549195647239685,0.28924059867858887,0.07625135779380798,20.862663717568875,1.0
19,original,layer3_flat,bp_eq2_uniform,0.3857102394104004,0.2874760329723358,0.09823420643806458,25.468394769081435,1.0
20,original,layer3_flat,bp_eq2_uniform,0.3200596868991852,0.23678231239318848,0.0832773745059967,26.019326367699612,1.0
21,original,layer3_flat,bp_eq2_uniform,0.35334086418151855,0.28663578629493713,0.06670507788658142,18.878393259412206,1.0
22,original,layer3_flat,bp_eq2_uniform,0.27986809611320496,0.23856720328330994,0.04130089282989502,14.75727080125685,1.0
23,original,layer3_flat,bp_eq2_uniform,0.3643566071987152,0.284135639667511,0.08022096753120422,22.017157352448564,1.0
24,original,layer3_flat,bp_eq2_uniform,0.35885483026504517,0.2589079737663269,0.09994685649871826,27.851612426289595,1.0
25,original,layer3_flat,bp_eq2_uniform,0.28987669944763184,0.19953523576259613,0.0903414636850357,31.1654796183592,1.0
26,original,layer3_flat,bp_eq2_uniform,0.3312932252883911,0.23208247125148773,0.09921075403690338,29.94650855001362,1.0
27,original,layer3_flat,bp_eq2_uniform,0.3472667336463928,0.25493964552879333,0.09232708811759949,26.586793139634974,1.0
28,original,layer3_flat,bp_eq2_uniform,0.34479084610939026,0.2899772822856903,0.05481356382369995,15.897627341925,1.0
29,original,layer3_flat,bp_eq2_uniform,0.38991183042526245,0.2827942967414856,0.10711753368377686,27.472245088504494,1.0
30,original,layer3_flat,bp_eq2_uniform,0.36274775862693787,0.29665708541870117,0.0660906732082367,18.219457360183004,1.0
31,original,layer3_flat,bp_eq2_uniform,0.3715507686138153,0.28309690952301025,0.08845385909080505,23.806668310920575,1.0
32,original,layer3_flat,bp_eq2_uniform,0.323005735874176,0.2650032043457031,0.0580025315284729,17.957121216846655,1.0
33,original,layer3_flat,bp_eq2_uniform,0.3219304382801056,0.2593335807323456,0.06259685754776001,19.444218410034665,1.0
2,original,layer3_flat,full_normalized_distance,0.8222052037744593,0.7388327824253283,0.08337242134913092,10.140098963895584,1.0
3,original,layer3_flat,full_normalized_distance,0.8364576699969621,0.755053502138702,0.0814041678582601,9.732012841541453,1.0
4,original,layer3_flat,full_normalized_distance,0.8273521271624624,0.7567328401301756,0.07061928703228681,8.535578106797368,1.0
5,original,layer3_flat,full_normalized_distance,0.8681533177743948,0.7305629485892019,0.13759036918519285,15.848625624994698,1.0
6,original,layer3_flat,full_normalized_distance,0.78630369236562,0.6900536620654939,0.09625003030012613,12.240821356241176,1.0
7,original,layer3_flat,full_normalized_distance,0.8527338214056408,0.7161954596693267,0.13653836173631406,16.011838431725977,1.0
8,original,layer3_flat,full_normalized_distance,0.7707163404055762,0.6650817902180696,0.10563455018750667,13.70602187203936,1.0
9,original,layer3_flat,full_normalized_distance,0.893543581033691,0.7673565105417315,0.12618707049195954,14.122094676774411,1.0
10,original,layer3_flat,full_normalized_distance,0.8532632764604332,0.7498609095980975,0.10340236686233573,12.118459766738763,1.0
11,original,layer3_flat,full_normalized_distance,0.7048202423457954,0.6115219491448897,0.09329829320090577,13.23717560810347,1.0
12,original,layer3_flat,full_normalized_distance,0.8400282546241492,0.7455436316168489,0.09448462300730032,11.247791069773333,1.0
13,original,layer3_flat,full_normalized_distance,0.8453036944200415,0.789175686413768,0.05612800800627349,6.639981390914922,1.0
14,original,layer3_flat,full_normalized_distance,0.8474644035133087,0.7503428073086107,0.09712159620469796,11.460256714258342,1.0
15,original,layer3_flat,full_normalized_distance,0.7905853985303453,0.6390741230623517,0.1515112754679936,19.164441406260863,1.0
16,original,layer3_flat,full_normalized_distance,0.7966932949766059,0.7007254877093588,0.09596780726724707,12.045765650625267,1.0
17,original,layer3_flat,full_normalized_distance,0.8398936766932238,0.7702955526534296,0.06959812403979415,8.286539828913655,1.0
18,original,layer3_flat,full_normalized_distance,0.854975972144711,0.7605795141582357,0.09439645798647534,11.04083167969867,1.0
19,original,layer3_flat,full_normalized_distance,0.8783054587219646,0.7582559369663199,0.12004952175564476,13.668311014506722,1.0
20,original,layer3_flat,full_normalized_distance,0.8000746051452766,0.6881603191018623,0.11191428604341436,13.987981286189331,1.0
21,original,layer3_flat,full_normalized_distance,0.8406436393401411,0.7571469953647536,0.08349664397538747,9.932466037669471,1.0
22,original,layer3_flat,full_normalized_distance,0.7481551926080644,0.690749163276091,0.05740602933197336,7.673010880507234,1.0
23,original,layer3_flat,full_normalized_distance,0.8536470080761898,0.7538377009244245,0.09980930715176528,11.692105309029582,1.0
24,original,layer3_flat,full_normalized_distance,0.8471774669631448,0.7195942937048999,0.12758317325824486,15.0597930461298,1.0
25,original,layer3_flat,full_normalized_distance,0.7614153918166244,0.6317202478353787,0.1296951439812457,17.033428188474357,1.0
26,original,layer3_flat,full_normalized_distance,0.8139941342397882,0.6812965158453222,0.13269761839446592,16.30203619565796,1.0
27,original,layer3_flat,full_normalized_distance,0.8333867453306332,0.7140583246889477,0.11932842064168547,14.318492741830276,1.0
28,original,layer3_flat,full_normalized_distance,0.8304105564230145,0.7615474801818863,0.0688630762411282,8.292654242941264,1.0
29,original,layer3_flat,full_normalized_distance,0.8830762486051388,0.7520562435635856,0.1310200050415532,14.836771484722549,1.0
30,original,layer3_flat,full_normalized_distance,0.851760246345106,0.7702688951511688,0.08149135119393724,9.567404858763963,1.0
31,original,layer3_flat,full_normalized_distance,0.862033373615912,0.7524585164951092,0.10957485712080284,12.711208228638483,1.0
32,original,layer3_flat,full_normalized_distance,0.8037483883332843,0.728015390422075,0.07573299791120935,9.422475865632654,1.0
33,original,layer3_flat,full_normalized_distance,0.802409419536069,0.7201855048976556,0.08222391463841339,10.24712729392565,1.0
2,original,layer3_flat,cp_eq1_optimized,0.212022066116333,0.10056469589471817,0.11145737022161484,52.56875959313326,1.0
3,original,layer3_flat,cp_eq1_optimized,0.19826261699199677,0.1508796364068985,0.04738298058509827,23.899099741416194,1.0
4,original,layer3_flat,cp_eq1_optimized,0.21305258572101593,0.154192715883255,0.058859869837760925,27.62692113700012,1.0
5,original,layer3_flat,cp_eq1_optimized,0.22013132274150848,0.14532697200775146,0.07480435073375702,33.981693201042994,1.0
6,original,layer3_flat,cp_eq1_optimized,0.14923980832099915,0.13115942478179932,0.01808038353919983,12.114987108660495,1.0
7,original,layer3_flat,cp_eq1_optimized,0.19270962476730347,0.1361275315284729,0.056582093238830566,29.36132188875347,1.0
8,original,layer3_flat,cp_eq1_optimized,0.1350076049566269,0.09643954783678055,0.038568057119846344,28.56732191638479,1.0
9,original,layer3_flat,cp_eq1_optimized,0.22926819324493408,0.13783018290996552,0.09143801033496857,39.88255372034261,1.0
10,original,layer3_flat,cp_eq1_optimized,0.15968380868434906,0.09809385985136032,0.06158994883298874,38.569939770380486,1.0
11,original,layer3_flat,cp_eq1_optimized,0.17868195474147797,0.09382645785808563,0.08485549688339233,47.489684677833715,1.0
12,original,layer3_flat,cp_eq1_optimized,0.24105636775493622,0.20615585148334503,0.034900516271591187,14.478155709592007,1.0
13,original,layer3_flat,cp_eq1_optimized,0.2107321172952652,0.16435140371322632,0.04638071358203888,22.00932357967671,1.0
14,original,layer3_flat,cp_eq1_optimized,0.2546057105064392,0.1613081693649292,0.09329754114151001,36.64393110255239,1.0
15,original,layer3_flat,cp_eq1_optimized,0.24671585857868195,0.1412782371044159,0.10543762147426605,42.73645888888525,1.0
16,original,layer3_flat,cp_eq1_optimized,0.1907408982515335,0.10027191787958145,0.09046898037195206,47.4303000566636,1.0
17,original,layer3_flat,cp_eq1_optimized,0.18740735948085785,0.15507419407367706,0.032333165407180786,17.252879234078762,1.0
18,original,layer3_flat,cp_eq1_optimized,0.21000833809375763,0.17704476416110992,0.032963573932647705,15.696316742325843,1.0
19,original,layer3_flat,cp_eq1_optimized,0.24714528024196625,0.13218402862548828,0.11496125161647797,46.51565731033205,1.0
20,original,layer3_flat,cp_eq1_optimized,0.2311115264892578,0.1287478357553482,0.1023636907339096,44.29190196111859,1.0
21,original,layer3_flat,cp_eq1_optimized,0.21347467601299286,0.176893413066864,0.036581262946128845,17.136113579922245,1.0
22,original,layer3_flat,cp_eq1_optimized,0.17544041574001312,0.13221977651119232,0.0432206392288208,24.635508897005543,1.0
23,original,layer3_flat,cp_eq1_optimized,0.1912917196750641,0.12906262278556824,0.06222909688949585,32.53099349771931,1.0
24,original,layer3_flat,cp_eq1_optimized,0.2069377303123474,0.13248750567436218,0.07445022463798523,35.977114722023806,1.0
25,original,layer3_flat,cp_eq1_optimized,0.22394703328609467,0.13695724308490753,0.08698979020118713,38.843912743272796,1.0
26,original,layer3_flat,cp_eq1_optimized,0.218660369515419,0.14227667450904846,0.07638369500637054,34.93257382455624,1.0
27,original,layer3_flat,cp_eq1_optimized,0.15724852681159973,0.12375907599925995,0.03348945081233978,21.297147573440032,1.0
28,original,layer3_flat,cp_eq1_optimized,0.14757725596427917,0.10459316521883011,0.042984090745449066,29.126500871897242,1.0
29,original,layer3_flat,cp_eq1_optimized,0.2289896160364151,0.16306756436824799,0.06592205166816711,28.788227522682064,1.0
30,original,layer3_flat,cp_eq1_optimized,0.24090106785297394,0.16690093278884888,0.07400013506412506,30.718060207595855,1.0
31,original,layer3_flat,cp_eq1_optimized,0.17844003438949585,0.1399735063314438,0.03846652805805206,21.557117599446553,1.0
32,original,layer3_flat,cp_eq1_optimized,0.1984511911869049,0.16932235658168793,0.02912883460521698,14.678085039880731,1.0
33,original,layer3_flat,cp_eq1_optimized,0.20304879546165466,0.16595178842544556,0.037097007036209106,18.26999611186174,1.0
2,original,layer4_pooled,bp_eq2_uniform,0.4619673192501068,0.3807946443557739,0.08117267489433289,17.571085986325084,1.0
3,original,layer4_pooled,bp_eq2_uniform,0.44627103209495544,0.3952094614505768,0.05106157064437866,11.441829509874978,1.0
4,original,layer4_pooled,bp_eq2_uniform,0.4701465666294098,0.3957670032978058,0.074379563331604,15.820505478683001,1.0
5,original,layer4_pooled,bp_eq2_uniform,0.5475494265556335,0.36905980110168457,0.17848962545394897,32.597901996978464,1.0
6,original,layer4_pooled,bp_eq2_uniform,0.39611345529556274,0.30292007327079773,0.09319338202476501,23.526941783634406,1.0
7,original,layer4_pooled,bp_eq2_uniform,0.497337281703949,0.3668133318424225,0.1305239498615265,26.24455367875705,1.0
8,original,layer4_pooled,bp_eq2_uniform,0.40012118220329285,0.2860438823699951,0.11407729983329773,28.51068748843505,1.0
9,original,layer4_pooled,bp_eq2_uniform,0.5091473460197449,0.37752822041511536,0.13161912560462952,25.850891030524352,1.0
10,original,layer4_pooled,bp_eq2_uniform,0.44055426120758057,0.3574838936328888,0.08307036757469177,18.855876537614986,1.0
11,original,layer4_pooled,bp_eq2_uniform,0.38778334856033325,0.27428022027015686,0.11350312829017639,29.26972721012138,1.0
12,original,layer4_pooled,bp_eq2_uniform,0.39134934544563293,0.28648945689201355,0.10485988855361938,26.794445876470437,1.0
13,original,layer4_pooled,bp_eq2_uniform,0.44259247183799744,0.39567050337791443,0.04692196846008301,10.601619197253742,1.0
14,original,layer4_pooled,bp_eq2_uniform,0.45839494466781616,0.3608752489089966,0.09751969575881958,21.274164755302042,1.0
15,original,layer4_pooled,bp_eq2_uniform,0.404666543006897,0.24403609335422516,0.16063044965267181,39.69452192877165,1.0
16,original,layer4_pooled,bp_eq2_uniform,0.48896610736846924,0.3647569715976715,0.12420913577079773,25.402401904503307,1.0
17,original,layer4_pooled,bp_eq2_uniform,0.4659968316555023,0.40688908100128174,0.05910775065422058,12.684152903809945,1.0
18,original,layer4_pooled,bp_eq2_uniform,0.4461882412433624,0.3986942172050476,0.04749402403831482,10.64439168227742,1.0
19,original,layer4_pooled,bp_eq2_uniform,0.6408292651176453,0.48878878355026245,0.1520404815673828,23.725583371919434,1.0
20,original,layer4_pooled,bp_eq2_uniform,0.4881580173969269,0.3633553385734558,0.12480267882347107,25.56604098990695,1.0
21,original,layer4_pooled,bp_eq2_uniform,0.4186333119869232,0.3523333668708801,0.06629994511604309,15.837235885794898,1.0
22,original,layer4_pooled,bp_eq2_uniform,0.5785980224609375,0.49571457505226135,0.08288344740867615,14.324875680702583,1.0
23,original,layer4_pooled,bp_eq2_uniform,0.4785560071468353,0.3972877264022827,0.08126828074455261,16.981979022456873,1.0
24,original,layer4_pooled,bp_eq2_uniform,0.4503525197505951,0.3273699879646301,0.12298253178596497,27.308058996494463,1.0
25,original,layer4_pooled,bp_eq2_uniform,0.39216795563697815,0.25951477885246277,0.13265317678451538,33.82560325937784,1.0
26,original,layer4_pooled,bp_eq2_uniform,0.41706469655036926,0.28491225838661194,0.13215243816375732,31.686316117499604,1.0
27,original,layer4_pooled,bp_eq2_uniform,0.46301528811454773,0.36641350388526917,0.09660178422927856,20.863627337758903,1.0
28,original,layer4_pooled,bp_eq2_uniform,0.4232008457183838,0.3785654604434967,0.044635385274887085,10.547092645576596,1.0
29,original,layer4_pooled,bp_eq2_uniform,0.5573256611824036,0.4175250828266144,0.13980057835578918,25.084181133691583,1.0
30,original,layer4_pooled,bp_eq2_uniform,0.4762836992740631,0.4003222584724426,0.07596144080162048,15.948780299900895,1.0
31,original,layer4_pooled,bp_eq2_uniform,0.42923685908317566,0.3727943003177643,0.05644255876541138,13.14951350772574,1.0
32,original,layer4_pooled,bp_eq2_uniform,0.4358447194099426,0.3801313638687134,0.05571335554122925,12.782845141849497,1.0
33,original,layer4_pooled,bp_eq2_uniform,0.4346647560596466,0.3807139992713928,0.053950756788253784,12.412038481612322,1.0
2,original,layer4_pooled,full_normalized_distance,0.961215188446486,0.8726908322605136,0.08852435618597243,9.209629357704305,1.0
3,original,layer4_pooled,full_normalized_distance,0.9447444438523631,0.8890550730416837,0.05568937081067937,5.894649200956096,1.0
4,original,layer4_pooled,full_normalized_distance,0.9696871316351576,0.8896819693551239,0.08000516228003374,8.250616066755537,1.0
5,original,layer4_pooled,full_normalized_distance,1.046469709600458,0.8591388724783492,0.18733083712210885,17.90121925205582,1.0
6,original,layer4_pooled,full_normalized_distance,0.8900712952292785,0.7783573385930111,0.11171395663626738,12.551124526194819,1.0
7,original,layer4_pooled,full_normalized_distance,0.9973337271986233,0.8565200894811779,0.14081363771744548,14.11900890114595,1.0
8,original,layer4_pooled,full_normalized_distance,0.894562666562039,0.7563648357373511,0.13819783082468784,15.448647254155132,1.0
9,original,layer4_pooled,full_normalized_distance,1.0091058874268297,0.8689398372903793,0.14016605013645045,13.890123116190319,1.0
10,original,layer4_pooled,full_normalized_distance,0.9386738104449069,0.84555767826079,0.09311613218411696,9.919966994698951,1.0
11,original,layer4_pooled,full_normalized_distance,0.8806626466023562,0.7406486620120999,0.14001398459025627,15.898708220483606,1.0
12,original,layer4_pooled,full_normalized_distance,0.8847026002512177,0.7569537064999596,0.12774889375125809,14.439755655158974,1.0
13,original,layer4_pooled,full_normalized_distance,0.9408426774312456,0.889573497107366,0.051269180323879615,5.4492830261275795,1.0
14,original,layer4_pooled,full_normalized_distance,0.9574914565340165,0.8495590019639561,0.1079324545700604,11.272419595329643,1.0
15,original,layer4_pooled,full_normalized_distance,0.8996294159340245,0.6986216334386234,0.20100778249540108,22.34339817428989,1.0
16,original,layer4_pooled,full_normalized_distance,0.988904552895242,0.8541158839380889,0.13478866895715313,13.63009893749528,1.0
17,original,layer4_pooled,full_normalized_distance,0.965398188993021,0.9020965369640677,0.06330165202895333,6.557051043871947,1.0
18,original,layer4_pooled,full_normalized_distance,0.9446568067222746,0.8929660880515538,0.05169071867072084,5.471904537481726,1.0
19,original,layer4_pooled,full_normalized_distance,1.1321035863538682,0.988725223254937,0.14337836309893126,12.664774215633303,1.0
20,original,layer4_pooled,full_normalized_distance,0.9880870583070369,0.8524732706348696,0.13561378767216736,13.724882492073856,1.0
21,original,layer4_pooled,full_normalized_distance,0.9150227450582015,0.8394443005594595,0.07557844449874196,8.25973396911047,1.0
22,original,layer4_pooled,full_normalized_distance,1.0757304703883195,0.9957053530560749,0.0800251173322446,7.4391420095484095,1.0
23,original,layer4_pooled,full_normalized_distance,0.9783210180169241,0.8913896189683641,0.08693139904855995,8.88577444903338,1.0
24,original,layer4_pooled,full_normalized_distance,0.9490548137495485,0.8091600434581901,0.13989477029135833,14.740431033536547,1.0
25,original,layer4_pooled,full_normalized_distance,0.885627411089989,0.720437060196743,0.16519035089324596,18.65235299004023,1.0
26,original,layer4_pooled,full_normalized_distance,0.9133068449873452,0.7548672179749388,0.15843962701240633,17.34790753861351,1.0
27,original,layer4_pooled,full_normalized_distance,0.9623048250056192,0.8560531570939612,0.10625166791165797,11.041373289479985,1.0
28,original,layer4_pooled,full_normalized_distance,0.9200009192586536,0.8701327030327003,0.04986821622595328,5.4204528693388045,1.0
29,original,layer4_pooled,full_normalized_distance,1.0557704875420637,0.913810793136757,0.14195969440530676,13.4460752673309,1.0
30,original,layer4_pooled,full_normalized_distance,0.9759955935085599,0.8947874143867275,0.08120817912183242,8.320547721923397,1.0
31,original,layer4_pooled,full_normalized_distance,0.9265385680943623,0.8634747249546616,0.0630638431397007,6.806391585979827,1.0
32,original,layer4_pooled,full_normalized_distance,0.9336431003439619,0.8719304603793967,0.06171263996456522,6.60987479495791,1.0
33,original,layer4_pooled,full_normalized_distance,0.932378416802584,0.8725984176829487,0.059779999119635385,6.411559731785244,1.0
2,original,layer4_pooled,cp_eq1_optimized,0.14914430677890778,0.017588656395673752,0.13155565038323402,88.206954206687,1.0
3,original,layer4_pooled,cp_eq1_optimized,0.09371275454759598,0.1209779754281044,-0.027265220880508423,-29.094461060121418,0.0
4,original,layer4_pooled,cp_eq1_optimized,0.08231807500123978,0.04283510148525238,0.039482973515987396,47.96391742021799,1.0
5,original,layer4_pooled,cp_eq1_optimized,0.04218021780252457,0.014688807539641857,0.02749141026288271,65.17607469676351,1.0
6,original,layer4_pooled,cp_eq1_optimized,0.0565253421664238,0.07262735813856125,-0.01610201597213745,-28.48636621153835,0.0
7,original,layer4_pooled,cp_eq1_optimized,0.026551377028226852,0.024605311453342438,0.0019460655748844147,7.329433696573447,1.0
8,original,layer4_pooled,cp_eq1_optimized,0.06214802339673042,0.03545065596699715,0.026697367429733276,42.95770962638248,1.0
9,original,layer4_pooled,cp_eq1_optimized,0.036753762513399124,0.023178910836577415,0.013574851676821709,36.934590496696636,1.0
10,original,layer4_pooled,cp_eq1_optimized,0.13635551929473877,0.047617342323064804,0.08873817697167397,65.07853692318204,1.0
11,original,layer4_pooled,cp_eq1_optimized,0.054739054292440414,0.046104129403829575,0.00863492488861084,15.774706012130713,1.0
12,original,layer4_pooled,cp_eq1_optimized,0.1016867607831955,0.06697752326726913,0.03470923751592636,34.133487238902184,1.0
13,original,layer4_pooled,cp_eq1_optimized,0.08056575804948807,0.05213966593146324,0.028426092118024826,35.283093966807925,1.0
14,original,layer4_pooled,cp_eq1_optimized,0.06629364937543869,0.03433220833539963,0.03196144104003906,48.21191975501415,1.0
15,original,layer4_pooled,cp_eq1_optimized,0.12046586722135544,0.053615037351846695,0.06685082986950874,55.4935862007416,1.0
16,original,layer4_pooled,cp_eq1_optimized,0.07571399211883545,0.03424292057752609,0.04147107154130936,54.77332574892035,1.0
17,original,layer4_pooled,cp_eq1_optimized,0.18513579666614532,0.10892245173454285,0.07621334493160248,41.16618520221999,1.0
18,original,layer4_pooled,cp_eq1_optimized,0.1857205629348755,0.17013128101825714,0.015589281916618347,8.393945005433201,1.0
19,original,layer4_pooled,cp_eq1_optimized,0.1734587848186493,0.03969084843993187,0.13376793637871742,77.11799463936073,1.0
20,original,layer4_pooled,cp_eq1_optimized,0.09716913849115372,0.11401926726102829,-0.016850128769874573,-17.341029293200123,0.0
21,original,layer4_pooled,cp_eq1_optimized,0.11932160705327988,0.0658712387084961,0.05345036834478378,44.79521325963117,1.0
22,original,layer4_pooled,cp_eq1_optimized,0.03814911097288132,0.05919027701020241,-0.02104116603732109,-55.15506259563131,0.0
23,original,layer4_pooled,cp_eq1_optimized,0.11152356117963791,0.05880238115787506,0.05272118002176285,47.273580097006445,1.0
24,original,layer4_pooled,cp_eq1_optimized,0.1179855689406395,0.06927095353603363,0.048714615404605865,41.288621855696704,1.0
25,original,layer4_pooled,cp_eq1_optimized,0.16681548953056335,0.11115965992212296,0.0556558296084404,33.36370607113777,1.0
26,original,layer4_pooled,cp_eq1_optimized,0.07488512992858887,0.0615202933549881,0.013364836573600769,17.84711675891746,1.0
27,original,layer4_pooled,cp_eq1_optimized,0.0245150625705719,0.016972621902823448,0.007542440667748451,30.766556869794815,1.0
28,original,layer4_pooled,cp_eq1_optimized,0.07833594083786011,0.038160290569067,0.040175650268793106,51.28635698834062,1.0
29,original,layer4_pooled,cp_eq1_optimized,0.23609453439712524,0.15033188462257385,0.08576264977455139,36.325554927896036,1.0
30,original,layer4_pooled,cp_eq1_optimized,0.042507242411375046,0.023810673505067825,0.01869656890630722,43.984431464469985,1.0
31,original,layer4_pooled,cp_eq1_optimized,0.032338984310626984,0.1279226690530777,-0.09558368474245071,-295.5679863701999,0.0
32,original,layer4_pooled,cp_eq1_optimized,0.07032116502523422,0.16024655103683472,-0.0899253860116005,-127.87812314834753,0.0
33,original,layer4_pooled,cp_eq1_optimized,0.13499754667282104,0.18486550450325012,-0.04986795783042908,-36.93989932344419,0.0
2,rotate_+10,concat,bp_eq2_uniform,0.3707432448863983,0.2949388325214386,0.07580441236495972,20.446606488537086,1.0
3,rotate_+10,concat,bp_eq2_uniform,0.35966384410858154,0.2729424238204956,0.08672142028808594,24.11179819944978,1.0
4,rotate_+10,concat,bp_eq2_uniform,0.3626236915588379,0.29558566212654114,0.06703802943229675,18.486941419610627,1.0
5,rotate_+10,concat,bp_eq2_uniform,0.3937014639377594,0.27452003955841064,0.11918142437934875,30.272029772763947,1.0
6,rotate_+10,concat,bp_eq2_uniform,0.31866899132728577,0.25130659341812134,0.06736239790916443,21.13867358991612,1.0
7,rotate_+10,concat,bp_eq2_uniform,0.39972159266471863,0.29351842403411865,0.10620316863059998,26.569284867084015,1.0
8,rotate_+10,concat,bp_eq2_uniform,0.24241307377815247,0.20153021812438965,0.04088285565376282,16.864954936798767,1.0
9,rotate_+10,concat,bp_eq2_uniform,0.40149545669555664,0.3061549961566925,0.09534046053886414,23.746336091399616,1.0
10,rotate_+10,concat,bp_eq2_uniform,0.3841821253299713,0.2819654941558838,0.10221663117408752,26.606295408988206,1.0
11,rotate_+10,concat,bp_eq2_uniform,0.26739946007728577,0.2095385193824768,0.05786094069480896,21.638390996701784,1.0
12,rotate_+10,concat,bp_eq2_uniform,0.36014071106910706,0.2837165892124176,0.07642412185668945,21.22062835651266,1.0
13,rotate_+10,concat,bp_eq2_uniform,0.38409101963043213,0.317867249250412,0.06622377038002014,17.241686734453584,1.0
14,rotate_+10,concat,bp_eq2_uniform,0.3754090964794159,0.31254565715789795,0.06286343932151794,16.74531595288538,1.0
15,rotate_+10,concat,bp_eq2_uniform,0.2820887863636017,0.21565811336040497,0.06643067300319672,23.549561774261605,1.0
16,rotate_+10,concat,bp_eq2_uniform,0.314904123544693,0.22220627963542938,0.09269784390926361,29.436846639390875,1.0
17,rotate_+10,concat,bp_eq2_uniform,0.36873918771743774,0.29443490505218506,0.07430428266525269,20.15090479669604,1.0
18,rotate_+10,concat,bp_eq2_uniform,0.394648015499115,0.30123767256736755,0.09341034293174744,23.66927977919104,1.0
19,rotate_+10,concat,bp_eq2_uniform,0.34346815943717957,0.23349972069263458,0.10996843874454498,32.017069333129285,1.0
20,rotate_+10,concat,bp_eq2_uniform,0.29325342178344727,0.2169443666934967,0.07630905508995056,26.021539535876485,1.0
21,rotate_+10,concat,bp_eq2_uniform,0.3515763282775879,0.2746050953865051,0.07697123289108276,21.893178436658292,1.0
22,rotate_+10,concat,bp_eq2_uniform,0.3095330595970154,0.25144582986831665,0.05808722972869873,18.766082629149693,1.0
23,rotate_+10,concat,bp_eq2_uniform,0.3742513954639435,0.29450130462646484,0.07975009083747864,21.30923005334496,1.0
24,rotate_+10,concat,bp_eq2_uniform,0.3918214738368988,0.27794742584228516,0.11387404799461365,29.062737904386704,1.0
25,rotate_+10,concat,bp_eq2_uniform,0.3124449551105499,0.20991501212120056,0.10252994298934937,32.81536197399758,1.0
26,rotate_+10,concat,bp_eq2_uniform,0.3446468412876129,0.2434626966714859,0.10118414461612701,29.35879065010602,1.0
27,rotate_+10,concat,bp_eq2_uniform,0.3709748089313507,0.2829819321632385,0.08799287676811218,23.71936709701444,1.0
28,rotate_+10,concat,bp_eq2_uniform,0.36197182536125183,0.28989464044570923,0.0720771849155426,19.912374352177732,1.0
29,rotate_+10,concat,bp_eq2_uniform,0.4037187993526459,0.2783242464065552,0.1253945529460907,31.059874632255788,1.0
30,rotate_+10,concat,bp_eq2_uniform,0.3319981098175049,0.2626355290412903,0.0693625807762146,20.892462554721593,1.0
31,rotate_+10,concat,bp_eq2_uniform,0.3768235445022583,0.28526780009269714,0.09155574440956116,24.296715464065038,1.0
32,rotate_+10,concat,bp_eq2_uniform,0.3708544373512268,0.303602933883667,0.06725150346755981,18.13420487771764,1.0
33,rotate_+10,concat,bp_eq2_uniform,0.3680517077445984,0.26993510127067566,0.09811660647392273,26.658375551334778,1.0
2,rotate_+10,concat,full_normalized_distance,0.8610960978734004,0.7680349373842815,0.09306116048911883,10.807290930575412,1.0
3,rotate_+10,concat,full_normalized_distance,0.8481318813823491,0.7388402044021367,0.10929167698021236,12.886165392338713,1.0
4,rotate_+10,concat,full_normalized_distance,0.8516145742750507,0.7688766638759966,0.0827379103990541,9.715417384606035,1.0
5,rotate_+10,concat,full_normalized_distance,0.887357271833346,0.7409723875535588,0.14638488427978724,16.49672447910189,1.0
6,rotate_+10,concat,full_normalized_distance,0.7983345054891287,0.7089521752814097,0.08938233020771891,11.196100079983843,1.0
7,rotate_+10,concat,full_normalized_distance,0.8941158679552876,0.7661832992621526,0.12793256869313507,14.308276284767778,1.0
8,rotate_+10,concat,full_normalized_distance,0.6962945838912614,0.6348704090196513,0.061424174871610115,8.821578724374275,1.0
9,rotate_+10,concat,full_normalized_distance,0.8960976026031502,0.7825023912509054,0.11359521135224482,12.676656094394813,1.0
10,rotate_+10,concat,full_normalized_distance,0.8765638885215057,0.7509533862442912,0.1256105022772145,14.329874173682601,1.0
11,rotate_+10,concat,full_normalized_distance,0.7312994736457641,0.6473615981543496,0.08393787549141452,11.47790727550265,1.0
12,rotate_+10,concat,full_normalized_distance,0.848693950808072,0.7532816063231832,0.09541234448488878,11.242255750018112,1.0
13,rotate_+10,concat,full_normalized_distance,0.8764599473226738,0.7973296046810403,0.07913034264163354,9.028403737474036,1.0
14,rotate_+10,concat,full_normalized_distance,0.8664976589459615,0.7906271651769853,0.07587049376897625,8.755995239638645,1.0
15,rotate_+10,concat,full_normalized_distance,0.7511175492073151,0.6567466990558917,0.09437085015142344,12.564058748313256,1.0
16,rotate_+10,concat,full_normalized_distance,0.793604591146867,0.6666427523575568,0.12696183878931022,15.998123020643447,1.0
17,rotate_+10,concat,full_normalized_distance,0.8587656114650117,0.7673785311724391,0.09138708029257259,10.641679064973774,1.0
18,rotate_+10,concat,full_normalized_distance,0.8884233399670621,0.776192853055692,0.11223048691137016,12.632545979195541,1.0
19,rotate_+10,concat,full_normalized_distance,0.8288162153785115,0.6833735738125005,0.14544264156601094,17.548237940713236,1.0
20,rotate_+10,concat,full_normalized_distance,0.7658373479838225,0.6587023101424447,0.10713503784137779,13.98926784170116,1.0
21,rotate_+10,concat,full_normalized_distance,0.8385419825835649,0.7410871681340936,0.09745481444947135,11.621936226626945,1.0
22,rotate_+10,concat,full_normalized_distance,0.7868075490194733,0.7091485456070775,0.07765900341239573,9.870139592467865,1.0
23,rotate_+10,concat,full_normalized_distance,0.8651605578896249,0.7674650540923214,0.09769550379730352,11.29218188534831,1.0
24,rotate_+10,concat,full_normalized_distance,0.885236097136689,0.7455835645214897,0.1396525326151994,15.775738592986672,1.0
25,rotate_+10,concat,full_normalized_distance,0.7904997850860555,0.6479429174259111,0.1425568676601443,18.033764252629737,1.0
26,rotate_+10,concat,full_normalized_distance,0.8302371243055962,0.6978003964909821,0.13243672781461402,15.951675001912683,1.0
27,rotate_+10,concat,full_normalized_distance,0.861364973668364,0.7523056987199267,0.10905927494843726,12.661215429256565,1.0
28,rotate_+10,concat,full_normalized_distance,0.8508487825239592,0.7614389541463048,0.08940982837765443,10.508310079768098,1.0
29,rotate_+10,concat,full_normalized_distance,0.8985753161005992,0.7460887968687845,0.15248651923181467,16.969809486128092,1.0
30,rotate_+10,concat,full_normalized_distance,0.814859631859997,0.7247558610198199,0.09010377084017707,11.057581860374627,1.0
31,rotate_+10,concat,full_normalized_distance,0.8681284979797154,0.7553380701284652,0.11279042785125015,12.992365544225652,1.0
32,rotate_+10,concat,full_normalized_distance,0.8612252171775125,0.7792341546463001,0.08199106253121247,9.520281210509141,1.0
33,rotate_+10,concat,full_normalized_distance,0.8579646936146014,0.7347586015429498,0.12320609207165156,14.36027531068222,1.0
2,rotate_+10,concat,cp_eq1_optimized,0.22609399259090424,0.1396988481283188,0.08639514446258545,38.21204777365633,1.0
3,rotate_+10,concat,cp_eq1_optimized,0.19638103246688843,0.15986065566539764,0.036520376801490784,18.596692533156162,1.0
4,rotate_+10,concat,cp_eq1_optimized,0.2063446342945099,0.1607384830713272,0.04560615122318268,22.10193222561304,1.0
5,rotate_+10,concat,cp_eq1_optimized,0.21110856533050537,0.15883655846118927,0.0522720068693161,24.760722894986746,1.0
6,rotate_+10,concat,cp_eq1_optimized,0.17703892290592194,0.16720722615718842,0.00983169674873352,5.553409717648659,1.0
7,rotate_+10,concat,cp_eq1_optimized,0.2079809308052063,0.16260217130184174,0.04537875950336456,21.81871161334875,1.0
8,rotate_+10,concat,cp_eq1_optimized,0.16090616583824158,0.11787957698106766,0.04302658885717392,26.74017408391982,1.0
9,rotate_+10,concat,cp_eq1_optimized,0.2399716079235077,0.1648419201374054,0.0751296877861023,31.307740293067184,1.0
10,rotate_+10,concat,cp_eq1_optimized,0.17003761231899261,0.11710576713085175,0.05293184518814087,31.129492155258443,1.0
11,rotate_+10,concat,cp_eq1_optimized,0.2068154215812683,0.13932543992996216,0.06748998165130615,32.63295412642116,1.0
12,rotate_+10,concat,cp_eq1_optimized,0.24286842346191406,0.20680461823940277,0.03606380522251129,14.849112415809058,1.0
13,rotate_+10,concat,cp_eq1_optimized,0.19718481600284576,0.1656317263841629,0.03155308961868286,16.001784649619,1.0
14,rotate_+10,concat,cp_eq1_optimized,0.2413000762462616,0.17365242540836334,0.06764765083789825,28.03465787908799,1.0
15,rotate_+10,concat,cp_eq1_optimized,0.2308982014656067,0.16312117874622345,0.06777702271938324,29.35363822190074,1.0
16,rotate_+10,concat,cp_eq1_optimized,0.176746666431427,0.10876159369945526,0.06798507273197174,38.4646987149619,1.0
17,rotate_+10,concat,cp_eq1_optimized,0.18125516176223755,0.15279504656791687,0.02846011519432068,15.701685357516258,1.0
18,rotate_+10,concat,cp_eq1_optimized,0.2229986935853958,0.19039882719516754,0.03259986639022827,14.61885980852089,1.0
19,rotate_+10,concat,cp_eq1_optimized,0.21763333678245544,0.14224769175052643,0.07538564503192902,34.63883159910263,1.0
20,rotate_+10,concat,cp_eq1_optimized,0.19475089013576508,0.12124568223953247,0.0735052078962326,37.74319482936026,1.0
21,rotate_+10,concat,cp_eq1_optimized,0.19097822904586792,0.15192601084709167,0.039052218198776245,20.448518343518856,1.0
22,rotate_+10,concat,cp_eq1_optimized,0.178885817527771,0.15449047088623047,0.024395346641540527,13.637384438046306,1.0
23,rotate_+10,concat,cp_eq1_optimized,0.1941315233707428,0.1539621502161026,0.0401693731546402,20.691834307465765,1.0
24,rotate_+10,concat,cp_eq1_optimized,0.20120444893836975,0.14047449827194214,0.06072995066642761,30.183204688842523,1.0
25,rotate_+10,concat,cp_eq1_optimized,0.20704986155033112,0.13867171108722687,0.06837815046310425,33.024967971858395,1.0
26,rotate_+10,concat,cp_eq1_optimized,0.21948513388633728,0.16080428659915924,0.05868084728717804,26.73568193338287,1.0
27,rotate_+10,concat,cp_eq1_optimized,0.18697568774223328,0.1557585597038269,0.031217128038406372,16.695822015788323,1.0
28,rotate_+10,concat,cp_eq1_optimized,0.17887938022613525,0.136330246925354,0.04254913330078125,23.786494143010632,1.0
29,rotate_+10,concat,cp_eq1_optimized,0.22336049377918243,0.16777394711971283,0.055586546659469604,24.886471962304327,1.0
30,rotate_+10,concat,cp_eq1_optimized,0.20268863439559937,0.14298859238624573,0.05970004200935364,29.45406494403579,1.0
31,rotate_+10,concat,cp_eq1_optimized,0.1905565857887268,0.1596047282218933,0.030951857566833496,16.24286950700717,1.0
32,rotate_+10,concat,cp_eq1_optimized,0.19211454689502716,0.1761607676744461,0.015953779220581055,8.304305675100844,1.0
33,rotate_+10,concat,cp_eq1_optimized,0.200076162815094,0.16428588330745697,0.035790279507637024,17.88832762678217,1.0
2,rotate_+10,layer2_flat,bp_eq2_uniform,0.4056618809700012,0.3050905168056488,0.10057136416435242,24.791918807757483,1.0
3,rotate_+10,layer2_flat,bp_eq2_uniform,0.3759642243385315,0.26449260115623474,0.11147162318229675,29.649529387569405,1.0
4,rotate_+10,layer2_flat,bp_eq2_uniform,0.36936599016189575,0.287771075963974,0.08159491419792175,22.090532526272174,1.0
5,rotate_+10,layer2_flat,bp_eq2_uniform,0.38437619805336,0.25208550691604614,0.13229069113731384,34.41698310325781,1.0
6,rotate_+10,layer2_flat,bp_eq2_uniform,0.32782110571861267,0.25568968057632446,0.07213142514228821,22.003288953574163,1.0
7,rotate_+10,layer2_flat,bp_eq2_uniform,0.41073134541511536,0.29907575249671936,0.111655592918396,27.184580423312173,1.0
8,rotate_+10,layer2_flat,bp_eq2_uniform,0.21485067903995514,0.19209866225719452,0.02275201678276062,10.589688096086304,1.0
9,rotate_+10,layer2_flat,bp_eq2_uniform,0.39858293533325195,0.3041609227657318,0.09442201256752014,23.689426765934616,1.0
10,rotate_+10,layer2_flat,bp_eq2_uniform,0.4124496877193451,0.2858712077140808,0.12657848000526428,30.68943528721709,1.0
11,rotate_+10,layer2_flat,bp_eq2_uniform,0.2642541825771332,0.20899958908557892,0.05525459349155426,20.909638194739603,1.0
12,rotate_+10,layer2_flat,bp_eq2_uniform,0.3605089485645294,0.27754756808280945,0.08296138048171997,23.012294372116024,1.0
13,rotate_+10,layer2_flat,bp_eq2_uniform,0.4080420136451721,0.3097360134124756,0.09830600023269653,24.092127022474013,1.0
14,rotate_+10,layer2_flat,bp_eq2_uniform,0.36902183294296265,0.30379191040992737,0.06522992253303528,17.676439904015297,1.0
15,rotate_+10,layer2_flat,bp_eq2_uniform,0.2553209066390991,0.20437437295913696,0.05094653367996216,19.953921655063095,1.0
16,rotate_+10,layer2_flat,bp_eq2_uniform,0.31068575382232666,0.19683291018009186,0.1138528436422348,36.64565955830016,1.0
17,rotate_+10,layer2_flat,bp_eq2_uniform,0.39207887649536133,0.28721490502357483,0.1048639714717865,26.745631493554765,1.0
18,rotate_+10,layer2_flat,bp_eq2_uniform,0.4173920452594757,0.29444462060928345,0.12294742465019226,29.456101534821123,1.0
19,rotate_+10,layer2_flat,bp_eq2_uniform,0.33140790462493896,0.20702847838401794,0.12437942624092102,37.53061544543074,1.0
20,rotate_+10,layer2_flat,bp_eq2_uniform,0.27699822187423706,0.20100480318069458,0.07599341869354248,27.434623290748316,1.0
21,rotate_+10,layer2_flat,bp_eq2_uniform,0.33984285593032837,0.25581619143486023,0.08402666449546814,24.725152531217933,1.0
22,rotate_+10,layer2_flat,bp_eq2_uniform,0.3034512400627136,0.2225189507007599,0.08093228936195374,26.67060755624559,1.0
23,rotate_+10,layer2_flat,bp_eq2_uniform,0.37759292125701904,0.29129043221473694,0.0863024890422821,22.8559605288017,1.0
24,rotate_+10,layer2_flat,bp_eq2_uniform,0.3831351697444916,0.2643599212169647,0.11877524852752686,31.000873296603572,1.0
25,rotate_+10,layer2_flat,bp_eq2_uniform,0.296263188123703,0.17875364422798157,0.11750954389572144,39.66390311247827,1.0
26,rotate_+10,layer2_flat,bp_eq2_uniform,0.3312690556049347,0.21973980963230133,0.11152924597263336,33.66726957597404,1.0
27,rotate_+10,layer2_flat,bp_eq2_uniform,0.38338375091552734,0.28821927309036255,0.0951644778251648,24.82225122939146,1.0
28,rotate_+10,layer2_flat,bp_eq2_uniform,0.38524529337882996,0.28829464316368103,0.09695065021514893,25.165953194283702,1.0
29,rotate_+10,layer2_flat,bp_eq2_uniform,0.42171940207481384,0.2726368308067322,0.14908257126808167,35.35112933724606,1.0
30,rotate_+10,layer2_flat,bp_eq2_uniform,0.32029107213020325,0.2436668425798416,0.07662422955036163,23.92331108092001,1.0
31,rotate_+10,layer2_flat,bp_eq2_uniform,0.3971978425979614,0.29890477657318115,0.09829306602478027,24.74662636172065,1.0
32,rotate_+10,layer2_flat,bp_eq2_uniform,0.3639470934867859,0.27930086851119995,0.08464622497558594,23.257837880886026,1.0
33,rotate_+10,layer2_flat,bp_eq2_uniform,0.37600505352020264,0.24580040574073792,0.13020464777946472,34.62843027244648,1.0
2,rotate_+10,layer2_flat,full_normalized_distance,0.9007351230744821,0.7811408538869912,0.11959426918749094,13.277407100452203,1.0
3,rotate_+10,layer2_flat,full_normalized_distance,0.8671380793605267,0.7273136890726515,0.1398243902878752,16.124812600875263,1.0
4,rotate_+10,layer2_flat,full_normalized_distance,0.859495189238306,0.7586449445741716,0.10085024466413439,11.73366016782382,1.0
5,rotate_+10,layer2_flat,full_normalized_distance,0.8767852622545158,0.7100500079797847,0.16673525427473113,19.01665794949694,1.0
6,rotate_+10,layer2_flat,full_normalized_distance,0.8097173651572661,0.7151079367149052,0.09460942844236087,11.684253359673058,1.0
7,rotate_+10,layer2_flat,full_normalized_distance,0.9063457898783613,0.7734025504182402,0.1329432394601211,14.668048436327645,1.0
8,rotate_+10,layer2_flat,full_normalized_distance,0.6555161005497198,0.6198365304775034,0.03567957007221634,5.442973870853943,1.0
9,rotate_+10,layer2_flat,full_normalized_distance,0.8928414588640605,0.7799498993726864,0.11289155949137408,12.644076769785837,1.0
10,rotate_+10,layer2_flat,full_normalized_distance,0.9082397125421736,0.7561365058163517,0.1521032067258219,16.747033258424228,1.0
11,rotate_+10,layer2_flat,full_normalized_distance,0.7269858080831195,0.6465285594396878,0.08045724864343173,11.067237867471826,1.0
12,rotate_+10,layer2_flat,full_normalized_distance,0.8491277272172066,0.7450470697651383,0.10408065745206829,12.257361774422652,1.0
13,rotate_+10,layer2_flat,full_normalized_distance,0.9033736919405746,0.787065452694343,0.11630823924623157,12.874875622762078,1.0
14,rotate_+10,layer2_flat,full_normalized_distance,0.8590946780686779,0.7794766326323418,0.0796180454363361,9.267668333743138,1.0
15,rotate_+10,layer2_flat,full_normalized_distance,0.7145920607438893,0.6393346118569476,0.07525744888694164,10.531526030179153,1.0
16,rotate_+10,layer2_flat,full_normalized_distance,0.7882712145224214,0.6274279403725848,0.16084327414983668,20.40456015472802,1.0
17,rotate_+10,layer2_flat,full_normalized_distance,0.8855268222875706,0.7579114790311264,0.1276153432564442,14.411234086239524,1.0
18,rotate_+10,layer2_flat,full_normalized_distance,0.9136651960751002,0.7673911917780701,0.14627400429703008,16.009584793776774,1.0
19,rotate_+10,layer2_flat,full_normalized_distance,0.8141350067709151,0.6434725765470009,0.17066243022391425,20.962423775461897,1.0
20,rotate_+10,layer2_flat,full_normalized_distance,0.7443093736803763,0.6340422749008059,0.11026709877957042,14.814686295590512,1.0
21,rotate_+10,layer2_flat,full_normalized_distance,0.8244305379233939,0.7152848263941578,0.10914571152923613,13.238921474697431,1.0
22,rotate_+10,layer2_flat,full_normalized_distance,0.779039459928332,0.6671116109029431,0.11192784902538888,14.367417156961734,1.0
23,rotate_+10,layer2_flat,full_normalized_distance,0.8690142936189473,0.7632698503343847,0.10574444328456267,12.16832036721466,1.0
24,rotate_+10,layer2_flat,full_normalized_distance,0.875368687747616,0.7271312415471703,0.14823744620044566,16.93428703529498,1.0
25,rotate_+10,layer2_flat,full_normalized_distance,0.7697573489401748,0.59791913203707,0.17183821690310475,22.32368643696271,1.0
26,rotate_+10,layer2_flat,full_normalized_distance,0.8139644409984194,0.6629325902869784,0.15103185071144098,18.555091979939295,1.0
27,rotate_+10,layer2_flat,full_normalized_distance,0.8756526148142623,0.7592355011330313,0.11641711368123098,13.2948970529588,1.0
28,rotate_+10,layer2_flat,full_normalized_distance,0.8777759319767545,0.7593347656517263,0.11844116632502821,13.493325803336091,1.0
29,rotate_+10,layer2_flat,full_normalized_distance,0.918389244356459,0.7384264767825327,0.17996276757392626,19.595478570726865,1.0
30,rotate_+10,layer2_flat,full_normalized_distance,0.8003637574630716,0.6980928914977456,0.10227086596532609,12.77804810769646,1.0
31,rotate_+10,layer2_flat,full_normalized_distance,0.891288777667442,0.7731814490443768,0.11810732862306517,13.251297624550693,1.0
32,rotate_+10,layer2_flat,full_normalized_distance,0.8531671506648458,0.7473966396916699,0.10577051097317591,12.397396089456606,1.0
33,rotate_+10,layer2_flat,full_normalized_distance,0.8671851630651929,0.7011425044036881,0.1660426586615048,19.147313138339598,1.0
2,rotate_+10,layer2_flat,cp_eq1_optimized,0.23578839004039764,0.17408788204193115,0.06170050799846649,26.167746421964907,1.0
3,rotate_+10,layer2_flat,cp_eq1_optimized,0.20319034159183502,0.16673946380615234,0.03645087778568268,17.939276788423896,1.0
4,rotate_+10,layer2_flat,cp_eq1_optimized,0.20233218371868134,0.16484005749225616,0.03749212622642517,18.529986449594286,1.0
5,rotate_+10,layer2_flat,cp_eq1_optimized,0.2046736627817154,0.15619783103466034,0.048475831747055054,23.68445020623768,1.0
6,rotate_+10,layer2_flat,cp_eq1_optimized,0.1902843713760376,0.1705053597688675,0.019779011607170105,10.394448826267043,1.0
7,rotate_+10,layer2_flat,cp_eq1_optimized,0.2152489721775055,0.17470113933086395,0.04054783284664154,18.837642956555126,1.0
8,rotate_+10,layer2_flat,cp_eq1_optimized,0.17351338267326355,0.1305372565984726,0.042976126074790955,24.76819102505193,1.0
9,rotate_+10,layer2_flat,cp_eq1_optimized,0.2351241558790207,0.1762913018465042,0.05883285403251648,25.022037319950122,1.0
10,rotate_+10,layer2_flat,cp_eq1_optimized,0.19112904369831085,0.14298152923583984,0.04814751446247101,25.191103105301945,1.0
11,rotate_+10,layer2_flat,cp_eq1_optimized,0.2098250836133957,0.15304680168628693,0.056778281927108765,27.05981618072536,1.0
12,rotate_+10,layer2_flat,cp_eq1_optimized,0.23718661069869995,0.19440604746341705,0.0427805632352829,18.036668726400844,1.0
13,rotate_+10,layer2_flat,cp_eq1_optimized,0.20428432524204254,0.17668719589710236,0.027597129344940186,13.509176150498645,1.0
14,rotate_+10,layer2_flat,cp_eq1_optimized,0.21894866228103638,0.17071522772312164,0.048233434557914734,22.02956348542717,1.0
15,rotate_+10,layer2_flat,cp_eq1_optimized,0.21005450189113617,0.1596803218126297,0.05037418007850647,23.981480817951624,1.0
16,rotate_+10,layer2_flat,cp_eq1_optimized,0.1680862456560135,0.11318755894899368,0.054898686707019806,32.66102261516549,1.0
17,rotate_+10,layer2_flat,cp_eq1_optimized,0.1898084580898285,0.1564778834581375,0.03333057463169098,17.56011031697091,1.0
18,rotate_+10,layer2_flat,cp_eq1_optimized,0.2391698807477951,0.1913972795009613,0.0477726012468338,19.974338364541108,1.0
19,rotate_+10,layer2_flat,cp_eq1_optimized,0.19250810146331787,0.13204285502433777,0.0604652464389801,31.40919575802246,1.0
20,rotate_+10,layer2_flat,cp_eq1_optimized,0.1720801591873169,0.12254193425178528,0.049538224935531616,28.78787721326965,1.0
21,rotate_+10,layer2_flat,cp_eq1_optimized,0.1862587332725525,0.14750388264656067,0.03875485062599182,20.806997849101528,1.0
22,rotate_+10,layer2_flat,cp_eq1_optimized,0.1716640293598175,0.14356586337089539,0.02809816598892212,16.368115145347716,1.0
23,rotate_+10,layer2_flat,cp_eq1_optimized,0.20239928364753723,0.16615130007266998,0.03624798357486725,17.909146179494996,1.0
24,rotate_+10,layer2_flat,cp_eq1_optimized,0.1964629888534546,0.1439093053340912,0.0525536835193634,26.74991550611941,1.0
25,rotate_+10,layer2_flat,cp_eq1_optimized,0.18186667561531067,0.12348739802837372,0.05837927758693695,32.1000410817985,1.0
26,rotate_+10,layer2_flat,cp_eq1_optimized,0.19659040868282318,0.15185144543647766,0.04473896324634552,22.757449636466905,1.0
27,rotate_+10,layer2_flat,cp_eq1_optimized,0.2074308693408966,0.17525158822536469,0.03217928111553192,15.513255677722984,1.0
28,rotate_+10,layer2_flat,cp_eq1_optimized,0.21112963557243347,0.1657610684633255,0.04536856710910797,21.48848833366561,1.0
29,rotate_+10,layer2_flat,cp_eq1_optimized,0.21640224754810333,0.164143368601799,0.05225887894630432,24.148953875558238,1.0
30,rotate_+10,layer2_flat,cp_eq1_optimized,0.1768004149198532,0.13319799304008484,0.04360242187976837,24.661945448084783,1.0
31,rotate_+10,layer2_flat,cp_eq1_optimized,0.20706255733966827,0.18618987500667572,0.020872682332992554,10.080375033064,1.0
32,rotate_+10,layer2_flat,cp_eq1_optimized,0.18662385642528534,0.16278620064258575,0.023837655782699585,12.773102131299721,1.0
33,rotate_+10,layer2_flat,cp_eq1_optimized,0.18904004991054535,0.151009663939476,0.038030385971069336,20.1176343260935,1.0
2,rotate_+10,layer3_flat,bp_eq2_uniform,0.34421440958976746,0.2871645390987396,0.05704987049102783,16.573934414556838,1.0
3,rotate_+10,layer3_flat,bp_eq2_uniform,0.34442779421806335,0.28070175647735596,0.0637260377407074,18.502002106187835,1.0
4,rotate_+10,layer3_flat,bp_eq2_uniform,0.35599103569984436,0.30307796597480774,0.05291306972503662,14.863596107375555,1.0
5,rotate_+10,layer3_flat,bp_eq2_uniform,0.4046849310398102,0.30111563205718994,0.10356929898262024,25.592576110074102,1.0
6,rotate_+10,layer3_flat,bp_eq2_uniform,0.3077453374862671,0.24607889354228973,0.061666443943977356,20.03814077167905,1.0
7,rotate_+10,layer3_flat,bp_eq2_uniform,0.3873274028301239,0.28722718358039856,0.10010021924972534,25.843825796484992,1.0
8,rotate_+10,layer3_flat,bp_eq2_uniform,0.29929861426353455,0.22099018096923828,0.07830843329429626,26.163981242186274,1.0
9,rotate_+10,layer3_flat,bp_eq2_uniform,0.4045548737049103,0.30824220180511475,0.09631267189979553,23.80707245410908,1.0
10,rotate_+10,layer3_flat,bp_eq2_uniform,0.3617275059223175,0.278767853975296,0.08295965194702148,22.93429462469688,1.0
11,rotate_+10,layer3_flat,bp_eq2_uniform,0.2728002667427063,0.210439532995224,0.0623607337474823,22.85948415368293,1.0
12,rotate_+10,layer3_flat,bp_eq2_uniform,0.3596595525741577,0.29107192158699036,0.06858763098716736,19.07015412105165,1.0
13,rotate_+10,layer3_flat,bp_eq2_uniform,0.36468029022216797,0.3243458867073059,0.04033440351486206,11.060209338480897,1.0
14,rotate_+10,layer3_flat,bp_eq2_uniform,0.38235509395599365,0.3221070170402527,0.06024807691574097,15.75710062921707,1.0
15,rotate_+10,layer3_flat,bp_eq2_uniform,0.3167820870876312,0.23029407858848572,0.08648800849914551,27.30205148088041,1.0
16,rotate_+10,layer3_flat,bp_eq2_uniform,0.31946244835853577,0.2501249611377716,0.06933748722076416,21.70442491028836,1.0
17,rotate_+10,layer3_flat,bp_eq2_uniform,0.34962549805641174,0.3001820147037506,0.04944348335266113,14.141841378097103,1.0
18,rotate_+10,layer3_flat,bp_eq2_uniform,0.37536299228668213,0.3068486452102661,0.06851434707641602,18.25282419528079,1.0
19,rotate_+10,layer3_flat,bp_eq2_uniform,0.35844558477401733,0.26656991243362427,0.09187567234039307,25.631693133578402,1.0
20,rotate_+10,layer3_flat,bp_eq2_uniform,0.3111658990383148,0.23452314734458923,0.07664275169372559,24.630832597771914,1.0
21,rotate_+10,layer3_flat,bp_eq2_uniform,0.36271390318870544,0.29248711466789246,0.07022678852081299,19.361482397900588,1.0
22,rotate_+10,layer3_flat,bp_eq2_uniform,0.3179458975791931,0.2919096052646637,0.02603629231452942,8.188906512927245,1.0
23,rotate_+10,layer3_flat,bp_eq2_uniform,0.3707597851753235,0.29769396781921387,0.07306581735610962,19.70705029979491,1.0
24,rotate_+10,layer3_flat,bp_eq2_uniform,0.4002991318702698,0.29127398133277893,0.10902515053749084,27.235919805229983,1.0
25,rotate_+10,layer3_flat,bp_eq2_uniform,0.33182334899902344,0.24731899797916412,0.08450435101985931,25.46666811558621,1.0
26,rotate_+10,layer3_flat,bp_eq2_uniform,0.36148616671562195,0.2734066843986511,0.08807948231697083,24.365934419288177,1.0
27,rotate_+10,layer3_flat,bp_eq2_uniform,0.3574279248714447,0.2772342264652252,0.08019369840621948,22.43632710981891,1.0
28,rotate_+10,layer3_flat,bp_eq2_uniform,0.343630850315094,0.2910221517086029,0.05260869860649109,15.30965527632289,1.0
29,rotate_+10,layer3_flat,bp_eq2_uniform,0.38308870792388916,0.284720778465271,0.09836792945861816,25.67758522339552,1.0
30,rotate_+10,layer3_flat,bp_eq2_uniform,0.34294864535331726,0.2804239094257355,0.06252473592758179,18.231515643686063,1.0
31,rotate_+10,layer3_flat,bp_eq2_uniform,0.35781803727149963,0.27252787351608276,0.08529016375541687,23.836183442721016,1.0
32,rotate_+10,layer3_flat,bp_eq2_uniform,0.3785073757171631,0.33073320984840393,0.047774165868759155,12.621726532571413,1.0
33,rotate_+10,layer3_flat,bp_eq2_uniform,0.3600090742111206,0.2939721643924713,0.06603690981864929,18.343123701304194,1.0
2,rotate_+10,layer3_flat,full_normalized_distance,0.829716107581102,0.7578450225458232,0.07187108503527884,8.662129658386444,1.0
3,rotate_+10,layer3_flat,full_normalized_distance,0.8299732456146564,0.7492686520565984,0.08070459355805792,9.72375844454998,1.0
4,rotate_+10,layer3_flat,full_normalized_distance,0.8437903006077332,0.7785601659150149,0.06523013469271832,7.730609684143032,1.0
5,rotate_+10,layer3_flat,full_normalized_distance,0.8996498552657142,0.7760356075041788,0.1236142477615354,13.74026206283201,1.0
6,rotate_+10,layer3_flat,full_normalized_distance,0.7845321376288763,0.7015395834053696,0.08299255422350671,10.578604781473036,1.0
7,rotate_+10,layer3_flat,full_normalized_distance,0.8801447640361486,0.7579276793736966,0.12221708466245196,13.886020761158957,1.0
8,rotate_+10,layer3_flat,full_normalized_distance,0.7736906542844298,0.6648160361622428,0.10887461812218702,14.0721123512526,1.0
9,rotate_+10,layer3_flat,full_normalized_distance,0.8995052792562257,0.7851652078449666,0.11434007141125913,12.711439726699151,1.0
10,rotate_+10,layer3_flat,full_normalized_distance,0.8505615861562494,0.7466831375828652,0.10387844857338424,12.212924997318122,1.0
11,rotate_+10,layer3_flat,full_normalized_distance,0.7386477736278724,0.6487519294695376,0.08989584415833474,12.170326286463862,1.0
12,rotate_+10,layer3_flat,full_normalized_distance,0.8481268213824601,0.7629835143526895,0.08514330702977058,10.038982954328134,1.0
13,rotate_+10,layer3_flat,full_normalized_distance,0.8540261005638738,0.8054140385010754,0.048612062062798445,5.692104963846565,1.0
14,rotate_+10,layer3_flat,full_normalized_distance,0.8744770939893093,0.8026294500456019,0.07184764394370735,8.216069287288107,1.0
15,rotate_+10,layer3_flat,full_normalized_distance,0.7959674454242852,0.6786664550255681,0.11730099039871711,14.736908032217727,1.0
16,rotate_+10,layer3_flat,full_normalized_distance,0.7993277780216771,0.707283480844522,0.09204429717715512,11.51521312131152,1.0
17,rotate_+10,layer3_flat,full_normalized_distance,0.8362122912949937,0.7748316135829134,0.061380677712080334,7.340322350075747,1.0
18,rotate_+10,layer3_flat,full_normalized_distance,0.8664444497908473,0.7833883394718945,0.08305611031895288,9.585855196938027,1.0
19,rotate_+10,layer3_flat,full_normalized_distance,0.8466942597821452,0.730164245130675,0.11653001465147017,13.762939019016827,1.0
20,rotate_+10,layer3_flat,full_normalized_distance,0.7888800910636734,0.6848695457451576,0.10401054531851583,13.184582358789546,1.0
21,rotate_+10,layer3_flat,full_normalized_distance,0.8517204978027774,0.7648360800431586,0.08688441775961875,10.20104811186962,1.0
22,rotate_+10,layer3_flat,full_normalized_distance,0.7974282382499295,0.7640806309083665,0.033347607341562946,4.181894462968509,1.0
23,rotate_+10,layer3_flat,full_normalized_distance,0.8611153060715196,0.7716138513780243,0.08950145469349535,10.393666685789686,1.0
24,rotate_+10,layer3_flat,full_normalized_distance,0.8947615680954002,0.7632482968638435,0.13151327123155665,14.69813589684572,1.0
25,rotate_+10,layer3_flat,full_normalized_distance,0.8146451362391154,0.7033050518504245,0.11134008438869092,13.66731100888493,1.0
26,rotate_+10,layer3_flat,full_normalized_distance,0.8502777977997802,0.7394683014148086,0.11080949638497162,13.032152159162251,1.0
27,rotate_+10,layer3_flat,full_normalized_distance,0.8454914841338672,0.7446263847933744,0.10086509934049281,11.92975934508685,1.0
28,rotate_+10,layer3_flat,full_normalized_distance,0.8290124852076644,0.7629182809562278,0.06609420425143653,7.97264280462561,1.0
29,rotate_+10,layer3_flat,full_normalized_distance,0.8753156092791778,0.7546135149402918,0.12070209433888601,13.789551226916457,1.0
30,rotate_+10,layer3_flat,full_normalized_distance,0.8281891636013082,0.7488977359102316,0.07929142769107667,9.57407210524092,1.0
31,rotate_+10,layer3_flat,full_normalized_distance,0.845952761413425,0.7382789087006113,0.10767385271281371,12.728116465130281,1.0
32,rotate_+10,layer3_flat,full_normalized_distance,0.8700659466007885,0.8133058586391764,0.05676008796161214,6.523653544113487,1.0
33,rotate_+10,layer3_flat,full_normalized_distance,0.8485388314168311,0.7667752791952428,0.08176355222158826,9.635805598309368,1.0
2,rotate_+10,layer3_flat,cp_eq1_optimized,0.21530872583389282,0.10695410519838333,0.10835462063550949,50.32523424926125,1.0
3,rotate_+10,layer3_flat,cp_eq1_optimized,0.1875467449426651,0.15149760246276855,0.036049142479896545,19.22141730091072,1.0
4,rotate_+10,layer3_flat,cp_eq1_optimized,0.2078780084848404,0.15365740656852722,0.05422060191631317,26.082894631928518,1.0
5,rotate_+10,layer3_flat,cp_eq1_optimized,0.20694027841091156,0.15640714764595032,0.05053313076496124,24.419185647549867,1.0
6,rotate_+10,layer3_flat,cp_eq1_optimized,0.14825895428657532,0.14651994407176971,0.001739010214805603,1.1729545936446275,1.0
7,rotate_+10,layer3_flat,cp_eq1_optimized,0.1837894767522812,0.145366370677948,0.03842310607433319,20.906042474843286,1.0
8,rotate_+10,layer3_flat,cp_eq1_optimized,0.12322677671909332,0.08650089055299759,0.036725886166095734,29.80349494129649,1.0
9,rotate_+10,layer3_flat,cp_eq1_optimized,0.23844394087791443,0.14887458086013794,0.08956936001777649,37.56411661693732,1.0
10,rotate_+10,layer3_flat,cp_eq1_optimized,0.1483561247587204,0.09289983659982681,0.055456288158893585,37.38051816108795,1.0
11,rotate_+10,layer3_flat,cp_eq1_optimized,0.19204649329185486,0.11138547956943512,0.08066101372241974,42.000774051842974,1.0
12,rotate_+10,layer3_flat,cp_eq1_optimized,0.24347198009490967,0.21926116943359375,0.024210810661315918,9.943982322638801,1.0
13,rotate_+10,layer3_flat,cp_eq1_optimized,0.18854369223117828,0.15464963018894196,0.03389406204223633,17.97676795280861,1.0
14,rotate_+10,layer3_flat,cp_eq1_optimized,0.26255002617836,0.17607100307941437,0.08647902309894562,32.93811254083358,1.0
15,rotate_+10,layer3_flat,cp_eq1_optimized,0.25043800473213196,0.1640259325504303,0.08641207218170166,34.504376551707004,1.0
16,rotate_+10,layer3_flat,cp_eq1_optimized,0.18077506124973297,0.09909557551145554,0.08167948573827744,45.18293904765376,1.0
17,rotate_+10,layer3_flat,cp_eq1_optimized,0.1737925410270691,0.14869365096092224,0.02509889006614685,14.441868401068575,1.0
18,rotate_+10,layer3_flat,cp_eq1_optimized,0.20119774341583252,0.18684110045433044,0.014356642961502075,7.1355884602336825,1.0
19,rotate_+10,layer3_flat,cp_eq1_optimized,0.2427709400653839,0.14733430743217468,0.09543663263320923,39.311390649602785,1.0
20,rotate_+10,layer3_flat,cp_eq1_optimized,0.21741220355033875,0.11709003150463104,0.1003221720457077,46.14376304870949,1.0
21,rotate_+10,layer3_flat,cp_eq1_optimized,0.19256459176540375,0.15520358085632324,0.037361010909080505,19.40180724107493,1.0
22,rotate_+10,layer3_flat,cp_eq1_optimized,0.17752711474895477,0.1652231365442276,0.012303978204727173,6.930759969854299,1.0
23,rotate_+10,layer3_flat,cp_eq1_optimized,0.18143555521965027,0.1383868306875229,0.04304872453212738,23.726730121763776,1.0
24,rotate_+10,layer3_flat,cp_eq1_optimized,0.2022581398487091,0.136034294962883,0.06622384488582611,32.74223966216376,1.0
25,rotate_+10,layer3_flat,cp_eq1_optimized,0.23043294250965118,0.1549483984708786,0.07548454403877258,32.7577052205908,1.0
26,rotate_+10,layer3_flat,cp_eq1_optimized,0.22587493062019348,0.1610279530286789,0.06484697759151459,28.709240734761778,1.0
27,rotate_+10,layer3_flat,cp_eq1_optimized,0.15751248598098755,0.12928833067417145,0.0282241553068161,17.9186780850146,1.0
28,rotate_+10,layer3_flat,cp_eq1_optimized,0.14658603072166443,0.1071571409702301,0.039428889751434326,26.898122254249714,1.0
29,rotate_+10,layer3_flat,cp_eq1_optimized,0.22488851845264435,0.1679982990026474,0.05689021944999695,25.2970760095623,1.0
30,rotate_+10,layer3_flat,cp_eq1_optimized,0.22541376948356628,0.15113338828086853,0.07428038120269775,32.952903175590436,1.0
31,rotate_+10,layer3_flat,cp_eq1_optimized,0.16780200600624084,0.13279172778129578,0.03501027822494507,20.86404034015799,1.0
32,rotate_+10,layer3_flat,cp_eq1_optimized,0.194560244679451,0.18924705684185028,0.005313187837600708,2.730870248609718,1.0
33,rotate_+10,layer3_flat,cp_eq1_optimized,0.20439672470092773,0.17498645186424255,0.02941027283668518,14.388818059376566,1.0
2,rotate_+10,layer4_pooled,bp_eq2_uniform,0.46447205543518066,0.390190064907074,0.07428199052810669,15.992779255223285,1.0
3,rotate_+10,layer4_pooled,bp_eq2_uniform,0.46309155225753784,0.400193452835083,0.06289809942245483,13.58221697538971,1.0
4,rotate_+10,layer4_pooled,bp_eq2_uniform,0.49047768115997314,0.41645002365112305,0.0740276575088501,15.092971678879405,1.0
5,rotate_+10,layer4_pooled,bp_eq2_uniform,0.5685060620307922,0.39550310373306274,0.1730029582977295,30.43115453851656,1.0
6,rotate_+10,layer4_pooled,bp_eq2_uniform,0.341930627822876,0.24855777621269226,0.09337285161018372,27.307542528269465,1.0
7,rotate_+10,layer4_pooled,bp_eq2_uniform,0.5283430814743042,0.40758341550827026,0.12075966596603394,22.8562973946463,1.0
8,rotate_+10,layer4_pooled,bp_eq2_uniform,0.4031301736831665,0.2736690640449524,0.1294611096382141,32.11397163727089,1.0
9,rotate_+10,layer4_pooled,bp_eq2_uniform,0.5194348692893982,0.39846423268318176,0.12097063660621643,23.28889409589981,1.0
10,rotate_+10,layer4_pooled,bp_eq2_uniform,0.44413164258003235,0.35446351766586304,0.08966812491416931,20.189537586889962,1.0
11,rotate_+10,layer4_pooled,bp_eq2_uniform,0.49403730034828186,0.35488787293434143,0.13914942741394043,28.165773579355747,1.0
12,rotate_+10,layer4_pooled,bp_eq2_uniform,0.44913583993911743,0.33015531301498413,0.1189805269241333,26.490989216090345,1.0
13,rotate_+10,layer4_pooled,bp_eq2_uniform,0.44917625188827515,0.4044652283191681,0.044711023569107056,9.954004331495382,1.0
14,rotate_+10,layer4_pooled,bp_eq2_uniform,0.4687444865703583,0.38686081767082214,0.08188366889953613,17.46872149867319,1.0
15,rotate_+10,layer4_pooled,bp_eq2_uniform,0.4346384108066559,0.24339433014392853,0.19124408066272736,44.000731621338495,1.0
16,rotate_+10,layer4_pooled,bp_eq2_uniform,0.5038618445396423,0.37828636169433594,0.1255754828453064,24.922602139042755,1.0
17,rotate_+10,layer4_pooled,bp_eq2_uniform,0.4648570120334625,0.4116516709327698,0.05320534110069275,11.445528350285127,1.0
18,rotate_+10,layer4_pooled,bp_eq2_uniform,0.45169052481651306,0.3993833065032959,0.05230721831321716,11.580322242612846,1.0
19,rotate_+10,layer4_pooled,bp_eq2_uniform,0.7345367074012756,0.53861004114151,0.19592666625976562,26.673502397541125,1.0
20,rotate_+10,layer4_pooled,bp_eq2_uniform,0.47499707341194153,0.3666602373123169,0.10833683609962463,22.807895493166832,1.0
21,rotate_+10,layer4_pooled,bp_eq2_uniform,0.43604034185409546,0.3668798506259918,0.06916049122810364,15.86103041151339,1.0
22,rotate_+10,layer4_pooled,bp_eq2_uniform,0.600898027420044,0.5441070199012756,0.05679100751876831,9.451022457588358,1.0
23,rotate_+10,layer4_pooled,bp_eq2_uniform,0.49266642332077026,0.40920290350914,0.08346351981163025,16.941182889810733,1.0
24,rotate_+10,layer4_pooled,bp_eq2_uniform,0.47771358489990234,0.34713611006736755,0.1305774748325348,27.333841648991832,1.0
25,rotate_+10,layer4_pooled,bp_eq2_uniform,0.4414653778076172,0.3119637966156006,0.1295015811920166,29.334481864658876,1.0
26,rotate_+10,layer4_pooled,bp_eq2_uniform,0.5779415369033813,0.4047635495662689,0.17317798733711243,29.96462034286423,1.0
27,rotate_+10,layer4_pooled,bp_eq2_uniform,0.4811919629573822,0.38644832372665405,0.09474363923072815,19.689364437477614,1.0
28,rotate_+10,layer4_pooled,bp_eq2_uniform,0.4266766309738159,0.3823462724685669,0.04433035850524902,10.38968513554837,1.0
29,rotate_+10,layer4_pooled,bp_eq2_uniform,0.5567132830619812,0.4134005010128021,0.14331278204917908,25.74265540435579,1.0
30,rotate_+10,layer4_pooled,bp_eq2_uniform,0.47055384516716003,0.39055439829826355,0.07999944686889648,17.001124885146226,1.0
31,rotate_+10,layer4_pooled,bp_eq2_uniform,0.4366697669029236,0.35185739398002625,0.08481237292289734,19.422542926256178,1.0
32,rotate_+10,layer4_pooled,bp_eq2_uniform,0.46981605887413025,0.42604511976242065,0.043770939111709595,9.316611955859777,1.0
33,rotate_+10,layer4_pooled,bp_eq2_uniform,0.4774528741836548,0.4113987982273102,0.0660540759563446,13.834679719782818,1.0
2,rotate_+10,layer4_pooled,full_normalized_distance,0.9638174676101079,0.8833912665484915,0.08042620106161635,8.344546946317395,1.0
3,rotate_+10,layer4_pooled,full_normalized_distance,0.9623840732862715,0.8946434517002659,0.06774062158600558,7.03883443900105,1.0
4,rotate_+10,layer4_pooled,full_normalized_distance,0.9904319069577405,0.9126335777858746,0.07779832917186591,7.854990194202905,1.0
5,rotate_+10,layer4_pooled,full_normalized_distance,1.0663077060874993,0.8893852975320232,0.17692240855547603,16.592059453877017,1.0
6,rotate_+10,layer4_pooled,full_normalized_distance,0.8269590410931801,0.705064218653439,0.12189482243974104,14.74012815416559,1.0
7,rotate_+10,layer4_pooled,full_normalized_distance,1.0279524127840785,0.9028658986895787,0.12508651409449978,12.168512135264818,1.0
8,rotate_+10,layer4_pooled,full_normalized_distance,0.8979200116749448,0.7398230383611373,0.15809697331380757,17.607021923781787,1.0
9,rotate_+10,layer4_pooled,full_normalized_distance,1.0192495958197856,0.892708499660647,0.12654109615913856,12.415123506351454,1.0
10,rotate_+10,layer4_pooled,full_normalized_distance,0.9424772067058517,0.841978049198271,0.10049915750758065,10.663298464133565,1.0
11,rotate_+10,layer4_pooled,full_normalized_distance,0.9940194166597369,0.8424818964634687,0.1515375201962682,15.244925567484021,1.0
12,rotate_+10,layer4_pooled,full_normalized_distance,0.9477719556297469,0.8125949950805557,0.13517696054919126,14.262603967768843,1.0
13,rotate_+10,layer4_pooled,full_normalized_distance,0.9478145935659307,0.8994056129679957,0.04840898059793497,5.1074314456117875,1.0
14,rotate_+10,layer4_pooled,full_normalized_distance,0.9682401422894614,0.8796144810890987,0.08862566120036275,9.153272760485903,1.0
15,rotate_+10,layer4_pooled,full_normalized_distance,0.9323501604082619,0.6977024152802233,0.23464774512803865,25.16734110122728,1.0
16,rotate_+10,layer4_pooled,full_normalized_distance,1.0038544162772234,0.8698118896569946,0.13404252662022875,13.352785468354025,1.0
17,rotate_+10,layer4_pooled,full_normalized_distance,0.964216793084898,0.907360645975755,0.056856147109142996,5.89661448720256,1.0
18,rotate_+10,layer4_pooled,full_normalized_distance,0.9504635972161302,0.8937374407546054,0.05672615646152479,5.96826187006149,1.0
19,rotate_+10,layer4_pooled,full_normalized_distance,1.2120533877690995,1.037892134223504,0.17416125354559564,14.369107442207016,1.0
20,rotate_+10,layer4_pooled,full_normalized_distance,0.974676431860278,0.8563413306764037,0.11833510118387425,12.14096261237149,1.0
21,rotate_+10,layer4_pooled,full_normalized_distance,0.9338526027742231,0.8565977476341995,0.07725485514002361,8.272703305686319,1.0
22,rotate_+10,layer4_pooled,full_normalized_distance,1.096264591620147,1.0431749804335566,0.05308961118659039,4.84277350489647,1.0
23,rotate_+10,layer4_pooled,full_normalized_distance,0.9926393336159617,0.9046578397484212,0.0879814938675405,8.86338984240682,1.0
24,rotate_+10,layer4_pooled,full_normalized_distance,0.9774595489327447,0.8332299923398911,0.14422955659285353,14.755552467637704,1.0
25,rotate_+10,layer4_pooled,full_normalized_distance,0.9396439515131433,0.7898908742549196,0.14975307725822373,15.937215050116746,1.0
26,rotate_+10,layer4_pooled,full_normalized_distance,1.075120027627968,0.8997372389384235,0.1753827886895445,16.312856628327122,1.0
27,rotate_+10,layer4_pooled,full_normalized_distance,0.9810116849022567,0.8791454074573262,0.10186627744493049,10.38379858390536,1.0
28,rotate_+10,layer4_pooled,full_normalized_distance,0.9237712173193273,0.8744670062027119,0.049304211116615426,5.3372750949782715,1.0
29,rotate_+10,layer4_pooled,full_normalized_distance,1.0551902985357486,0.9092859847295592,0.1459043138061894,13.827298640682873,1.0
30,rotate_+10,layer4_pooled,full_normalized_distance,0.9701070509661911,0.8838035961663242,0.0863034547998669,8.896281571587679,1.0
31,rotate_+10,layer4_pooled,full_normalized_distance,0.9345263687054781,0.83887709943713,0.09564926926834816,10.235053014153127,1.0
32,rotate_+10,layer4_pooled,full_normalized_distance,0.9693462321318738,0.9230873412222926,0.04625889090958113,4.772174211457621,1.0
33,rotate_+10,layer4_pooled,full_normalized_distance,0.9771927897642868,0.9070819127590519,0.07011087700523488,7.1747231190761145,1.0
2,rotate_+10,layer4_pooled,cp_eq1_optimized,0.16654451191425323,0.020721834152936935,0.1458226777613163,87.55778025007433,1.0
3,rotate_+10,layer4_pooled,cp_eq1_optimized,0.0674145519733429,0.10195519030094147,-0.03454063832759857,-51.23617574547449,0.0
4,rotate_+10,layer4_pooled,cp_eq1_optimized,0.10150505602359772,0.05767055228352547,0.04383450374007225,43.18455203792985,1.0
5,rotate_+10,layer4_pooled,cp_eq1_optimized,0.035994015634059906,0.020363375544548035,0.01563064008951187,43.42566344358331,1.0
6,rotate_+10,layer4_pooled,cp_eq1_optimized,0.056340910494327545,0.0691971704363823,-0.012856259942054749,-22.818693963280808,0.0
7,rotate_+10,layer4_pooled,cp_eq1_optimized,0.03943226858973503,0.04006918519735336,-0.0006369166076183319,-1.6152167511051627,0.0
8,rotate_+10,layer4_pooled,cp_eq1_optimized,0.03800873085856438,0.03426295518875122,0.003745775669813156,9.85504010553034,1.0
9,rotate_+10,layer4_pooled,cp_eq1_optimized,0.09159805625677109,0.022347504273056984,0.0692505519837141,75.60264356356247,1.0
10,rotate_+10,layer4_pooled,cp_eq1_optimized,0.12207524478435516,0.0359857976436615,0.08608944714069366,70.52162565151083,1.0
11,rotate_+10,layer4_pooled,cp_eq1_optimized,0.06633101403713226,0.05728422850370407,0.009046785533428192,13.638847022943732,1.0
12,rotate_+10,layer4_pooled,cp_eq1_optimized,0.10341409593820572,0.0646892860531807,0.038724809885025024,37.446355386397485,1.0
13,rotate_+10,layer4_pooled,cp_eq1_optimized,0.09724239259958267,0.050667647272348404,0.04657474532723427,47.89551560967577,1.0
14,rotate_+10,layer4_pooled,cp_eq1_optimized,0.09773584455251694,0.061317019164562225,0.03641882538795471,37.262506457406175,1.0
15,rotate_+10,layer4_pooled,cp_eq1_optimized,0.08732659369707108,0.04320541396737099,0.04412117972970009,50.52433383838108,1.0
16,rotate_+10,layer4_pooled,cp_eq1_optimized,0.07146121561527252,0.034631483256816864,0.03682973235845566,51.53807144314672,1.0
17,rotate_+10,layer4_pooled,cp_eq1_optimized,0.21545276045799255,0.1380222886800766,0.07743047177791595,35.93849139503293,1.0
18,rotate_+10,layer4_pooled,cp_eq1_optimized,0.17202228307724,0.1579698920249939,0.014052391052246094,8.168936489381855,1.0
19,rotate_+10,layer4_pooled,cp_eq1_optimized,0.16474883258342743,0.05706057325005531,0.10768825933337212,65.36511224028615,1.0
20,rotate_+10,layer4_pooled,cp_eq1_optimized,0.1308675855398178,0.1466398984193802,-0.015772312879562378,-12.052115743086715,0.0
21,rotate_+10,layer4_pooled,cp_eq1_optimized,0.11753135919570923,0.06414564698934555,0.05338571220636368,45.42252601453657,1.0
22,rotate_+10,layer4_pooled,cp_eq1_optimized,0.02739715203642845,0.07258941978216171,-0.04519226774573326,-164.95242893857773,0.0
23,rotate_+10,layer4_pooled,cp_eq1_optimized,0.12785613536834717,0.07900141179561615,0.04885472357273102,38.21069941743576,1.0
24,rotate_+10,layer4_pooled,cp_eq1_optimized,0.10181071609258652,0.04771329462528229,0.05409742146730423,53.13529218041916,1.0
25,rotate_+10,layer4_pooled,cp_eq1_optimized,0.16109555959701538,0.12845420837402344,0.03264135122299194,20.262104867721053,1.0
26,rotate_+10,layer4_pooled,cp_eq1_optimized,0.10574761033058167,0.07339733839035034,0.03235027194023132,30.591964999297833,1.0
27,rotate_+10,layer4_pooled,cp_eq1_optimized,0.026786433532834053,0.019586022943258286,0.0072004105895757675,26.880811066097696,1.0
28,rotate_+10,layer4_pooled,cp_eq1_optimized,0.08277961611747742,0.04056443274021149,0.04221518337726593,50.99707555643398,1.0
29,rotate_+10,layer4_pooled,cp_eq1_optimized,0.23017501831054688,0.14459459483623505,0.08558042347431183,37.18058723404852,1.0
30,rotate_+10,layer4_pooled,cp_eq1_optimized,0.048649996519088745,0.02298165112733841,0.025668345391750336,52.7612481557964,1.0
31,rotate_+10,layer4_pooled,cp_eq1_optimized,0.02097843587398529,0.06767715513706207,-0.04669871926307678,-222.60343688806842,0.0
32,rotate_+10,layer4_pooled,cp_eq1_optimized,0.08758437633514404,0.20592652261257172,-0.11834214627742767,-135.11787287636437,0.0
33,rotate_+10,layer4_pooled,cp_eq1_optimized,0.10894954949617386,0.15810979902744293,-0.049160249531269073,-45.12203103010011,0.0
2,rotate_-10,concat,bp_eq2_uniform,0.3598878085613251,0.28613555431365967,0.0737522542476654,20.493123827197678,1.0
3,rotate_-10,concat,bp_eq2_uniform,0.36638063192367554,0.2873286008834839,0.07905203104019165,21.576476525223097,1.0
4,rotate_-10,concat,bp_eq2_uniform,0.3359386622905731,0.27477070689201355,0.06116795539855957,18.208072563398414,1.0
5,rotate_-10,concat,bp_eq2_uniform,0.3773934245109558,0.26481571793556213,0.11257770657539368,29.830330700906853,1.0
6,rotate_-10,concat,bp_eq2_uniform,0.3257152736186981,0.25751304626464844,0.06820222735404968,20.93921681845412,1.0
7,rotate_-10,concat,bp_eq2_uniform,0.363457590341568,0.2622137665748596,0.10124382376670837,27.85574616044846,1.0
8,rotate_-10,concat,bp_eq2_uniform,0.2628556787967682,0.2274107187986374,0.0354449599981308,13.484570757704988,1.0
9,rotate_-10,concat,bp_eq2_uniform,0.4100258946418762,0.3196168541908264,0.0904090404510498,22.049592875053452,1.0
10,rotate_-10,concat,bp_eq2_uniform,0.39139798283576965,0.288473516702652,0.10292446613311768,26.296626617016,1.0
11,rotate_-10,concat,bp_eq2_uniform,0.25032123923301697,0.20108027756214142,0.04924096167087555,19.671108141503655,1.0
12,rotate_-10,concat,bp_eq2_uniform,0.35259753465652466,0.2744511663913727,0.07814636826515198,22.163050102166757,1.0
13,rotate_-10,concat,bp_eq2_uniform,0.3746836483478546,0.29901549220085144,0.07566815614700317,20.195211742080414,1.0
14,rotate_-10,concat,bp_eq2_uniform,0.34989088773727417,0.28043076395988464,0.06946012377738953,19.85193847898868,1.0
15,rotate_-10,concat,bp_eq2_uniform,0.31922876834869385,0.23066678643226624,0.08856198191642761,27.74248147316531,1.0
16,rotate_-10,concat,bp_eq2_uniform,0.3225622773170471,0.22433502972126007,0.09822724759578705,30.452180711427324,1.0
17,rotate_-10,concat,bp_eq2_uniform,0.35391053557395935,0.2856972813606262,0.06821325421333313,19.27415189901442,1.0
18,rotate_-10,concat,bp_eq2_uniform,0.3657921552658081,0.27118736505508423,0.09460479021072388,25.86299045744142,1.0
19,rotate_-10,concat,bp_eq2_uniform,0.35825851559638977,0.2511536777019501,0.1071048378944397,29.895964291551945,1.0
20,rotate_-10,concat,bp_eq2_uniform,0.29813119769096375,0.2186504453420639,0.07948075234889984,26.659656206466945,1.0
21,rotate_-10,concat,bp_eq2_uniform,0.33557945489883423,0.26429808139801025,0.07128137350082397,21.241280555181923,1.0
22,rotate_-10,concat,bp_eq2_uniform,0.2744351625442505,0.21817226707935333,0.056262895464897156,20.501343538884235,1.0
23,rotate_-10,concat,bp_eq2_uniform,0.3711642026901245,0.2924192249774933,0.07874497771263123,21.215671431051565,1.0
24,rotate_-10,concat,bp_eq2_uniform,0.34961795806884766,0.25154539942741394,0.09807255864143372,28.051350446317894,1.0
25,rotate_-10,concat,bp_eq2_uniform,0.30042269825935364,0.20013287663459778,0.10028982162475586,33.38290422311641,1.0
26,rotate_-10,concat,bp_eq2_uniform,0.3246162235736847,0.22258484363555908,0.10203137993812561,31.43138651991963,1.0
27,rotate_-10,concat,bp_eq2_uniform,0.37037593126296997,0.2843072712421417,0.08606866002082825,23.23818929785867,1.0
28,rotate_-10,concat,bp_eq2_uniform,0.3569349944591522,0.2943989336490631,0.06253606081008911,17.52029410976417,1.0
29,rotate_-10,concat,bp_eq2_uniform,0.40811946988105774,0.27756378054618835,0.13055568933486938,31.98957632984249,1.0
30,rotate_-10,concat,bp_eq2_uniform,0.37249308824539185,0.30066320300102234,0.0718298852443695,19.28354847670527,1.0
31,rotate_-10,concat,bp_eq2_uniform,0.37949731945991516,0.2944822609424591,0.08501505851745605,22.40201818506174,1.0
32,rotate_-10,concat,bp_eq2_uniform,0.3193649351596832,0.2492135912179947,0.07015134394168854,21.965887991552062,1.0
33,rotate_-10,concat,bp_eq2_uniform,0.32613715529441833,0.24324247241020203,0.08289468288421631,25.417123298671527,1.0
2,rotate_-10,concat,full_normalized_distance,0.8483959082425199,0.7564860267231109,0.09190988151940893,10.833371616524525,1.0
3,rotate_-10,concat,full_normalized_distance,0.8560147567929838,0.7580614762451445,0.09795328054783925,11.442942983214666,1.0
4,rotate_-10,concat,full_normalized_distance,0.8196812335177293,0.7413106054711662,0.07837062804656303,9.561110446573657,1.0
5,rotate_-10,concat,full_normalized_distance,0.8687846965859329,0.7277578140227174,0.1410268825632155,16.232661914654706,1.0
6,rotate_-10,concat,full_normalized_distance,0.8071124749608298,0.7176531840166926,0.08945929094413718,11.083869190396037,1.0
7,rotate_-10,concat,full_normalized_distance,0.852593209381318,0.7241736899043759,0.12841951947694208,15.062226401026432,1.0
8,rotate_-10,concat,full_normalized_distance,0.7250595545150318,0.6744045059141248,0.05065504860090697,6.986329369139696,1.0
9,rotate_-10,concat,full_normalized_distance,0.9055671092104397,0.7995209242925746,0.1060461849178651,11.710472237690837,1.0
10,rotate_-10,concat,full_normalized_distance,0.8847575745205798,0.7595702952362632,0.1251872792843166,14.149331171537002,1.0
11,rotate_-10,concat,full_normalized_distance,0.7075609362210677,0.6341613005571082,0.07339963566395957,10.373613339349633,1.0
12,rotate_-10,concat,full_normalized_distance,0.8397589352385894,0.7408794320149166,0.09887950322367278,11.774748570607557,1.0
13,rotate_-10,concat,full_normalized_distance,0.8656600352885128,0.7733246306705244,0.09233540461798839,10.666474233976574,1.0
14,rotate_-10,concat,full_normalized_distance,0.8365296022703251,0.7489068886849481,0.08762271358537699,10.47455025470299,1.0
15,rotate_-10,concat,full_normalized_distance,0.7990353788771731,0.6792154097666899,0.1198199691104832,14.995577452240928,1.0
16,rotate_-10,concat,full_normalized_distance,0.8031964607952989,0.6698283805890283,0.13336808020627067,16.60466482559546,1.0
17,rotate_-10,concat,full_normalized_distance,0.8413210274015019,0.7559064510382567,0.08541457636324523,10.152435703046024,1.0
18,rotate_-10,concat,full_normalized_distance,0.8553270196431398,0.7364609494808048,0.11886607016233508,13.897148977216867,1.0
19,rotate_-10,concat,full_normalized_distance,0.8464732903008692,0.7087364498908605,0.13773684041000867,16.271847202749772,1.0
20,rotate_-10,concat,full_normalized_distance,0.7721802868384607,0.6612872981421372,0.11089298869632358,14.361023013188975,1.0
21,rotate_-10,concat,full_normalized_distance,0.8192428881581264,0.7270461902768081,0.09219669788131835,11.253890538920423,1.0
22,rotate_-10,concat,full_normalized_distance,0.7408578305508425,0.6605638002181975,0.08029403033264504,10.837980921769628,1.0
23,rotate_-10,concat,full_normalized_distance,0.8615848219300576,0.7647473111786576,0.09683751075140001,11.239463403540409,1.0
24,rotate_-10,concat,full_normalized_distance,0.8362032744122061,0.7092889389063021,0.12691433550590403,15.177450195344473,1.0
25,rotate_-10,concat,full_normalized_distance,0.7751421782606771,0.6326655935557074,0.1424765847049697,18.380703398760428,1.0
26,rotate_-10,concat,full_normalized_distance,0.8057496181490683,0.6672103770709192,0.13853924107814908,17.193832669287918,1.0
27,rotate_-10,concat,full_normalized_distance,0.8606694269729465,0.7540653436435621,0.10660408332938431,12.386182195898002,1.0
28,rotate_-10,concat,full_normalized_distance,0.8449082724877917,0.7673316540441468,0.07757661844364483,9.181661603943397,1.0
29,rotate_-10,concat,full_normalized_distance,0.9034594289519123,0.7450688297683488,0.15839059918356357,17.531567451472,1.0
30,rotate_-10,concat,full_normalized_distance,0.8631258173005739,0.7754523879659181,0.08767342933465583,10.15766503297896,1.0
31,rotate_-10,concat,full_normalized_distance,0.8712029837643064,0.7674402399437484,0.10376274382055795,11.910283338573898,1.0
32,rotate_-10,concat,full_normalized_distance,0.7992057747034655,0.7059937552386631,0.0932120194648024,11.663081325866399,1.0
33,rotate_-10,concat,full_normalized_distance,0.8076350107498044,0.6974847273026156,0.1101502834471888,13.638621652222511,1.0
2,rotate_-10,concat,cp_eq1_optimized,0.22261348366737366,0.1432695984840393,0.07934388518333435,35.641994310431166,1.0
3,rotate_-10,concat,cp_eq1_optimized,0.2015104442834854,0.16992509365081787,0.03158535063266754,15.674299535599477,1.0
4,rotate_-10,concat,cp_eq1_optimized,0.2047848403453827,0.15611067414283752,0.048674166202545166,23.768442097674512,1.0
5,rotate_-10,concat,cp_eq1_optimized,0.22672902047634125,0.16987724602222443,0.05685177445411682,25.074767374032938,1.0
6,rotate_-10,concat,cp_eq1_optimized,0.17614489793777466,0.1578904688358307,0.01825442910194397,10.363302778312056,1.0
7,rotate_-10,concat,cp_eq1_optimized,0.20009607076644897,0.15555904805660248,0.0445370227098465,22.257819725809252,1.0
8,rotate_-10,concat,cp_eq1_optimized,0.1871553659439087,0.15564055740833282,0.03151480853557587,16.838848502400197,1.0
9,rotate_-10,concat,cp_eq1_optimized,0.24242080748081207,0.17027099430561066,0.07214981317520142,29.762219639753713,1.0
10,rotate_-10,concat,cp_eq1_optimized,0.1804366260766983,0.1208193302154541,0.0596172958612442,33.04057338977965,1.0
11,rotate_-10,concat,cp_eq1_optimized,0.19987305998802185,0.1422407627105713,0.05763229727745056,28.834449865637744,1.0
12,rotate_-10,concat,cp_eq1_optimized,0.2448192536830902,0.20206128060817719,0.042757973074913025,17.46511862587697,1.0
13,rotate_-10,concat,cp_eq1_optimized,0.20987388491630554,0.16854135692119598,0.04133252799510956,19.69398337072542,1.0
14,rotate_-10,concat,cp_eq1_optimized,0.22590963542461395,0.1494053453207016,0.07650429010391235,33.8649964884314,1.0
15,rotate_-10,concat,cp_eq1_optimized,0.2407970130443573,0.16929687559604645,0.07150013744831085,29.693116431989484,1.0
16,rotate_-10,concat,cp_eq1_optimized,0.18892961740493774,0.11355600506067276,0.07537361234426498,39.89507488511757,1.0
17,rotate_-10,concat,cp_eq1_optimized,0.20288316905498505,0.17377132177352905,0.029111847281455994,14.34906967241953,1.0
18,rotate_-10,concat,cp_eq1_optimized,0.20946680009365082,0.17073440551757812,0.03873239457607269,18.490946803298115,1.0
19,rotate_-10,concat,cp_eq1_optimized,0.20894385874271393,0.13913021981716156,0.06981363892555237,33.41263023728507,1.0
20,rotate_-10,concat,cp_eq1_optimized,0.1975977122783661,0.13076251745224,0.0668351948261261,33.82387076001855,1.0
21,rotate_-10,concat,cp_eq1_optimized,0.20484644174575806,0.174459308385849,0.030387133359909058,14.834103585492214,1.0
22,rotate_-10,concat,cp_eq1_optimized,0.1755298376083374,0.14649489521980286,0.029034942388534546,16.541314447721003,1.0
23,rotate_-10,concat,cp_eq1_optimized,0.20003721117973328,0.1584622710943222,0.04157494008541107,20.78360313064362,1.0
24,rotate_-10,concat,cp_eq1_optimized,0.19228626787662506,0.1413150429725647,0.050971224904060364,26.507990126730995,1.0
25,rotate_-10,concat,cp_eq1_optimized,0.20700301229953766,0.13185536861419678,0.07514764368534088,36.3026812268015,1.0
26,rotate_-10,concat,cp_eq1_optimized,0.2185419797897339,0.15662777423858643,0.06191420555114746,28.33057777294493,1.0
27,rotate_-10,concat,cp_eq1_optimized,0.1960698664188385,0.16804076731204987,0.028029099106788635,14.295464988368364,1.0
28,rotate_-10,concat,cp_eq1_optimized,0.17180883884429932,0.1404205709695816,0.03138826787471771,18.269297485317644,1.0
29,rotate_-10,concat,cp_eq1_optimized,0.2268504947423935,0.16603347659111023,0.060817018151283264,26.809294914731247,1.0
30,rotate_-10,concat,cp_eq1_optimized,0.23402290046215057,0.17191967368125916,0.06210322678089142,26.5372434312984,1.0
31,rotate_-10,concat,cp_eq1_optimized,0.17707769572734833,0.1574329137802124,0.019644781947135925,11.09387710650619,1.0
32,rotate_-10,concat,cp_eq1_optimized,0.18944688141345978,0.1605750173330307,0.028871864080429077,15.240084114799998,1.0
33,rotate_-10,concat,cp_eq1_optimized,0.18861724436283112,0.15983614325523376,0.02878110110759735,15.258997768030355,1.0
2,rotate_-10,layer2_flat,bp_eq2_uniform,0.3753957450389862,0.2836308479309082,0.091764897108078,24.444842095454078,1.0
3,rotate_-10,layer2_flat,bp_eq2_uniform,0.38332992792129517,0.27499672770500183,0.10833320021629333,28.261085901504035,1.0
4,rotate_-10,layer2_flat,bp_eq2_uniform,0.3339494466781616,0.2570604979991913,0.07688894867897034,23.024128185737222,1.0
5,rotate_-10,layer2_flat,bp_eq2_uniform,0.3818909525871277,0.2498185783624649,0.13207237422466278,34.58379239664885,1.0
6,rotate_-10,layer2_flat,bp_eq2_uniform,0.33225563168525696,0.25857773423194885,0.0736778974533081,22.175063543507015,1.0
7,rotate_-10,layer2_flat,bp_eq2_uniform,0.3666812777519226,0.26592135429382324,0.10075992345809937,27.478884134900795,1.0
8,rotate_-10,layer2_flat,bp_eq2_uniform,0.23572200536727905,0.21735955774784088,0.01836244761943817,7.7898741743477435,1.0
9,rotate_-10,layer2_flat,bp_eq2_uniform,0.40153560042381287,0.30843958258628845,0.09309601783752441,23.184997230390422,1.0
10,rotate_-10,layer2_flat,bp_eq2_uniform,0.422248899936676,0.2908894419670105,0.13135945796966553,31.109484948108616,1.0
11,rotate_-10,layer2_flat,bp_eq2_uniform,0.2515093684196472,0.20445139706134796,0.047057971358299255,18.71022604597186,1.0
12,rotate_-10,layer2_flat,bp_eq2_uniform,0.3512662649154663,0.2654258608818054,0.08584040403366089,24.43741759661275,1.0
13,rotate_-10,layer2_flat,bp_eq2_uniform,0.3967636227607727,0.28846439719200134,0.10829922556877136,27.295653975263015,1.0
14,rotate_-10,layer2_flat,bp_eq2_uniform,0.3495959937572479,0.2782321274280548,0.07136386632919312,20.413239168450698,1.0
15,rotate_-10,layer2_flat,bp_eq2_uniform,0.28725823760032654,0.21891120076179504,0.0683470368385315,23.792890121879616,1.0
16,rotate_-10,layer2_flat,bp_eq2_uniform,0.3254948854446411,0.20350074768066406,0.12199413776397705,37.47958669057199,1.0
17,rotate_-10,layer2_flat,bp_eq2_uniform,0.36896803975105286,0.27448514103889465,0.0944828987121582,25.607339534245533,1.0
18,rotate_-10,layer2_flat,bp_eq2_uniform,0.37767505645751953,0.26228171586990356,0.11539334058761597,30.553603849209924,1.0
19,rotate_-10,layer2_flat,bp_eq2_uniform,0.34075626730918884,0.22197991609573364,0.1187763512134552,34.85668866813054,1.0
20,rotate_-10,layer2_flat,bp_eq2_uniform,0.2803918719291687,0.20230095088481903,0.07809092104434967,27.850636506252982,1.0
21,rotate_-10,layer2_flat,bp_eq2_uniform,0.3190426826477051,0.23551636934280396,0.08352631330490112,26.18029431405928,1.0
22,rotate_-10,layer2_flat,bp_eq2_uniform,0.26822972297668457,0.19646839797496796,0.07176132500171661,26.75368121216261,1.0
23,rotate_-10,layer2_flat,bp_eq2_uniform,0.37194517254829407,0.2908758819103241,0.08106929063796997,21.796032485735736,1.0
24,rotate_-10,layer2_flat,bp_eq2_uniform,0.3274999260902405,0.22586025297641754,0.10163967311382294,31.035021695090837,1.0
25,rotate_-10,layer2_flat,bp_eq2_uniform,0.28055912256240845,0.16557438671588898,0.11498473584651947,40.98413724562889,1.0
26,rotate_-10,layer2_flat,bp_eq2_uniform,0.3014175593852997,0.19509918987751007,0.10631836950778961,35.27278560819708,1.0
27,rotate_-10,layer2_flat,bp_eq2_uniform,0.38441362977027893,0.29503947496414185,0.08937415480613708,23.249476055079924,1.0
28,rotate_-10,layer2_flat,bp_eq2_uniform,0.3780149817466736,0.29717957973480225,0.08083540201187134,21.384179441287138,1.0
29,rotate_-10,layer2_flat,bp_eq2_uniform,0.4304850101470947,0.2699950933456421,0.16048991680145264,37.28118587595911,1.0
30,rotate_-10,layer2_flat,bp_eq2_uniform,0.3691989481449127,0.2847752571105957,0.08442369103431702,22.866720357218234,1.0
31,rotate_-10,layer2_flat,bp_eq2_uniform,0.392782598733902,0.2962828278541565,0.09649977087974548,24.568239833067402,1.0
32,rotate_-10,layer2_flat,bp_eq2_uniform,0.3071857690811157,0.2234029918909073,0.08378277719020844,27.274302921178602,1.0
33,rotate_-10,layer2_flat,bp_eq2_uniform,0.33092281222343445,0.21175166964530945,0.119171142578125,36.01176412622234,1.0
2,rotate_-10,layer2_flat,full_normalized_distance,0.8664822502959726,0.7531677740462721,0.11331447624970048,13.077530002589643,1.0
3,rotate_-10,layer2_flat,full_normalized_distance,0.8755911465076553,0.7416154363347649,0.13397571017289045,15.301172323076486,1.0
4,rotate_-10,layer2_flat,full_normalized_distance,0.8172508142279965,0.7170223120645428,0.10022850216345369,12.26410551306827,1.0
5,rotate_-10,layer2_flat,full_normalized_distance,0.8739461683503483,0.7068501656821832,0.16709600266816516,19.119713401041924,1.0
6,rotate_-10,layer2_flat,full_normalized_distance,0.8151756027817036,0.7191352226555849,0.09604038012611871,11.78155722500439,1.0
7,rotate_-10,layer2_flat,full_normalized_distance,0.8563659004793718,0.7292754682475248,0.12709043223184702,14.840669410185138,1.0
8,rotate_-10,layer2_flat,full_normalized_distance,0.6866178054307637,0.6593323255352204,0.027285479895543308,3.9738963481125382,1.0
9,rotate_-10,layer2_flat,full_normalized_distance,0.8961423998715973,0.7854165551938518,0.11072584467774549,12.35583147203917,1.0
10,rotate_-10,layer2_flat,full_normalized_distance,0.9189656140864858,0.7627443109810922,0.15622130310539362,16.99968972838208,1.0
11,rotate_-10,layer2_flat,full_normalized_distance,0.709238138314131,0.639455075922223,0.06978306239190801,9.83915819271718,1.0
12,rotate_-10,layer2_flat,full_normalized_distance,0.8381721361575631,0.7285957190126846,0.10957641714487854,13.073259348262223,1.0
13,rotate_-10,layer2_flat,full_normalized_distance,0.8908014624603764,0.7595582889969688,0.13124317346340764,14.733156488177421,1.0
14,rotate_-10,layer2_flat,full_normalized_distance,0.8361770072864333,0.7459653174619512,0.09021168982448213,10.788587707898088,1.0
15,rotate_-10,layer2_flat,full_normalized_distance,0.7579686505394884,0.6616814955275613,0.09628715501192708,12.703316284026673,1.0
16,rotate_-10,layer2_flat,full_normalized_distance,0.8068393711819486,0.6379666882849983,0.16887268289695034,20.930149039375387,1.0
17,rotate_-10,layer2_flat,full_normalized_distance,0.85903205964743,0.7409252877839906,0.11810677186343943,13.748820027948218,1.0
18,rotate_-10,layer2_flat,full_normalized_distance,0.8691088038416358,0.7242675139337723,0.1448412899078635,16.665495651116316,1.0
19,rotate_-10,layer2_flat,full_normalized_distance,0.825537724527703,0.6663031083459444,0.1592346161817586,19.288593537341395,1.0
20,rotate_-10,layer2_flat,full_normalized_distance,0.7488549551537583,0.6360832506595643,0.11277170449419405,15.059218573360265,1.0
21,rotate_-10,layer2_flat,full_normalized_distance,0.7988024569913453,0.6863182488362144,0.11248420815513094,14.081605179164946,1.0
22,rotate_-10,layer2_flat,full_normalized_distance,0.7324339191718043,0.6268467084941388,0.10558721067766552,14.415936771048715,1.0
23,rotate_-10,layer2_flat,full_normalized_distance,0.8624907797168548,0.7627265327892089,0.09976424692764596,11.566992862263602,1.0
24,rotate_-10,layer2_flat,full_normalized_distance,0.8093206114887233,0.6721015592548756,0.13721905223384767,16.954844629653927,1.0
25,rotate_-10,layer2_flat,full_normalized_distance,0.7490782636846546,0.5754552749187185,0.17362298876593607,23.178217441748615,1.0
26,rotate_-10,layer2_flat,full_normalized_distance,0.7764245737807371,0.62465861056662,0.15176596321411717,19.546774836724904,1.0
27,rotate_-10,layer2_flat,full_normalized_distance,0.8768279532157708,0.7681659650936663,0.10866198812210448,12.39262362969408,1.0
28,rotate_-10,layer2_flat,full_normalized_distance,0.8694998352463025,0.7709469238991777,0.09855291134712474,11.334437035182921,1.0
29,rotate_-10,layer2_flat,full_normalized_distance,0.9278847020477218,0.7348402456937727,0.19304445635394907,20.804789207938963,1.0
30,rotate_-10,layer2_flat,full_normalized_distance,0.8593008182760129,0.7546857055895463,0.10461511268646662,12.174445835654009,1.0
31,rotate_-10,layer2_flat,full_normalized_distance,0.886321159325334,0.7697828627011081,0.11653829662422588,13.148540503399822,1.0
32,rotate_-10,layer2_flat,full_normalized_distance,0.7838185620168939,0.6684354746584105,0.11538308735848346,14.720637268583769,1.0
33,rotate_-10,layer2_flat,full_normalized_distance,0.8135389507865428,0.6507713417865133,0.1627676090000295,20.00735291684105,1.0
2,rotate_-10,layer2_flat,cp_eq1_optimized,0.22526690363883972,0.17472726106643677,0.050539642572402954,22.435449573722792,1.0
3,rotate_-10,layer2_flat,cp_eq1_optimized,0.20926350355148315,0.1677224487066269,0.04154105484485626,19.851074907783808,1.0
4,rotate_-10,layer2_flat,cp_eq1_optimized,0.18739119172096252,0.1484532356262207,0.03893795609474182,20.778968177178328,1.0
5,rotate_-10,layer2_flat,cp_eq1_optimized,0.21291790902614594,0.16470135748386383,0.048216551542282104,22.645606357206308,1.0
6,rotate_-10,layer2_flat,cp_eq1_optimized,0.18735098838806152,0.1627260148525238,0.02462497353553772,13.143764944757264,1.0
7,rotate_-10,layer2_flat,cp_eq1_optimized,0.20896901190280914,0.1668061465024948,0.04216286540031433,20.176611362704048,1.0
8,rotate_-10,layer2_flat,cp_eq1_optimized,0.19771024584770203,0.16670900583267212,0.031001240015029907,15.68013831653097,1.0
9,rotate_-10,layer2_flat,cp_eq1_optimized,0.23105336725711823,0.17291629314422607,0.05813707411289215,25.16175150477036,1.0
10,rotate_-10,layer2_flat,cp_eq1_optimized,0.2046533226966858,0.14661401510238647,0.058039307594299316,28.359816898763512,1.0
11,rotate_-10,layer2_flat,cp_eq1_optimized,0.2052910476922989,0.1571911871433258,0.048099860548973083,23.43008187129202,1.0
12,rotate_-10,layer2_flat,cp_eq1_optimized,0.23813480138778687,0.18946519494056702,0.04866960644721985,20.437838637352385,1.0
13,rotate_-10,layer2_flat,cp_eq1_optimized,0.2137034833431244,0.17872849106788635,0.03497499227523804,16.366131112106483,1.0
14,rotate_-10,layer2_flat,cp_eq1_optimized,0.21300353109836578,0.14918117225170135,0.06382235884666443,29.963052028884633,1.0
15,rotate_-10,layer2_flat,cp_eq1_optimized,0.22822462022304535,0.17227225005626678,0.055952370166778564,24.516360290949677,1.0
16,rotate_-10,layer2_flat,cp_eq1_optimized,0.17935563623905182,0.11402219533920288,0.06533344089984894,36.42675650984608,1.0
17,rotate_-10,layer2_flat,cp_eq1_optimized,0.1997368484735489,0.17107835412025452,0.028658494353294373,14.348125832648316,1.0
18,rotate_-10,layer2_flat,cp_eq1_optimized,0.21107010543346405,0.16603198647499084,0.045038118958473206,21.337990458557506,1.0
19,rotate_-10,layer2_flat,cp_eq1_optimized,0.181620791554451,0.13073129951953888,0.05088949203491211,28.019640041803772,1.0
20,rotate_-10,layer2_flat,cp_eq1_optimized,0.1756386160850525,0.122574582695961,0.05306403338909149,30.21205391591862,1.0
21,rotate_-10,layer2_flat,cp_eq1_optimized,0.1865876019001007,0.1522400677204132,0.0343475341796875,18.408261765373425,1.0
22,rotate_-10,layer2_flat,cp_eq1_optimized,0.16330745816230774,0.13613386452198029,0.027173593640327454,16.639530090018187,1.0
23,rotate_-10,layer2_flat,cp_eq1_optimized,0.21032720804214478,0.17974980175495148,0.0305774062871933,14.538017487932851,1.0
24,rotate_-10,layer2_flat,cp_eq1_optimized,0.17403723299503326,0.13482585549354553,0.03921137750148773,22.530453298106305,1.0
25,rotate_-10,layer2_flat,cp_eq1_optimized,0.17080707848072052,0.1087963879108429,0.062010690569877625,36.304520351897416,1.0
26,rotate_-10,layer2_flat,cp_eq1_optimized,0.1874970644712448,0.14399617910385132,0.043500885367393494,23.20083543165708,1.0
27,rotate_-10,layer2_flat,cp_eq1_optimized,0.22032281756401062,0.19483458995819092,0.025488227605819702,11.568582812943964,1.0
28,rotate_-10,layer2_flat,cp_eq1_optimized,0.19962510466575623,0.17318309843540192,0.02644200623035431,13.245832118407762,1.0
29,rotate_-10,layer2_flat,cp_eq1_optimized,0.21640673279762268,0.16080598533153534,0.05560074746608734,25.692706852067595,1.0
30,rotate_-10,layer2_flat,cp_eq1_optimized,0.21543776988983154,0.16421587765216827,0.05122189223766327,23.775725242430266,1.0
31,rotate_-10,layer2_flat,cp_eq1_optimized,0.20171190798282623,0.17182974517345428,0.029882162809371948,14.814278000765317,1.0
32,rotate_-10,layer2_flat,cp_eq1_optimized,0.18132171034812927,0.1485702097415924,0.032751500606536865,18.062647072694645,1.0
33,rotate_-10,layer2_flat,cp_eq1_optimized,0.1718670129776001,0.13679848611354828,0.03506852686405182,20.404454732926762,1.0
2,rotate_-10,layer3_flat,bp_eq2_uniform,0.3467836081981659,0.28814375400543213,0.058639854192733765,16.909638404550982,1.0
3,rotate_-10,layer3_flat,bp_eq2_uniform,0.3515547811985016,0.2979290187358856,0.05362576246261597,15.253885121301828,1.0
4,rotate_-10,layer3_flat,bp_eq2_uniform,0.33757469058036804,0.2900243103504181,0.04755038022994995,14.085884266992625,1.0
5,rotate_-10,layer3_flat,bp_eq2_uniform,0.37274062633514404,0.27999448776245117,0.09274613857269287,24.882218899598236,1.0
6,rotate_-10,layer3_flat,bp_eq2_uniform,0.318196564912796,0.2562606632709503,0.0619359016418457,19.464666961010412,1.0
7,rotate_-10,layer3_flat,bp_eq2_uniform,0.3596116602420807,0.25783172249794006,0.10177993774414062,28.302735699766284,1.0
8,rotate_-10,layer3_flat,bp_eq2_uniform,0.31729549169540405,0.24756662547588348,0.06972886621952057,21.97600282522729,1.0
9,rotate_-10,layer3_flat,bp_eq2_uniform,0.41882336139678955,0.3312411904335022,0.08758217096328735,20.91148179294222,1.0
10,rotate_-10,layer3_flat,bp_eq2_uniform,0.367512971162796,0.2865085303783417,0.08100444078445435,22.041246742377336,1.0
11,rotate_-10,layer3_flat,bp_eq2_uniform,0.24835485219955444,0.19558046758174896,0.05277438461780548,21.249588703500944,1.0
12,rotate_-10,layer3_flat,bp_eq2_uniform,0.35411176085472107,0.2849786877632141,0.06913307309150696,19.52295312769193,1.0
13,rotate_-10,layer3_flat,bp_eq2_uniform,0.3568381071090698,0.3074079155921936,0.04943019151687622,13.852273771206013,1.0
14,rotate_-10,layer3_flat,bp_eq2_uniform,0.3501300513744354,0.2827902138233185,0.06733983755111694,19.232807148824303,1.0
15,rotate_-10,layer3_flat,bp_eq2_uniform,0.3630690574645996,0.24677050113677979,0.11629855632781982,32.03207597464815,1.0
16,rotate_-10,layer3_flat,bp_eq2_uniform,0.31926992535591125,0.2470323145389557,0.07223761081695557,22.625873932911556,1.0
17,rotate_-10,layer3_flat,bp_eq2_uniform,0.3420087695121765,0.2943747043609619,0.0476340651512146,13.92773209266478,1.0
18,rotate_-10,layer3_flat,bp_eq2_uniform,0.35512301325798035,0.2789773643016815,0.07614564895629883,21.442048561569322,1.0
19,rotate_-10,layer3_flat,bp_eq2_uniform,0.3808135390281677,0.2888697385787964,0.09194380044937134,24.144047158556795,1.0
20,rotate_-10,layer3_flat,bp_eq2_uniform,0.32008910179138184,0.23890730738639832,0.08118179440498352,25.36224880834592,1.0
21,rotate_-10,layer3_flat,bp_eq2_uniform,0.3498167097568512,0.2891343832015991,0.060682326555252075,17.346891918701473,1.0
22,rotate_-10,layer3_flat,bp_eq2_uniform,0.2840357720851898,0.252024382352829,0.03201138973236084,11.270196530966205,1.0
23,rotate_-10,layer3_flat,bp_eq2_uniform,0.3702337443828583,0.29400256276130676,0.07623118162155151,20.590014491632896,1.0
24,rotate_-10,layer3_flat,bp_eq2_uniform,0.3706483840942383,0.2760050296783447,0.09464335441589355,25.534538521440012,1.0
25,rotate_-10,layer3_flat,bp_eq2_uniform,0.32454267144203186,0.24217453598976135,0.08236813545227051,25.379755175500517,1.0
26,rotate_-10,layer3_flat,bp_eq2_uniform,0.3584430515766144,0.26269692182540894,0.09574612975120544,26.71167130449266,1.0
27,rotate_-10,layer3_flat,bp_eq2_uniform,0.35529664158821106,0.2727648913860321,0.08253175020217896,23.228969976474193,1.0
28,rotate_-10,layer3_flat,bp_eq2_uniform,0.34144482016563416,0.29225730895996094,0.04918751120567322,14.405698461516684,1.0
29,rotate_-10,layer3_flat,bp_eq2_uniform,0.38379302620887756,0.28567489981651306,0.0981181263923645,25.565375004679872,1.0
30,rotate_-10,layer3_flat,bp_eq2_uniform,0.37527328729629517,0.3143024146556854,0.06097087264060974,16.247059064533953,1.0
31,rotate_-10,layer3_flat,bp_eq2_uniform,0.36603352427482605,0.29255202412605286,0.0734815001487732,20.07507380482475,1.0
32,rotate_-10,layer3_flat,bp_eq2_uniform,0.33379340171813965,0.27989718317985535,0.0538962185382843,16.14657996853804,1.0
33,rotate_-10,layer3_flat,bp_eq2_uniform,0.3217036724090576,0.2717474102973938,0.04995626211166382,15.528657704593243,1.0
2,rotate_-10,layer3_flat,full_normalized_distance,0.8328068301811241,0.7591360273434954,0.07367080283762872,8.846085330678408,1.0
3,rotate_-10,layer3_flat,full_normalized_distance,0.838516286303971,0.7719184137405787,0.06659787256339234,7.942346934829896,1.0
4,rotate_-10,layer3_flat,full_normalized_distance,0.8216747417078951,0.7616092309713927,0.06006551073650246,7.310132305099213,1.0
5,rotate_-10,layer3_flat,full_normalized_distance,0.8634125622611059,0.7483241112812699,0.115088450979836,13.329485348036739,1.0
6,rotate_-10,layer3_flat,full_normalized_distance,0.7977425210088729,0.7159059481118317,0.08183657289704116,10.258519602721332,1.0
7,rotate_-10,layer3_flat,full_normalized_distance,0.848070351140848,0.7180970999773499,0.12997325116349812,15.325762890838147,1.0
8,rotate_-10,layer3_flat,full_normalized_distance,0.7966121913395552,0.7036570549292936,0.09295513641026154,11.668806656578372,1.0
9,rotate_-10,layer3_flat,full_normalized_distance,0.9152304206010523,0.8139302063856608,0.10130021421539148,11.068274385892318,1.0
10,rotate_-10,layer3_flat,full_normalized_distance,0.8573365397121436,0.7569789037725446,0.10035763593959901,11.705745794198588,1.0
11,rotate_-10,layer3_flat,full_normalized_distance,0.70477635062416,0.6254286011716269,0.07934774945253309,11.258571514516486,1.0
12,rotate_-10,layer3_flat,full_normalized_distance,0.8415601711758002,0.754955214252096,0.08660495692370418,10.290999965290618,1.0
13,rotate_-10,layer3_flat,full_normalized_distance,0.8447935926710972,0.7841019265276595,0.060691666143437684,7.184200575133254,1.0
14,rotate_-10,layer3_flat,full_normalized_distance,0.8368154532206434,0.7520508145375796,0.08476463868306383,10.12943037281753,1.0
15,rotate_-10,layer3_flat,full_normalized_distance,0.8521373803144651,0.7025247342788434,0.14961264603562163,17.557338698160898,1.0
16,rotate_-10,layer3_flat,full_normalized_distance,0.7990868855836782,0.7028973104785018,0.09618957510517645,12.037436333947115,1.0
17,rotate_-10,layer3_flat,full_normalized_distance,0.827053528512123,0.7673000773634288,0.05975345114869424,7.224858982963171,1.0
18,rotate_-10,layer3_flat,full_normalized_distance,0.8427609545511472,0.7469636728806582,0.09579728167048895,11.367076411530803,1.0
19,rotate_-10,layer3_flat,full_normalized_distance,0.8727124830414283,0.7600917557489969,0.11262072729243144,12.904677024879476,1.0
20,rotate_-10,layer3_flat,full_normalized_distance,0.8001113694872506,0.6912413578286506,0.1088700116586,13.606857221418188,1.0
21,rotate_-10,layer3_flat,full_normalized_distance,0.8364409241026544,0.7604398506148913,0.07600107348776308,9.086245220391058,1.0
22,rotate_-10,layer3_flat,full_normalized_distance,0.7537052103908926,0.7099639178899573,0.04374129250093528,5.803501408487251,1.0
23,rotate_-10,layer3_flat,full_normalized_distance,0.8605042061290094,0.7668149226003713,0.09368928352863803,10.887719416270116,1.0
24,rotate_-10,layer3_flat,full_normalized_distance,0.8609859279851655,0.7429737945289117,0.11801213345625383,13.706627439577629,1.0
25,rotate_-10,layer3_flat,full_normalized_distance,0.8056583288740108,0.6959519178646775,0.10970641100933332,13.616989619225185,1.0
26,rotate_-10,layer3_flat,full_normalized_distance,0.8466912679089283,0.7248405642972928,0.12185070361163552,14.391397222322375,1.0
27,rotate_-10,layer3_flat,full_normalized_distance,0.8429669526004101,0.7385998800244041,0.10436707257600597,12.380921014035893,1.0
28,rotate_-10,layer3_flat,full_normalized_distance,0.8263713695011876,0.7645355570017145,0.06183581249947312,7.4828115761952745,1.0
29,rotate_-10,layer3_flat,full_normalized_distance,0.8761198847291135,0.7558768415774002,0.1202430431517133,13.724496526951201,1.0
30,rotate_-10,layer3_flat,full_normalized_distance,0.8663409113002747,0.792846031276799,0.0734948800234757,8.483367120812037,1.0
31,rotate_-10,layer3_flat,full_normalized_distance,0.8556091681075256,0.7649209424849771,0.09068822562254852,10.59925828319848,1.0
32,rotate_-10,layer3_flat,full_normalized_distance,0.8170598530317588,0.7481940699843261,0.06886578304743263,8.42848694521178,1.0
33,rotate_-10,layer3_flat,full_normalized_distance,0.8021267635592988,0.7372210120410212,0.0649057515182776,8.091707503959677,1.0
2,rotate_-10,layer3_flat,cp_eq1_optimized,0.21522997319698334,0.10839050263166428,0.10683947056531906,49.63968028144517,1.0
3,rotate_-10,layer3_flat,cp_eq1_optimized,0.19178526103496552,0.16887763142585754,0.02290762960910797,11.944416106518268,1.0
4,rotate_-10,layer3_flat,cp_eq1_optimized,0.2152816355228424,0.1613621860742569,0.05391944944858551,25.046005116685365,1.0
5,rotate_-10,layer3_flat,cp_eq1_optimized,0.23523736000061035,0.1659819632768631,0.06925539672374725,29.440645279845494,1.0
6,rotate_-10,layer3_flat,cp_eq1_optimized,0.15323039889335632,0.14338676631450653,0.009843632578849792,6.424072931922875,1.0
7,rotate_-10,layer3_flat,cp_eq1_optimized,0.17555688321590424,0.13833075761795044,0.037226125597953796,21.204594724981607,1.0
8,rotate_-10,layer3_flat,cp_eq1_optimized,0.1564515382051468,0.12757159769535065,0.028879940509796143,18.459352231962576,1.0
9,rotate_-10,layer3_flat,cp_eq1_optimized,0.25122275948524475,0.16541939973831177,0.08580335974693298,34.15429395107452,1.0
10,rotate_-10,layer3_flat,cp_eq1_optimized,0.1561584323644638,0.09704205393791199,0.05911637842655182,37.85666744412457,1.0
11,rotate_-10,layer3_flat,cp_eq1_optimized,0.17844216525554657,0.1090053915977478,0.06943677365779877,38.91276120639391,1.0
12,rotate_-10,layer3_flat,cp_eq1_optimized,0.2458685040473938,0.21513962745666504,0.03072887659072876,12.498093934260265,1.0
13,rotate_-10,layer3_flat,cp_eq1_optimized,0.2024928778409958,0.15537311136722565,0.04711976647377014,23.269838907883695,1.0
14,rotate_-10,layer3_flat,cp_eq1_optimized,0.23764367401599884,0.14944295585155487,0.08820071816444397,37.11469220852683,1.0
15,rotate_-10,layer3_flat,cp_eq1_optimized,0.24373550713062286,0.153743714094162,0.08999179303646088,36.92190526342278,1.0
16,rotate_-10,layer3_flat,cp_eq1_optimized,0.1955351084470749,0.11074478179216385,0.08479032665491104,43.36322378516871,1.0
17,rotate_-10,layer3_flat,cp_eq1_optimized,0.2049681395292282,0.1743091344833374,0.030659005045890808,14.95793693408106,1.0
18,rotate_-10,layer3_flat,cp_eq1_optimized,0.2006310075521469,0.1730492264032364,0.027581781148910522,13.747516640270144,1.0
19,rotate_-10,layer3_flat,cp_eq1_optimized,0.2301120012998581,0.1385122537612915,0.09159974753856659,39.806592885525006,1.0
20,rotate_-10,layer3_flat,cp_eq1_optimized,0.21848566830158234,0.13767951726913452,0.08080615103244781,36.98464602288641,1.0
21,rotate_-10,layer3_flat,cp_eq1_optimized,0.21471060812473297,0.18910162150859833,0.025608986616134644,11.927210695215491,1.0
22,rotate_-10,layer3_flat,cp_eq1_optimized,0.1762600839138031,0.15417882800102234,0.02208125591278076,12.527655395565302,1.0
23,rotate_-10,layer3_flat,cp_eq1_optimized,0.18028968572616577,0.12987153232097626,0.050418153405189514,27.965079201196136,1.0
24,rotate_-10,layer3_flat,cp_eq1_optimized,0.20583193004131317,0.14599598944187164,0.05983594059944153,29.070290788771675,1.0
25,rotate_-10,layer3_flat,cp_eq1_optimized,0.23922808468341827,0.15439121425151825,0.08483687043190002,35.462755363281865,1.0
26,rotate_-10,layer3_flat,cp_eq1_optimized,0.2347191721200943,0.16276107728481293,0.07195809483528137,30.65710149921514,1.0
27,rotate_-10,layer3_flat,cp_eq1_optimized,0.16359636187553406,0.13282161951065063,0.030774742364883423,18.81138554175739,1.0
28,rotate_-10,layer3_flat,cp_eq1_optimized,0.14367282390594482,0.1102171540260315,0.03345566987991333,23.286011209456124,1.0
29,rotate_-10,layer3_flat,cp_eq1_optimized,0.23146338760852814,0.16624680161476135,0.06521658599376678,28.175767523019765,1.0
30,rotate_-10,layer3_flat,cp_eq1_optimized,0.24773851037025452,0.1767556369304657,0.07098287343978882,28.65233722985406,1.0
31,rotate_-10,layer3_flat,cp_eq1_optimized,0.14803911745548248,0.1392534226179123,0.00878569483757019,5.934711708986532,1.0
32,rotate_-10,layer3_flat,cp_eq1_optimized,0.19484785199165344,0.17273546755313873,0.02211238443851471,11.348538981763287,1.0
33,rotate_-10,layer3_flat,cp_eq1_optimized,0.2000085562467575,0.17586323618888855,0.024145320057868958,12.072143567677832,1.0
2,rotate_-10,layer4_pooled,bp_eq2_uniform,0.48086026310920715,0.39721348881721497,0.08364677429199219,17.395235312430337,1.0
3,rotate_-10,layer4_pooled,bp_eq2_uniform,0.46046409010887146,0.4108444154262543,0.04961967468261719,10.776013971204014,1.0
4,rotate_-10,layer4_pooled,bp_eq2_uniform,0.4620942771434784,0.3948776423931122,0.06721663475036621,14.54608682144537,1.0
5,rotate_-10,layer4_pooled,bp_eq2_uniform,0.5457852482795715,0.3773519694805145,0.168433278799057,30.86072394402104,1.0
6,rotate_-10,layer4_pooled,bp_eq2_uniform,0.4912301003932953,0.38306352496147156,0.10816657543182373,22.019533278803916,1.0
7,rotate_-10,layer4_pooled,bp_eq2_uniform,0.5460657477378845,0.3883974850177765,0.15766826272010803,28.873494331583895,1.0
8,rotate_-10,layer4_pooled,bp_eq2_uniform,0.48727548122406006,0.3414076566696167,0.14586782455444336,29.93539182142242,1.0
9,rotate_-10,layer4_pooled,bp_eq2_uniform,0.5266405344009399,0.415708988904953,0.11093154549598694,21.06399683456996,1.0
10,rotate_-10,layer4_pooled,bp_eq2_uniform,0.44267773628234863,0.35534530878067017,0.08733242750167847,19.728217695090688,1.0
11,rotate_-10,layer4_pooled,bp_eq2_uniform,0.40183645486831665,0.2813621461391449,0.12047430872917175,29.980930617246223,1.0
12,rotate_-10,layer4_pooled,bp_eq2_uniform,0.44040754437446594,0.3338248133659363,0.10658273100852966,24.20093215243911,1.0
13,rotate_-10,layer4_pooled,bp_eq2_uniform,0.45490115880966187,0.4084440767765045,0.04645708203315735,10.212566209903553,1.0
14,rotate_-10,layer4_pooled,bp_eq2_uniform,0.4982670545578003,0.40183597803115845,0.09643107652664185,19.353291702584773,1.0
15,rotate_-10,layer4_pooled,bp_eq2_uniform,0.5196534991264343,0.335875540971756,0.18377795815467834,35.36548074116029,1.0
16,rotate_-10,layer4_pooled,bp_eq2_uniform,0.4960729777812958,0.36286744475364685,0.13320553302764893,26.85200343367763,1.0
17,rotate_-10,layer4_pooled,bp_eq2_uniform,0.4608561098575592,0.40452083945274353,0.056335270404815674,12.224047636496664,1.0
18,rotate_-10,layer4_pooled,bp_eq2_uniform,0.4541098475456238,0.3936944603919983,0.06041538715362549,13.304134997297675,1.0
19,rotate_-10,layer4_pooled,bp_eq2_uniform,0.6936567425727844,0.5040817260742188,0.18957501649856567,27.32980231622279,1.0
20,rotate_-10,layer4_pooled,bp_eq2_uniform,0.5086532831192017,0.3538750410079956,0.15477824211120605,30.42902646017717,1.0
21,rotate_-10,layer4_pooled,bp_eq2_uniform,0.41964685916900635,0.349626749753952,0.07002010941505432,16.685483969436298,1.0
22,rotate_-10,layer4_pooled,bp_eq2_uniform,0.6965288519859314,0.5854383707046509,0.11109048128128052,15.949157161886648,1.0
23,rotate_-10,layer4_pooled,bp_eq2_uniform,0.5143762826919556,0.41906166076660156,0.095314621925354,18.53013545382491,1.0
24,rotate_-10,layer4_pooled,bp_eq2_uniform,0.46518900990486145,0.3460529148578644,0.11913609504699707,25.610255726184544,1.0
25,rotate_-10,layer4_pooled,bp_eq2_uniform,0.449102520942688,0.30544930696487427,0.14365321397781372,31.98673070815964,1.0
26,rotate_-10,layer4_pooled,bp_eq2_uniform,0.5041795969009399,0.34954634308815,0.15463325381278992,30.67027201476882,1.0
27,rotate_-10,layer4_pooled,bp_eq2_uniform,0.4727107882499695,0.38634514808654785,0.08636564016342163,18.270291753436517,1.0
28,rotate_-10,layer4_pooled,bp_eq2_uniform,0.42663776874542236,0.3804175853729248,0.04622018337249756,10.833589231517175,1.0
29,rotate_-10,layer4_pooled,bp_eq2_uniform,0.5762930512428284,0.4231821596622467,0.15311089158058167,26.568234902384894,1.0
30,rotate_-10,layer4_pooled,bp_eq2_uniform,0.4607919752597809,0.3983379602432251,0.062454015016555786,13.553624709113159,1.0
31,rotate_-10,layer4_pooled,bp_eq2_uniform,0.432475209236145,0.39149969816207886,0.04097551107406616,9.474649690636372,1.0
32,rotate_-10,layer4_pooled,bp_eq2_uniform,0.4789350926876068,0.4186476469039917,0.06028744578361511,12.58781131388355,1.0
33,rotate_-10,layer4_pooled,bp_eq2_uniform,0.4563327133655548,0.3957138657569885,0.060618847608566284,13.28391452836156,1.0
2,rotate_-10,layer4_pooled,full_normalized_distance,0.9806735064323979,0.8913063320960027,0.08936717433639518,9.11283661179079,1.0
3,rotate_-10,layer4_pooled,full_normalized_distance,0.9596500300722878,0.9064705350161739,0.05317949505611386,5.541550918521056,1.0
4,rotate_-10,layer4_pooled,full_normalized_distance,0.9613472599882712,0.8886817680059743,0.07266549198229688,7.5587142135410925,1.0
5,rotate_-10,layer4_pooled,full_normalized_distance,1.0447825116066707,0.8687369791605679,0.17604553244610277,16.849969298893676,1.0
6,rotate_-10,layer4_pooled,full_normalized_distance,0.9911913038291804,0.8752868386551594,0.11590446517402098,11.69345057065581,1.0
7,rotate_-10,layer4_pooled,full_normalized_distance,1.0450509535308645,0.8813597279406139,0.16369122559025062,15.66346837319636,1.0
8,rotate_-10,layer4_pooled,full_normalized_distance,0.9871934777175749,0.8263263963708489,0.160867081346726,16.29539547997149,1.0
9,rotate_-10,layer4_pooled,full_normalized_distance,1.026294825477494,0.911821242245379,0.11447358323211498,11.154064152934167,1.0
10,rotate_-10,layer4_pooled,full_normalized_distance,0.9409332986799316,0.8430246838387001,0.09790861484123148,10.405478792012874,1.0
11,rotate_-10,layer4_pooled,full_normalized_distance,0.8964780587034092,0.7501495132827121,0.14632854542069718,16.32260198673142,1.0
12,rotate_-10,layer4_pooled,full_normalized_distance,0.9385174951746674,0.8170982968602202,0.12141919831444725,12.93733989388451,1.0
13,rotate_-10,layer4_pooled,full_normalized_distance,0.9538355820681695,0.9038186508105533,0.05001693125761619,5.243768653410237,1.0
14,rotate_-10,layer4_pooled,full_normalized_distance,0.998265550400093,0.8964775268027174,0.1017880235973756,10.196487653658709,1.0
15,rotate_-10,layer4_pooled,full_normalized_distance,1.0194640740373682,0.8196042227462667,0.1998598512911015,19.604403566611573,1.0
16,rotate_-10,layer4_pooled,full_normalized_distance,0.996065236599788,0.8519007509723734,0.14416448562741457,14.473397959293917,1.0
17,rotate_-10,layer4_pooled,full_normalized_distance,0.9600584459891587,0.8994674418262659,0.06059100416289276,6.311178701251055,1.0
18,rotate_-10,layer4_pooled,full_normalized_distance,0.9530056112590564,0.8873493792097883,0.06565623204926807,6.889385673444034,1.0
19,rotate_-10,layer4_pooled,full_normalized_distance,1.1778427251316572,1.0040734296596228,0.17376929547203446,14.753183236111875,1.0
20,rotate_-10,layer4_pooled,full_normalized_distance,1.0086161639783509,0.8412788372567036,0.16733732672164725,16.590783758753354,1.0
21,rotate_-10,layer4_pooled,full_normalized_distance,0.9161297497287231,0.8362137881594061,0.07991596156931702,8.723214325579303,1.0
22,rotate_-10,layer4_pooled,full_normalized_distance,1.1802786552216653,1.0820705806042883,0.09820807461737702,8.32075325456509,1.0
23,rotate_-10,layer4_pooled,full_normalized_distance,1.0142744033958024,0.9154907544771838,0.09878364891861868,9.739341601029512,1.0
24,rotate_-10,layer4_pooled,full_normalized_distance,0.9645610503279317,0.83192898117311,0.13263206915482173,13.75051056743292,1.0
25,rotate_-10,layer4_pooled,full_normalized_distance,0.9477367999003605,0.7816000344995825,0.16613676540077804,17.529842190159695,1.0
26,rotate_-10,layer4_pooled,full_normalized_distance,1.0041708987029447,0.836117626997721,0.16805327170522377,16.735524991027464,1.0
27,rotate_-10,layer4_pooled,full_normalized_distance,0.9723279161373178,0.8790280406068374,0.09329987553048047,9.59551546159744,1.0
28,rotate_-10,layer4_pooled,full_normalized_distance,0.9237291472562965,0.8722586604590691,0.05147048679722743,5.572032337623184,1.0
29,rotate_-10,layer4_pooled,full_normalized_distance,1.0735856288557781,0.9199806081241568,0.1536050207316213,14.307663646279398,1.0
30,rotate_-10,layer4_pooled,full_normalized_distance,0.9599916408592117,0.8925670397714953,0.06742460108771642,7.023457102949336,1.0
31,rotate_-10,layer4_pooled,full_normalized_distance,0.9300271063105043,0.8848725311162946,0.045154575194209734,4.8551891539261876,1.0
32,rotate_-10,layer4_pooled,full_normalized_distance,0.978708427150402,0.915038411110694,0.06367001603970801,6.505514234205989,1.0
33,rotate_-10,layer4_pooled,full_normalized_distance,0.9553352431116051,0.8896222409056426,0.06571300220596255,6.8785280015276244,1.0
2,rotate_-10,layer4_pooled,cp_eq1_optimized,0.14914879202842712,0.015200925059616566,0.13394786696881056,89.80821443219102,1.0
3,rotate_-10,layer4_pooled,cp_eq1_optimized,0.10481743514537811,0.1396196186542511,-0.034802183508872986,-33.202666579535695,0.0
4,rotate_-10,layer4_pooled,cp_eq1_optimized,0.09746100008487701,0.05435183644294739,0.043109163641929626,44.232219661140675,1.0
5,rotate_-10,layer4_pooled,cp_eq1_optimized,0.04355381429195404,0.02064155973494053,0.02291225455701351,52.60676918650536,1.0
6,rotate_-10,layer4_pooled,cp_eq1_optimized,0.05822911113500595,0.0803859606385231,-0.02215684950351715,-38.051155292007316,0.0
7,rotate_-10,layer4_pooled,cp_eq1_optimized,0.011010559275746346,0.026363102719187737,-0.015352543443441391,-139.4347285869943,0.0
8,rotate_-10,layer4_pooled,cp_eq1_optimized,0.05612878501415253,0.03689206764101982,0.019236717373132706,34.27246352818712,1.0
9,rotate_-10,layer4_pooled,cp_eq1_optimized,0.10763116180896759,0.01467045396566391,0.09296070784330368,86.3696965451642,1.0
10,rotate_-10,layer4_pooled,cp_eq1_optimized,0.12416154891252518,0.037766944617033005,0.08639460429549217,69.5824150483685,1.0
11,rotate_-10,layer4_pooled,cp_eq1_optimized,0.06850219517946243,0.04737793654203415,0.021124258637428284,30.83734555042865,1.0
12,rotate_-10,layer4_pooled,cp_eq1_optimized,0.1266762912273407,0.09018946439027786,0.036486826837062836,28.803201043590235,1.0
13,rotate_-10,layer4_pooled,cp_eq1_optimized,0.10070616006851196,0.06536184251308441,0.03534431755542755,35.0964802262655,1.0
14,rotate_-10,layer4_pooled,cp_eq1_optimized,0.06767766922712326,0.03730538487434387,0.03037228435277939,44.87785217662057,1.0
15,rotate_-10,layer4_pooled,cp_eq1_optimized,0.1558830440044403,0.0701017752289772,0.0857812687754631,55.0292492187087,1.0
16,rotate_-10,layer4_pooled,cp_eq1_optimized,0.06703414767980576,0.027205651625990868,0.03982849605381489,59.41523452116508,1.0
17,rotate_-10,layer4_pooled,cp_eq1_optimized,0.2139330357313156,0.13786740601062775,0.07606562972068787,35.5558128085768,1.0
18,rotate_-10,layer4_pooled,cp_eq1_optimized,0.1530785709619522,0.14717742800712585,0.005901142954826355,3.854976511542258,1.0
19,rotate_-10,layer4_pooled,cp_eq1_optimized,0.13541081547737122,0.033813245594501495,0.10159756988286972,75.02913967688025,1.0
20,rotate_-10,layer4_pooled,cp_eq1_optimized,0.0931737944483757,0.06819936633110046,0.024974428117275238,26.80413335623531,1.0
21,rotate_-10,layer4_pooled,cp_eq1_optimized,0.11628834903240204,0.06581847369670868,0.05046987533569336,43.4006293452465,1.0
22,rotate_-10,layer4_pooled,cp_eq1_optimized,0.0477515384554863,0.05379224941134453,-0.006040710955858231,-12.650295992793705,0.0
23,rotate_-10,layer4_pooled,cp_eq1_optimized,0.0793803259730339,0.03416433557868004,0.04521599039435387,56.96120523509121,1.0
24,rotate_-10,layer4_pooled,cp_eq1_optimized,0.131752610206604,0.08523303270339966,0.046519577503204346,35.30827771070565,1.0
25,rotate_-10,layer4_pooled,cp_eq1_optimized,0.16249170899391174,0.12528148293495178,0.03721022605895996,22.899769033831234,1.0
26,rotate_-10,layer4_pooled,cp_eq1_optimized,0.10466945171356201,0.08745864778757095,0.01721080392599106,16.443005713764165,1.0
27,rotate_-10,layer4_pooled,cp_eq1_optimized,0.04066714644432068,0.026776686310768127,0.013890460133552551,34.15646620848865,1.0
28,rotate_-10,layer4_pooled,cp_eq1_optimized,0.07628010213375092,0.03873933106660843,0.03754077106714249,49.21436916907331,1.0
29,rotate_-10,layer4_pooled,cp_eq1_optimized,0.2327660769224167,0.14274489879608154,0.09002117812633514,38.67452651012947,1.0
30,rotate_-10,layer4_pooled,cp_eq1_optimized,0.08500272035598755,0.03710873797535896,0.047893982380628586,56.34405837776404,1.0
31,rotate_-10,layer4_pooled,cp_eq1_optimized,0.05149389058351517,0.17133274674415588,-0.11983885616064072,-232.7244160430125,0.0
32,rotate_-10,layer4_pooled,cp_eq1_optimized,0.06781225651502609,0.16566859185695648,-0.09785633534193039,-144.3047914484367,0.0
33,rotate_-10,layer4_pooled,cp_eq1_optimized,0.12859360873699188,0.17782478034496307,-0.04923117160797119,-38.284306732754644,0.0
2,scale_0.90,concat,bp_eq2_uniform,0.30918800830841064,0.2450166940689087,0.06417131423950195,20.7547875450863,1.0
3,scale_0.90,concat,bp_eq2_uniform,0.3235831558704376,0.2432243525981903,0.08035880327224731,24.834050170452805,1.0
4,scale_0.90,concat,bp_eq2_uniform,0.3031421899795532,0.24334149062633514,0.05980069935321808,19.726947066343467,1.0
5,scale_0.90,concat,bp_eq2_uniform,0.3175669014453888,0.20799221098423004,0.10957469046115875,34.50444298889159,1.0
6,scale_0.90,concat,bp_eq2_uniform,0.28857389092445374,0.22512538731098175,0.06344850361347198,21.986917600200503,1.0
7,scale_0.90,concat,bp_eq2_uniform,0.3260778784751892,0.24310897290706635,0.08296890556812286,25.4445060658052,1.0
8,scale_0.90,concat,bp_eq2_uniform,0.27874770760536194,0.23877479135990143,0.03997291624546051,14.340177570862362,1.0
9,scale_0.90,concat,bp_eq2_uniform,0.3734227418899536,0.2936801314353943,0.07974261045455933,21.35451366747386,1.0
10,scale_0.90,concat,bp_eq2_uniform,0.34869804978370667,0.2543451488018036,0.09435290098190308,27.058625948771006,1.0
11,scale_0.90,concat,bp_eq2_uniform,0.26365870237350464,0.20155765116214752,0.06210105121135712,23.553575380625173,1.0
12,scale_0.90,concat,bp_eq2_uniform,0.30966776609420776,0.24053548276424408,0.06913228332996368,22.324662395991474,1.0
13,scale_0.90,concat,bp_eq2_uniform,0.3413641154766083,0.2731815576553345,0.0681825578212738,19.973557480076206,1.0
14,scale_0.90,concat,bp_eq2_uniform,0.3395976126194,0.2855379283428192,0.05405968427658081,15.918746854386274,1.0
15,scale_0.90,concat,bp_eq2_uniform,0.3050059378147125,0.2219274342060089,0.08307850360870361,27.23832335975716,1.0
16,scale_0.90,concat,bp_eq2_uniform,0.2958933115005493,0.205509752035141,0.09038355946540833,30.545996125003683,1.0
17,scale_0.90,concat,bp_eq2_uniform,0.3146505653858185,0.24683833122253418,0.0678122341632843,21.551600925909263,1.0
18,scale_0.90,concat,bp_eq2_uniform,0.34445375204086304,0.25619250535964966,0.08826124668121338,25.623540506676378,1.0
19,scale_0.90,concat,bp_eq2_uniform,0.34167808294296265,0.23191511631011963,0.10976296663284302,32.12467293398062,1.0
20,scale_0.90,concat,bp_eq2_uniform,0.3010532557964325,0.22393468022346497,0.07711857557296753,25.616256953838676,1.0
21,scale_0.90,concat,bp_eq2_uniform,0.3193289041519165,0.25536081194877625,0.06396809220314026,20.032039496339475,1.0
22,scale_0.90,concat,bp_eq2_uniform,0.2766907215118408,0.21888411045074463,0.05780661106109619,20.892139333415802,1.0
23,scale_0.90,concat,bp_eq2_uniform,0.32565176486968994,0.250116229057312,0.07553553581237793,23.195186994417686,1.0
24,scale_0.90,concat,bp_eq2_uniform,0.335774689912796,0.24168889224529266,0.09408579766750336,28.020515093516476,1.0
25,scale_0.90,concat,bp_eq2_uniform,0.3163745403289795,0.2218460738658905,0.09452846646308899,29.878657860552103,1.0
26,scale_0.90,concat,bp_eq2_uniform,0.32554060220718384,0.24327407777309418,0.08226652443408966,25.27074161443004,1.0
27,scale_0.90,concat,bp_eq2_uniform,0.3303171992301941,0.2428416609764099,0.08747553825378418,26.482283834260386,1.0
28,scale_0.90,concat,bp_eq2_uniform,0.3237817883491516,0.26558616757392883,0.05819562077522278,17.973716518078998,1.0
29,scale_0.90,concat,bp_eq2_uniform,0.3655090034008026,0.24615205824375153,0.11935694515705109,32.65499455449596,1.0
30,scale_0.90,concat,bp_eq2_uniform,0.32813048362731934,0.2628099322319031,0.06532055139541626,19.906882979335226,1.0
31,scale_0.90,concat,bp_eq2_uniform,0.3415643870830536,0.26779794692993164,0.07376644015312195,21.59664266607783,1.0
32,scale_0.90,concat,bp_eq2_uniform,0.31965172290802,0.2613942623138428,0.058257460594177246,18.22529222242253,1.0
33,scale_0.90,concat,bp_eq2_uniform,0.32262587547302246,0.24073724448680878,0.08188863098621368,25.381916706432087,1.0
2,scale_0.90,concat,full_normalized_distance,0.7863688807530607,0.700023848263627,0.0863450324894337,10.980219920024835,1.0
3,scale_0.90,concat,full_normalized_distance,0.8044664764555918,0.6974587480248424,0.10700772843074935,13.30170138376467,1.0
4,scale_0.90,concat,full_normalized_distance,0.7786426522860833,0.6976266775666411,0.08101597471944222,10.404769695248067,1.0
5,scale_0.90,concat,full_normalized_distance,0.7969528235038619,0.6449685433945287,0.15198428010933318,19.070674653103353,1.0
6,scale_0.90,concat,full_normalized_distance,0.7597024298032141,0.6710072835833927,0.08869514621982144,11.674985196859174,1.0
7,scale_0.90,concat,full_normalized_distance,0.8075616118602831,0.697293299705463,0.11026831215482003,13.654476703105235,1.0
8,scale_0.90,concat,full_normalized_distance,0.7466561559451069,0.6910496239198766,0.05560653202523036,7.447408232343563,1.0
9,scale_0.90,concat,full_normalized_distance,0.8642022238920166,0.7663943259646359,0.09780789792738076,11.317709585006673,1.0
10,scale_0.90,concat,full_normalized_distance,0.8351024485459334,0.7132252782982437,0.12187717024768974,14.594277679313995,1.0
11,scale_0.90,concat,full_normalized_distance,0.7261662376804703,0.6349136180019256,0.0912526196785447,12.566353948084856,1.0
12,scale_0.90,concat,full_normalized_distance,0.7869787368083178,0.6935927951820781,0.0933859416262397,11.866386886748478,1.0
13,scale_0.90,concat,full_normalized_distance,0.8262737022035838,0.7391637946427496,0.08710990756083414,10.542500303279157,1.0
14,scale_0.90,concat,full_normalized_distance,0.824133014287621,0.7556956111329736,0.06843740315464741,8.304169590114228,1.0
15,scale_0.90,concat,full_normalized_distance,0.7810325701463576,0.6662243379012942,0.11480823224506342,14.699544760777712,1.0
16,scale_0.90,concat,full_normalized_distance,0.7692766881955404,0.6411080283932513,0.1281686598022891,16.660931205748902,1.0
17,scale_0.90,concat,full_normalized_distance,0.7932850249258693,0.7026212795276473,0.09066374539822197,11.428899140832769,1.0
18,scale_0.90,concat,full_normalized_distance,0.83000452051885,0.7158107366610948,0.11419378385775514,13.758212278920249,1.0
19,scale_0.90,concat,full_normalized_distance,0.8266535948545347,0.6810508296891203,0.14560276516541437,17.6135162384263,1.0
20,scale_0.90,concat,full_normalized_distance,0.7759552252500559,0.6692304240296685,0.10672480122038741,13.753989630762165,1.0
21,scale_0.90,concat,full_normalized_distance,0.7991606899140079,0.7146479020451627,0.0845127878688452,10.575193316607361,1.0
22,scale_0.90,concat,full_normalized_distance,0.7438961238127818,0.6616405526428147,0.08225557116996707,11.057400158003508,1.0
23,scale_0.90,concat,full_normalized_distance,0.8070337847571066,0.7072711347952948,0.09976264996181183,12.36164480917163,1.0
24,scale_0.90,concat,full_normalized_distance,0.8194811650218643,0.6952537554667255,0.12422740955513878,15.1592757536621,1.0
25,scale_0.90,concat,full_normalized_distance,0.7954552662833775,0.6661022051695829,0.12935306111379463,16.261512946920455,1.0
26,scale_0.90,concat,full_normalized_distance,0.8068960307340517,0.697530039171209,0.10936599156284266,13.553913688634012,1.0
27,scale_0.90,concat,full_normalized_distance,0.8127941919455307,0.6969098377500635,0.11588435419546717,14.257527347475259,1.0
28,scale_0.90,concat,full_normalized_distance,0.8047133506400296,0.728815707259289,0.07589764338074056,9.431637156296834,1.0
29,scale_0.90,concat,full_normalized_distance,0.8549959104005148,0.7016438672770561,0.15335204312345874,17.935997267103073,1.0
30,scale_0.90,concat,full_normalized_distance,0.8100993564092238,0.7249964582422497,0.08510289816697414,10.50524204143166,1.0
31,scale_0.90,concat,full_normalized_distance,0.8265160459217397,0.7318441732089307,0.09467187271280897,11.454329674521363,1.0
32,scale_0.90,concat,full_normalized_distance,0.7995645351164845,0.7230411638542342,0.07652337126225028,9.570630999911254,1.0
33,scale_0.90,concat,full_normalized_distance,0.8032756382127152,0.6938836278322307,0.10939201038048452,13.6182407602632,1.0
2,scale_0.90,concat,cp_eq1_optimized,0.20447427034378052,0.154273122549057,0.05020114779472351,24.551327514251703,1.0
3,scale_0.90,concat,cp_eq1_optimized,0.19955278933048248,0.15984663367271423,0.03970615565776825,19.897569856471055,1.0
4,scale_0.90,concat,cp_eq1_optimized,0.193646639585495,0.1514548808336258,0.0421917587518692,21.78801493378028,1.0
5,scale_0.90,concat,cp_eq1_optimized,0.20502381026744843,0.14401905238628387,0.06100475788116455,29.75496250961672,1.0
6,scale_0.90,concat,cp_eq1_optimized,0.1748141497373581,0.15749691426753998,0.017317235469818115,9.906083400992758,1.0
7,scale_0.90,concat,cp_eq1_optimized,0.20263142883777618,0.16089151799678802,0.04173991084098816,20.59893229800918,1.0
8,scale_0.90,concat,cp_eq1_optimized,0.21433250606060028,0.18126676976680756,0.033065736293792725,15.427308205079008,1.0
9,scale_0.90,concat,cp_eq1_optimized,0.23368628323078156,0.1781122237443924,0.05557405948638916,23.781481188293824,1.0
10,scale_0.90,concat,cp_eq1_optimized,0.18329650163650513,0.1303219199180603,0.052974581718444824,28.901032613928216,1.0
11,scale_0.90,concat,cp_eq1_optimized,0.21334657073020935,0.14574556052684784,0.06760101020336151,31.686007406479728,1.0
12,scale_0.90,concat,cp_eq1_optimized,0.21144406497478485,0.18223720788955688,0.029206857085227966,13.813041803075823,1.0
13,scale_0.90,concat,cp_eq1_optimized,0.2034839540719986,0.16323168575763702,0.04025226831436157,19.781544199756077,1.0
14,scale_0.90,concat,cp_eq1_optimized,0.2246628850698471,0.16746163368225098,0.05720125138759613,25.46092620931036,1.0
15,scale_0.90,concat,cp_eq1_optimized,0.24550732970237732,0.1730135977268219,0.07249373197555542,29.528133462712727,1.0
16,scale_0.90,concat,cp_eq1_optimized,0.1771746724843979,0.11012867093086243,0.06704600155353546,37.84175278160097,1.0
17,scale_0.90,concat,cp_eq1_optimized,0.17674386501312256,0.15015141665935516,0.026592448353767395,15.045754686671897,1.0
18,scale_0.90,concat,cp_eq1_optimized,0.20318490266799927,0.1692751795053482,0.03390972316265106,16.68909585171891,1.0
19,scale_0.90,concat,cp_eq1_optimized,0.2071591168642044,0.13321799039840698,0.07394112646579742,35.692914502000846,1.0
20,scale_0.90,concat,cp_eq1_optimized,0.20464001595973969,0.13893961906433105,0.06570039689540863,32.105351725545844,1.0
21,scale_0.90,concat,cp_eq1_optimized,0.19291315972805023,0.16826720535755157,0.024645954370498657,12.775672953112329,1.0
22,scale_0.90,concat,cp_eq1_optimized,0.1843721866607666,0.15453290939331055,0.029839277267456055,16.18426174127697,1.0
23,scale_0.90,concat,cp_eq1_optimized,0.20016993582248688,0.15905675292015076,0.04111318290233612,20.539139773012863,1.0
24,scale_0.90,concat,cp_eq1_optimized,0.19162783026695251,0.13869674503803253,0.05293108522891998,27.621815242027544,1.0
25,scale_0.90,concat,cp_eq1_optimized,0.21965250372886658,0.15441682934761047,0.0652356743812561,29.6994904558358,1.0
26,scale_0.90,concat,cp_eq1_optimized,0.22364021837711334,0.1738368570804596,0.04980336129665375,22.26941185169571,1.0
27,scale_0.90,concat,cp_eq1_optimized,0.18667234480381012,0.15951332449913025,0.02715902030467987,14.54903260205903,1.0
28,scale_0.90,concat,cp_eq1_optimized,0.1645742654800415,0.13856343924999237,0.026010826230049133,15.804917101723603,1.0
29,scale_0.90,concat,cp_eq1_optimized,0.21243391931056976,0.1559479534626007,0.056485965847969055,26.589899593728706,1.0
30,scale_0.90,concat,cp_eq1_optimized,0.20939333736896515,0.15894851088523865,0.0504448264837265,24.09094153487721,1.0
31,scale_0.90,concat,cp_eq1_optimized,0.18977408111095428,0.17035137116909027,0.019422709941864014,10.23464839247773,1.0
32,scale_0.90,concat,cp_eq1_optimized,0.19733360409736633,0.175519198179245,0.021814405918121338,11.05458242542783,1.0
33,scale_0.90,concat,cp_eq1_optimized,0.19391067326068878,0.16660521924495697,0.02730545401573181,14.081460064285482,1.0
2,scale_0.90,layer2_flat,bp_eq2_uniform,0.3226581811904907,0.24756911396980286,0.07508906722068787,23.27201713696022,1.0
3,scale_0.90,layer2_flat,bp_eq2_uniform,0.31907859444618225,0.22387610375881195,0.0952024906873703,29.836689876459065,1.0
4,scale_0.90,layer2_flat,bp_eq2_uniform,0.2900633215904236,0.2261630743741989,0.06390024721622467,22.029757801033895,1.0
5,scale_0.90,layer2_flat,bp_eq2_uniform,0.3126538395881653,0.19669103622436523,0.11596280336380005,37.08983824288804,1.0
6,scale_0.90,layer2_flat,bp_eq2_uniform,0.2977775037288666,0.23436442017555237,0.06341308355331421,21.29545810513623,1.0
7,scale_0.90,layer2_flat,bp_eq2_uniform,0.3249428868293762,0.2463645040988922,0.07857838273048401,24.18221352588118,1.0
8,scale_0.90,layer2_flat,bp_eq2_uniform,0.26515641808509827,0.24023103713989258,0.02492538094520569,9.400255564288184,1.0
9,scale_0.90,layer2_flat,bp_eq2_uniform,0.35671189427375793,0.28494203090667725,0.07176986336708069,20.119840274179317,1.0
10,scale_0.90,layer2_flat,bp_eq2_uniform,0.35601699352264404,0.24563303589820862,0.11038395762443542,31.005249646069082,1.0
11,scale_0.90,layer2_flat,bp_eq2_uniform,0.2677571773529053,0.2072172462940216,0.06053993105888367,22.61001242139091,1.0
12,scale_0.90,layer2_flat,bp_eq2_uniform,0.2983478307723999,0.22978748381137848,0.06856034696102142,22.98000517828271,1.0
13,scale_0.90,layer2_flat,bp_eq2_uniform,0.3425661027431488,0.24834607541561127,0.09422002732753754,27.504188701912327,1.0
14,scale_0.90,layer2_flat,bp_eq2_uniform,0.3357997536659241,0.28227829933166504,0.05352145433425903,15.938503155468766,1.0
15,scale_0.90,layer2_flat,bp_eq2_uniform,0.2883148193359375,0.22340652346611023,0.06490829586982727,22.5129932686438,1.0
16,scale_0.90,layer2_flat,bp_eq2_uniform,0.29063570499420166,0.18028026819229126,0.1103554368019104,37.97036458536034,1.0
17,scale_0.90,layer2_flat,bp_eq2_uniform,0.31434932351112366,0.22846844792366028,0.08588087558746338,27.320203723661322,1.0
18,scale_0.90,layer2_flat,bp_eq2_uniform,0.3478817641735077,0.2413751631975174,0.1065066009759903,30.615747056682014,1.0
19,scale_0.90,layer2_flat,bp_eq2_uniform,0.3360256850719452,0.2095412164926529,0.1264844685792923,37.64130963733763,1.0
20,scale_0.90,layer2_flat,bp_eq2_uniform,0.29260024428367615,0.2146604061126709,0.07793983817100525,26.63696961755649,1.0
21,scale_0.90,layer2_flat,bp_eq2_uniform,0.2983223497867584,0.2285914272069931,0.06973092257976532,23.374354160650526,1.0
22,scale_0.90,layer2_flat,bp_eq2_uniform,0.2701825797557831,0.19852857291698456,0.07165400683879852,26.52058726484183,1.0
23,scale_0.90,layer2_flat,bp_eq2_uniform,0.3280799984931946,0.2505964934825897,0.07748350501060486,23.617259621505376,1.0
24,scale_0.90,layer2_flat,bp_eq2_uniform,0.32147982716560364,0.2293674349784851,0.09211239218711853,28.652619667915346,1.0
25,scale_0.90,layer2_flat,bp_eq2_uniform,0.30484405159950256,0.19767990708351135,0.10716414451599121,35.1537594233361,1.0
26,scale_0.90,layer2_flat,bp_eq2_uniform,0.3092512786388397,0.22142069041728973,0.08783058822154999,28.401042869685032,1.0
27,scale_0.90,layer2_flat,bp_eq2_uniform,0.33468663692474365,0.24744366109371185,0.0872429758310318,26.06706280011659,1.0
28,scale_0.90,layer2_flat,bp_eq2_uniform,0.32434913516044617,0.25062814354896545,0.07372099161148071,22.72890031748837,1.0
29,scale_0.90,layer2_flat,bp_eq2_uniform,0.3790836036205292,0.23772895336151123,0.14135465025901794,37.288516018261795,1.0
30,scale_0.90,layer2_flat,bp_eq2_uniform,0.31812742352485657,0.2499404102563858,0.06818701326847076,21.433868389195535,1.0
31,scale_0.90,layer2_flat,bp_eq2_uniform,0.34148064255714417,0.2659464478492737,0.07553419470787048,22.119612444798896,1.0
32,scale_0.90,layer2_flat,bp_eq2_uniform,0.3051091134548187,0.23270760476589203,0.0724015086889267,23.72971028917194,1.0
33,scale_0.90,layer2_flat,bp_eq2_uniform,0.3242080509662628,0.21046726405620575,0.11374078691005707,35.08265342909148,1.0
2,scale_0.90,layer2_flat,full_normalized_distance,0.8033158546804497,0.7036605914356763,0.09965526324477347,12.405489405445781,1.0
3,scale_0.90,layer2_flat,full_normalized_distance,0.7988474127719039,0.6691428902092765,0.12970452256262732,16.23645773758044,1.0
4,scale_0.90,layer2_flat,full_normalized_distance,0.7616604513697998,0.6725519673217809,0.08910848404801885,11.699239981233857,1.0
5,scale_0.90,layer2_flat,full_normalized_distance,0.7907639844962152,0.6272017796919349,0.1635622048042803,20.68407363143589,1.0
6,scale_0.90,layer2_flat,full_normalized_distance,0.7717221050726312,0.6846377438843879,0.08708436118824325,11.284419691455437,1.0
7,scale_0.90,layer2_flat,full_normalized_distance,0.8061549315477469,0.7019465850032924,0.10420834654445443,12.926590468689966,1.0
8,scale_0.90,layer2_flat,full_normalized_distance,0.728225813996041,0.693153716198496,0.035072097797545054,4.8161019732386965,1.0
9,scale_0.90,layer2_flat,full_normalized_distance,0.8446441786619475,0.7549066576824942,0.08973752097945331,10.624298757555609,1.0
10,scale_0.90,layer2_flat,full_normalized_distance,0.8438210634046107,0.7009037535899043,0.1429173098147064,16.936921346559046,1.0
11,scale_0.90,layer2_flat,full_normalized_distance,0.7317884630860277,0.6437658678339845,0.08802259525204326,12.02842073797154,1.0
12,scale_0.90,layer2_flat,full_normalized_distance,0.7724607831759486,0.6779195878736334,0.0945411953023152,12.238963758585856,1.0
13,scale_0.90,layer2_flat,full_normalized_distance,0.8277271322641886,0.7047638972246113,0.12296323503957729,14.855527896381936,1.0
14,scale_0.90,layer2_flat,full_normalized_distance,0.8195117493555831,0.7513698148470765,0.06814193450850659,8.314942959879017,1.0
15,scale_0.90,layer2_flat,full_normalized_distance,0.7593613360396189,0.668440757982501,0.09092057805711784,11.973295681761499,1.0
16,scale_0.90,layer2_flat,full_normalized_distance,0.7624115751930864,0.6004669319659347,0.16194464322715174,21.241105001052173,1.0
17,scale_0.90,layer2_flat,full_normalized_distance,0.7929051942207512,0.6759710761913712,0.11693411802938003,14.747553538749697,1.0
18,scale_0.90,layer2_flat,full_normalized_distance,0.8341244081952136,0.6948023649895233,0.1393220432056903,16.702789396484988,1.0
19,scale_0.90,layer2_flat,full_normalized_distance,0.8197873932574777,0.6473657644526051,0.17242162880487266,21.032481131422863,1.0
20,scale_0.90,layer2_flat,full_normalized_distance,0.7649839792880321,0.6552257719483734,0.10975820733965869,14.347778556312615,1.0
21,scale_0.90,layer2_flat,full_normalized_distance,0.7724277957023018,0.6761529815167469,0.09627481418555495,12.46392410023204,1.0
22,scale_0.90,layer2_flat,full_normalized_distance,0.7350953404229728,0.6301247065732061,0.10497063384976668,14.279866580194065,1.0
23,scale_0.90,layer2_flat,full_normalized_distance,0.8100370343301528,0.707949847775377,0.10208718655477589,12.602780148079185,1.0
24,scale_0.90,layer2_flat,full_normalized_distance,0.8018476503246781,0.6772996899135346,0.12454796041114347,15.532621484961279,1.0
25,scale_0.90,layer2_flat,full_normalized_distance,0.7808252705945199,0.6287764421215403,0.15204882847297962,19.472836522954108,1.0
26,scale_0.90,layer2_flat,full_normalized_distance,0.7864493354804742,0.665463282859828,0.12098605262064621,15.38383302804586,1.0
27,scale_0.90,layer2_flat,full_normalized_distance,0.8181523536906115,0.7034822827814668,0.1146700709091446,14.015735625735,1.0
28,scale_0.90,layer2_flat,full_normalized_distance,0.805418071762046,0.7079945530143088,0.09742351874773725,12.096018473297834,1.0
29,scale_0.90,layer2_flat,full_normalized_distance,0.870727975455629,0.6895345580339121,0.1811934174217169,20.80941723810988,1.0
30,scale_0.90,layer2_flat,full_normalized_distance,0.7976558449918819,0.7070225035405674,0.09063334145131452,11.362461896348709,1.0
31,scale_0.90,layer2_flat,full_normalized_distance,0.8264147173872742,0.7293098763204482,0.09710484106682604,11.750134529756117,1.0
32,scale_0.90,layer2_flat,full_normalized_distance,0.7811646605611633,0.6822134633175925,0.09895119724357082,12.66713693529874,1.0
33,scale_0.90,layer2_flat,full_normalized_distance,0.8052428838136514,0.648794673307674,0.15644821050597735,19.42869830340384,1.0
2,scale_0.90,layer2_flat,cp_eq1_optimized,0.20014852285385132,0.17067936062812805,0.029469162225723267,14.723647122339466,1.0
3,scale_0.90,layer2_flat,cp_eq1_optimized,0.19081580638885498,0.1587381809949875,0.03207762539386749,16.810779987654602,1.0
4,scale_0.90,layer2_flat,cp_eq1_optimized,0.18118320405483246,0.15263961255550385,0.028543591499328613,15.753994222628258,1.0
5,scale_0.90,layer2_flat,cp_eq1_optimized,0.19371721148490906,0.14776617288589478,0.04595103859901428,23.720679358610706,1.0
6,scale_0.90,layer2_flat,cp_eq1_optimized,0.18939341604709625,0.16986483335494995,0.0195285826921463,10.311120153821523,1.0
7,scale_0.90,layer2_flat,cp_eq1_optimized,0.19996413588523865,0.1677190512418747,0.03224508464336395,16.12543394366901,1.0
8,scale_0.90,layer2_flat,cp_eq1_optimized,0.23487232625484467,0.20221742987632751,0.03265489637851715,13.903254120686153,1.0
9,scale_0.90,layer2_flat,cp_eq1_optimized,0.22501292824745178,0.18620365858078003,0.03880926966667175,17.24757327002111,1.0
10,scale_0.90,layer2_flat,cp_eq1_optimized,0.19005177915096283,0.1481742560863495,0.04187752306461334,22.03479664935346,1.0
11,scale_0.90,layer2_flat,cp_eq1_optimized,0.2206917703151703,0.1643161177635193,0.056375652551651,25.544972733185922,1.0
12,scale_0.90,layer2_flat,cp_eq1_optimized,0.20058593153953552,0.17073556780815125,0.029850363731384277,14.881583918736569,1.0
13,scale_0.90,layer2_flat,cp_eq1_optimized,0.1977401077747345,0.16474325954914093,0.03299684822559357,16.686977971619548,1.0
14,scale_0.90,layer2_flat,cp_eq1_optimized,0.21234861016273499,0.17141808569431305,0.040930524468421936,19.27515533860182,1.0
15,scale_0.90,layer2_flat,cp_eq1_optimized,0.23801614344120026,0.1815345287322998,0.05648161470890045,23.730161279004346,1.0
16,scale_0.90,layer2_flat,cp_eq1_optimized,0.16748781502246857,0.11334441602230072,0.05414339900016785,32.32676896082334,1.0
17,scale_0.90,layer2_flat,cp_eq1_optimized,0.17837755382061005,0.15311011672019958,0.02526743710041046,14.165143853065535,1.0
18,scale_0.90,layer2_flat,cp_eq1_optimized,0.20718565583229065,0.16428376734256744,0.042901888489723206,20.706978153083952,1.0
19,scale_0.90,layer2_flat,cp_eq1_optimized,0.1906481385231018,0.1287141740322113,0.0619339644908905,32.48600535538971,1.0
20,scale_0.90,layer2_flat,cp_eq1_optimized,0.1891229748725891,0.14147250354290009,0.047650471329689026,25.195495873274453,1.0
21,scale_0.90,layer2_flat,cp_eq1_optimized,0.18139830231666565,0.15899668633937836,0.022401615977287292,12.349407734840575,1.0
22,scale_0.90,layer2_flat,cp_eq1_optimized,0.17556637525558472,0.14980997145175934,0.02575640380382538,14.670465096851949,1.0
23,scale_0.90,layer2_flat,cp_eq1_optimized,0.2064916491508484,0.1706618368625641,0.0358298122882843,17.351700388588608,1.0
24,scale_0.90,layer2_flat,cp_eq1_optimized,0.18601876497268677,0.14533714950084686,0.040681615471839905,21.86962991480699,1.0
25,scale_0.90,layer2_flat,cp_eq1_optimized,0.1967383772134781,0.15098243951797485,0.045755937695503235,23.257250742503345,1.0
26,scale_0.90,layer2_flat,cp_eq1_optimized,0.19985073804855347,0.1657729297876358,0.034077808260917664,17.051629928165685,1.0
27,scale_0.90,layer2_flat,cp_eq1_optimized,0.20413091778755188,0.1774529069662094,0.026678010821342468,13.069069159320964,1.0
28,scale_0.90,layer2_flat,cp_eq1_optimized,0.18502666056156158,0.15927980840206146,0.025746852159500122,13.915212046317263,1.0
29,scale_0.90,layer2_flat,cp_eq1_optimized,0.2026534527540207,0.1546100527048111,0.048043400049209595,23.707170737074613,1.0
30,scale_0.90,layer2_flat,cp_eq1_optimized,0.18890613317489624,0.15780657529830933,0.031099557876586914,16.46296885852254,1.0
31,scale_0.90,layer2_flat,cp_eq1_optimized,0.1999601423740387,0.18606843054294586,0.013891711831092834,6.947240418061913,1.0
32,scale_0.90,layer2_flat,cp_eq1_optimized,0.18292787671089172,0.16063091158866882,0.0222969651222229,12.18893780598582,1.0
33,scale_0.90,layer2_flat,cp_eq1_optimized,0.17683039605617523,0.15202417969703674,0.02480621635913849,14.028253576448362,1.0
2,scale_0.90,layer3_flat,bp_eq2_uniform,0.296883225440979,0.24265779554843903,0.05422542989253998,18.26490190269691,1.0
3,scale_0.90,layer3_flat,bp_eq2_uniform,0.3280995488166809,0.26292794942855835,0.06517159938812256,19.86336147762802,1.0
4,scale_0.90,layer3_flat,bp_eq2_uniform,0.3178330361843109,0.2626897096633911,0.0551433265209198,17.34977810449156,1.0
5,scale_0.90,layer3_flat,bp_eq2_uniform,0.32317376136779785,0.22103890776634216,0.10213485360145569,31.60369615678729,1.0
6,scale_0.90,layer3_flat,bp_eq2_uniform,0.27628833055496216,0.21280914545059204,0.06347918510437012,22.975702584555023,1.0
7,scale_0.90,layer3_flat,bp_eq2_uniform,0.327348917722702,0.23914889991283417,0.08820001780986786,26.94373282892991,1.0
8,scale_0.90,layer3_flat,bp_eq2_uniform,0.31086593866348267,0.23529228568077087,0.07557365298271179,24.31068945905919,1.0
9,scale_0.90,layer3_flat,bp_eq2_uniform,0.39349231123924255,0.30415672063827515,0.08933559060096741,22.703262058511868,1.0
10,scale_0.90,layer3_flat,bp_eq2_uniform,0.3424290120601654,0.26158955693244934,0.08083945512771606,23.607653639253076,1.0
11,scale_0.90,layer3_flat,bp_eq2_uniform,0.2560473680496216,0.19109047949314117,0.06495688855648041,25.36909051282971,1.0
12,scale_0.90,layer3_flat,bp_eq2_uniform,0.32561439275741577,0.25570759177207947,0.0699068009853363,21.46919870252864,1.0
13,scale_0.90,layer3_flat,bp_eq2_uniform,0.34024760127067566,0.2945036292076111,0.045743972063064575,13.444318752607352,1.0
14,scale_0.90,layer3_flat,bp_eq2_uniform,0.3439469039440155,0.2892848551273346,0.05466204881668091,15.892583474285138,1.0
15,scale_0.90,layer3_flat,bp_eq2_uniform,0.3296131491661072,0.21971431374549866,0.10989883542060852,33.34176312392563,1.0
16,scale_0.90,layer3_flat,bp_eq2_uniform,0.3018699288368225,0.23457883298397064,0.06729109585285187,22.29142071617327,1.0
17,scale_0.90,layer3_flat,bp_eq2_uniform,0.3148115575313568,0.2639976739883423,0.050813883543014526,16.141047660803178,1.0
18,scale_0.90,layer3_flat,bp_eq2_uniform,0.34095925092697144,0.27080896496772766,0.07015028595924377,20.574389980127922,1.0
19,scale_0.90,layer3_flat,bp_eq2_uniform,0.3486511707305908,0.25997716188430786,0.08867400884628296,25.433446461749778,1.0
20,scale_0.90,layer3_flat,bp_eq2_uniform,0.3110949695110321,0.23498383164405823,0.07611113786697388,24.465563678627777,1.0
21,scale_0.90,layer3_flat,bp_eq2_uniform,0.33973199129104614,0.2814008593559265,0.05833113193511963,17.169749517341167,1.0
22,scale_0.90,layer3_flat,bp_eq2_uniform,0.28686079382896423,0.25095298886299133,0.0359078049659729,12.517501777275681,1.0
23,scale_0.90,layer3_flat,bp_eq2_uniform,0.32278871536254883,0.24949461221694946,0.07329410314559937,22.706525865704464,1.0
24,scale_0.90,layer3_flat,bp_eq2_uniform,0.35080692172050476,0.2546781897544861,0.09612873196601868,27.40217652898321,1.0
25,scale_0.90,layer3_flat,bp_eq2_uniform,0.3301967680454254,0.25092658400535583,0.07927018404006958,24.006953341507042,1.0
26,scale_0.90,layer3_flat,bp_eq2_uniform,0.346440851688385,0.2713693380355835,0.07507151365280151,21.669359513095124,1.0
27,scale_0.90,layer3_flat,bp_eq2_uniform,0.32459792494773865,0.23684236407279968,0.08775556087493896,27.035157692027006,1.0
28,scale_0.90,layer3_flat,bp_eq2_uniform,0.32321155071258545,0.278062105178833,0.04514944553375244,13.969007429985606,1.0
29,scale_0.90,layer3_flat,bp_eq2_uniform,0.3494492471218109,0.2559563219547272,0.09349292516708374,26.754364456886773,1.0
30,scale_0.90,layer3_flat,bp_eq2_uniform,0.33777865767478943,0.2752504050731659,0.06252825260162354,18.511605508729364,1.0
31,scale_0.90,layer3_flat,bp_eq2_uniform,0.34158146381378174,0.2697692811489105,0.07181218266487122,21.02344250852279,1.0
32,scale_0.90,layer3_flat,bp_eq2_uniform,0.3368479311466217,0.2954234778881073,0.041424453258514404,12.297671865575559,1.0
33,scale_0.90,layer3_flat,bp_eq2_uniform,0.3209228217601776,0.27149441838264465,0.04942840337753296,15.401959607072223,1.0
2,scale_0.90,layer3_flat,full_normalized_distance,0.7705624250389829,0.6966459582147003,0.07391646682428255,9.592534546496628,1.0
3,scale_0.90,layer3_flat,full_normalized_distance,0.8100611690689549,0.7251592231069786,0.08490194596197631,10.480930231411252,1.0
4,scale_0.90,layer3_flat,full_normalized_distance,0.7972866939618533,0.7248306142312024,0.07245607973065082,9.087832555001434,1.0
5,scale_0.90,layer3_flat,full_normalized_distance,0.8039574135086981,0.664889325777369,0.13906808773132906,17.297942079322773,1.0
6,scale_0.90,layer3_flat,full_normalized_distance,0.743355003420253,0.6523942756502268,0.09096072777002617,12.236512480764121,1.0
7,scale_0.90,layer3_flat,full_normalized_distance,0.8091340033921477,0.6915907748268975,0.11754322856525024,14.527041018215312,1.0
8,scale_0.90,layer3_flat,full_normalized_distance,0.7884997636822508,0.6859916700380128,0.10250809364423807,13.000396241769417,1.0
9,scale_0.90,layer3_flat,full_normalized_distance,0.8871215376026472,0.779944511665125,0.10717702593752221,12.08143657824339,1.0
10,scale_0.90,layer3_flat,full_normalized_distance,0.8275614926519544,0.7233112150830365,0.10425027756891792,12.597284732850207,1.0
11,scale_0.90,layer3_flat,full_normalized_distance,0.7156079485998204,0.618207860663614,0.09740008793620636,13.61081694615692,1.0
12,scale_0.90,layer3_flat,full_normalized_distance,0.8069874754386412,0.7151329831186357,0.09185449232000553,11.382393793653842,1.0
13,scale_0.90,layer3_flat,full_normalized_distance,0.8249213311227631,0.7674680829944801,0.05745324812828301,6.964694203023741,1.0
14,scale_0.90,layer3_flat,full_normalized_distance,0.8293936386831231,0.7606376997327106,0.06875593895041254,8.289904304004246,1.0
15,scale_0.90,layer3_flat,full_normalized_distance,0.8119275203687916,0.6628941299264893,0.14903339044230224,18.35550424185956,1.0
16,scale_0.90,layer3_flat,full_normalized_distance,0.777006986888564,0.6849508493081392,0.09205613758042475,11.847530219636068,1.0
17,scale_0.90,layer3_flat,full_normalized_distance,0.793487942607015,0.7266328839081566,0.06685505869885844,8.425466236969022,1.0
18,scale_0.90,layer3_flat,full_normalized_distance,0.8257835684087828,0.7359469613602976,0.08983660704848517,10.878953091968658,1.0
19,scale_0.90,layer3_flat,full_normalized_distance,0.8350463109679497,0.7210785836291463,0.11396772733880334,13.648072668755386,1.0
20,scale_0.90,layer3_flat,full_normalized_distance,0.7887901742682044,0.6855418756634174,0.10324829860478701,13.089450397939368,1.0
21,scale_0.90,layer3_flat,full_normalized_distance,0.8242960527517357,0.7502011188420429,0.0740949339096928,8.98887404134144,1.0
22,scale_0.90,layer3_flat,full_normalized_distance,0.7574441152045004,0.7084532290320813,0.04899088617241909,6.46792089197597,1.0
23,scale_0.90,layer3_flat,full_normalized_distance,0.8034783324552677,0.7063916933500131,0.09708663910525461,12.083292751461835,1.0
24,scale_0.90,layer3_flat,full_normalized_distance,0.8376239272137643,0.7136920761147431,0.12393185109902127,14.795643614326398,1.0
25,scale_0.90,layer3_flat,full_normalized_distance,0.8126460090905824,0.7084159569142353,0.10423005217634707,12.82600923529555,1.0
26,scale_0.90,layer3_flat,full_normalized_distance,0.832395160591873,0.7367079991904303,0.09568716140144273,11.495400974374911,1.0
27,scale_0.90,layer3_flat,full_normalized_distance,0.8057269077643351,0.6882475776532739,0.11747933011106115,14.580539507720719,1.0
28,scale_0.90,layer3_flat,full_normalized_distance,0.8040044162970568,0.7457373601729137,0.05826705612414307,7.247106476408032,1.0
29,scale_0.90,layer3_flat,full_normalized_distance,0.8360014917711701,0.715480708272036,0.12052078349913409,14.416335937828542,1.0
30,scale_0.90,layer3_flat,full_normalized_distance,0.8219229375979106,0.7419574180142225,0.07996551958368803,9.729077499320299,1.0
31,scale_0.90,layer3_flat,full_normalized_distance,0.8265367067635675,0.7345328871451714,0.0920038196183961,11.131244246675989,1.0
32,scale_0.90,layer3_flat,full_normalized_distance,0.8207897795984325,0.768665698321588,0.052124081276844425,6.350478840304564,1.0
33,scale_0.90,layer3_flat,full_normalized_distance,0.8011526967565891,0.736877762430981,0.06427493432560805,8.02280696123728,1.0
2,scale_0.90,layer3_flat,cp_eq1_optimized,0.20099633932113647,0.13551202416419983,0.06548431515693665,32.57985462709599,1.0
3,scale_0.90,layer3_flat,cp_eq1_optimized,0.20645597577095032,0.15850596129894257,0.04795001447200775,23.22529744790384,1.0
4,scale_0.90,layer3_flat,cp_eq1_optimized,0.20160019397735596,0.14670144021511078,0.05489875376224518,27.231498481662758,1.0
5,scale_0.90,layer3_flat,cp_eq1_optimized,0.21071091294288635,0.13138557970523834,0.07932533323764801,37.64652344265285,1.0
6,scale_0.90,layer3_flat,cp_eq1_optimized,0.14113889634609222,0.12432008981704712,0.016818806529045105,11.916492876410118,1.0
7,scale_0.90,layer3_flat,cp_eq1_optimized,0.1875404715538025,0.14742305874824524,0.04011741280555725,21.391336212906058,1.0
8,scale_0.90,layer3_flat,cp_eq1_optimized,0.15179871022701263,0.1189756914973259,0.03282301872968674,21.622725700623008,1.0
9,scale_0.90,layer3_flat,cp_eq1_optimized,0.23455460369586945,0.1635182946920395,0.07103630900382996,30.285617030836416,1.0
10,scale_0.90,layer3_flat,cp_eq1_optimized,0.17221106588840485,0.11282683908939362,0.05938422679901123,34.48339773772041,1.0
11,scale_0.90,layer3_flat,cp_eq1_optimized,0.18625201284885406,0.10285929590463638,0.08339271694421768,44.77412923931416,1.0
12,scale_0.90,layer3_flat,cp_eq1_optimized,0.21861334145069122,0.19407415390014648,0.02453918755054474,11.224926798883116,1.0
13,scale_0.90,layer3_flat,cp_eq1_optimized,0.2025173008441925,0.15726812183856964,0.045249179005622864,22.343364649231656,1.0
14,scale_0.90,layer3_flat,cp_eq1_optimized,0.2346464842557907,0.1609157770872116,0.0737307071685791,31.422037880563437,1.0
15,scale_0.90,layer3_flat,cp_eq1_optimized,0.24657480418682098,0.1527736783027649,0.09380112588405609,38.04165076517951,1.0
16,scale_0.90,layer3_flat,cp_eq1_optimized,0.1824887990951538,0.10159245133399963,0.08089634776115417,44.32948661058901,1.0
17,scale_0.90,layer3_flat,cp_eq1_optimized,0.17408141493797302,0.14408695697784424,0.029994457960128784,17.23013221752811,1.0
18,scale_0.90,layer3_flat,cp_eq1_optimized,0.19069276750087738,0.17247216403484344,0.018220603466033936,9.554952557838646,1.0
19,scale_0.90,layer3_flat,cp_eq1_optimized,0.22085317969322205,0.1326116919517517,0.08824148774147034,39.954818791218386,1.0
20,scale_0.90,layer3_flat,cp_eq1_optimized,0.21703940629959106,0.13003456592559814,0.08700484037399292,40.08711683144517,1.0
21,scale_0.90,layer3_flat,cp_eq1_optimized,0.19905877113342285,0.1744418442249298,0.024616926908493042,12.366662754021233,1.0
22,scale_0.90,layer3_flat,cp_eq1_optimized,0.18549785017967224,0.154987171292305,0.03051067888736725,16.447995951247027,1.0
23,scale_0.90,layer3_flat,cp_eq1_optimized,0.18197692930698395,0.1401541829109192,0.04182274639606476,22.982444288463906,1.0
24,scale_0.90,layer3_flat,cp_eq1_optimized,0.19174906611442566,0.13035999238491058,0.061389073729515076,32.01531823501095,1.0
25,scale_0.90,layer3_flat,cp_eq1_optimized,0.2368568331003189,0.15432050824165344,0.08253632485866547,34.84650359373815,1.0
26,scale_0.90,layer3_flat,cp_eq1_optimized,0.2273644655942917,0.17275629937648773,0.054608166217803955,24.017898344328962,1.0
27,scale_0.90,layer3_flat,cp_eq1_optimized,0.15545685589313507,0.1305893063545227,0.024867549538612366,15.996431547249982,1.0
28,scale_0.90,layer3_flat,cp_eq1_optimized,0.14082929491996765,0.11764898896217346,0.02318030595779419,16.459860834212655,1.0
29,scale_0.90,layer3_flat,cp_eq1_optimized,0.21665504574775696,0.15259040892124176,0.0640646368265152,29.569879900608207,1.0
30,scale_0.90,layer3_flat,cp_eq1_optimized,0.22568197548389435,0.15787476301193237,0.06780721247196198,30.04547098910898,1.0
31,scale_0.90,layer3_flat,cp_eq1_optimized,0.17044462263584137,0.14712558686733246,0.02331903576850891,13.681297425377698,1.0
32,scale_0.90,layer3_flat,cp_eq1_optimized,0.21096171438694,0.1902972012758255,0.020664513111114502,9.795385466537441,1.0
33,scale_0.90,layer3_flat,cp_eq1_optimized,0.20674316585063934,0.17766861617565155,0.029074549674987793,14.063124918891846,1.0
2,scale_0.90,layer4_pooled,bp_eq2_uniform,0.5504433512687683,0.39164602756500244,0.15879732370376587,28.848985701698567,1.0
3,scale_0.90,layer4_pooled,bp_eq2_uniform,0.5001610517501831,0.4146926999092102,0.0854683518409729,17.08816621000932,1.0
4,scale_0.90,layer4_pooled,bp_eq2_uniform,0.5429970026016235,0.4293424189090729,0.11365458369255066,20.93097809892064,1.0
5,scale_0.90,layer4_pooled,bp_eq2_uniform,0.5700678825378418,0.3573152720928192,0.21275261044502258,37.32057478795547,1.0
6,scale_0.90,layer4_pooled,bp_eq2_uniform,0.4826052188873291,0.33372732996940613,0.14887788891792297,30.84879381554556,1.0
7,scale_0.90,layer4_pooled,bp_eq2_uniform,0.6005474328994751,0.39031755924224854,0.21022987365722656,35.0063728758069,1.0
8,scale_0.90,layer4_pooled,bp_eq2_uniform,0.5568666458129883,0.36803415417671204,0.18883249163627625,33.909822586025825,1.0
9,scale_0.90,layer4_pooled,bp_eq2_uniform,0.6673659682273865,0.49012184143066406,0.1772441267967224,26.558760145837375,1.0
10,scale_0.90,layer4_pooled,bp_eq2_uniform,0.4542086720466614,0.3431512117385864,0.11105746030807495,24.4507573594767,1.0
11,scale_0.90,layer4_pooled,bp_eq2_uniform,0.5585416555404663,0.39559492468833923,0.16294673085212708,29.17360401600877,1.0
12,scale_0.90,layer4_pooled,bp_eq2_uniform,0.5776350498199463,0.38915738463401794,0.18847766518592834,32.629194721537786,1.0
13,scale_0.90,layer4_pooled,bp_eq2_uniform,0.49808573722839355,0.4282780587673187,0.06980767846107483,14.015193217412865,1.0
14,scale_0.90,layer4_pooled,bp_eq2_uniform,0.5809923410415649,0.456449419260025,0.12454292178153992,21.436241579028938,1.0
15,scale_0.90,layer4_pooled,bp_eq2_uniform,0.5343296527862549,0.30117398500442505,0.23315566778182983,43.63517288730026,1.0
16,scale_0.90,layer4_pooled,bp_eq2_uniform,0.5097097754478455,0.3732840120792389,0.13642576336860657,26.76538099518915,1.0
17,scale_0.90,layer4_pooled,bp_eq2_uniform,0.49195408821105957,0.410946249961853,0.08100783824920654,16.466544376858124,1.0
18,scale_0.90,layer4_pooled,bp_eq2_uniform,0.4816288352012634,0.3903966546058655,0.09123218059539795,18.942424939545898,1.0
19,scale_0.90,layer4_pooled,bp_eq2_uniform,0.797431468963623,0.583125650882721,0.2143058180809021,26.874512283689356,1.0
20,scale_0.90,layer4_pooled,bp_eq2_uniform,0.5836793184280396,0.4172409474849701,0.16643837094306946,28.51537919675393,1.0
21,scale_0.90,layer4_pooled,bp_eq2_uniform,0.43906503915786743,0.35375186800956726,0.08531317114830017,19.430645471508655,1.0
22,scale_0.90,layer4_pooled,bp_eq2_uniform,0.7326502799987793,0.635983943939209,0.09666633605957031,13.194062528659572,1.0
23,scale_0.90,layer4_pooled,bp_eq2_uniform,0.5497545599937439,0.4309842586517334,0.1187703013420105,21.604241235060613,1.0
24,scale_0.90,layer4_pooled,bp_eq2_uniform,0.5112411975860596,0.3412210941314697,0.17002010345458984,33.25633854568949,1.0
25,scale_0.90,layer4_pooled,bp_eq2_uniform,0.49626675248146057,0.3071647882461548,0.1891019642353058,38.10490291549184,1.0
26,scale_0.90,layer4_pooled,bp_eq2_uniform,0.6173916459083557,0.438055157661438,0.17933648824691772,29.04744329391972,1.0
27,scale_0.90,layer4_pooled,bp_eq2_uniform,0.6018539667129517,0.44056057929992676,0.1612933874130249,26.799422506703227,1.0
28,scale_0.90,layer4_pooled,bp_eq2_uniform,0.43135520815849304,0.37319743633270264,0.058157771825790405,13.482570912714388,1.0
29,scale_0.90,layer4_pooled,bp_eq2_uniform,0.6692773103713989,0.4553500711917877,0.2139272391796112,31.963916281664762,1.0
30,scale_0.90,layer4_pooled,bp_eq2_uniform,0.5162128806114197,0.4272783398628235,0.08893454074859619,17.228268431250086,1.0
31,scale_0.90,layer4_pooled,bp_eq2_uniform,0.48224517703056335,0.373668372631073,0.10857680439949036,22.51485542433614,1.0
32,scale_0.90,layer4_pooled,bp_eq2_uniform,0.5170178413391113,0.46091288328170776,0.056104958057403564,10.851648351627363,1.0
33,scale_0.90,layer4_pooled,bp_eq2_uniform,0.5234364867210388,0.4255202114582062,0.09791627526283264,18.706429098212492,1.0
2,scale_0.90,layer4_pooled,full_normalized_distance,1.049231481865435,0.8850378834434178,0.16419359842201708,15.648939367501612,1.0
3,scale_0.90,layer4_pooled,full_normalized_distance,1.0001610387834383,0.9107059897784907,0.0894550490049476,8.944064559210208,1.0
4,scale_0.90,layer4_pooled,full_normalized_distance,1.0421103613357114,0.9266524903210187,0.11545787101469274,11.079236451175412,1.0
5,scale_0.90,layer4_pooled,full_normalized_distance,1.0677714011321353,0.8453582342330608,0.22241316689907453,20.829661354766223,1.0
6,scale_0.90,layer4_pooled,full_normalized_distance,0.9824512393878172,0.8169789837803738,0.16547225560744339,16.842795751408858,1.0
7,scale_0.90,layer4_pooled,full_normalized_distance,1.0959447366537012,0.8835355785051879,0.21240915814851324,19.381374903708934,1.0
8,scale_0.90,layer4_pooled,full_normalized_distance,1.0553356298476693,0.8579442338249171,0.19739139602275213,18.704134536901517,1.0
9,scale_0.90,layer4_pooled,full_normalized_distance,1.1553059925642093,0.9900725644422878,0.16523342812192154,14.302135467595198,1.0
10,scale_0.90,layer4_pooled,full_normalized_distance,0.9531093033295409,0.8284337170088943,0.12467558632064657,13.08093267844315,1.0
11,scale_0.90,layer4_pooled,full_normalized_distance,1.05692162012182,0.8894885324593446,0.16743308766247533,15.841580347558669,1.0
12,scale_0.90,layer4_pooled,full_normalized_distance,1.0748349173895928,0.8822214967161228,0.19261342067346998,17.920279436128016,1.0
13,scale_0.90,layer4_pooled,full_normalized_distance,0.9980839015116851,0.925503169921442,0.07258073159024314,7.2720070407147706,1.0
14,scale_0.90,layer4_pooled,full_normalized_distance,1.0779539331915486,0.9554573975432133,0.12249653564833529,11.363800611176437,1.0
15,scale_0.90,layer4_pooled,full_normalized_distance,1.033759791040699,0.7761107975082231,0.25764899353247595,24.923487619193253,1.0
16,scale_0.90,layer4_pooled,full_normalized_distance,1.0096630878147874,0.8640416796419474,0.14562140817283997,14.422772301982828,1.0
17,scale_0.90,layer4_pooled,full_normalized_distance,0.9919214567807872,0.906582869860062,0.08533858692072527,8.60336131830435,1.0
18,scale_0.90,layer4_pooled,full_normalized_distance,0.9814569121477147,0.883625095394948,0.09783181675276664,9.968019537259392,1.0
19,scale_0.90,layer4_pooled,full_normalized_distance,1.2628788294714763,1.0799311560305322,0.1829476734409441,14.486557947714122,1.0
20,scale_0.90,layer4_pooled,full_normalized_distance,1.0804437222067973,0.9134998056759182,0.16694391653087914,15.451421772319902,1.0
21,scale_0.90,layer4_pooled,full_normalized_distance,0.9370859503352587,0.8411324128929609,0.09595353744229773,10.239566328773396,1.0
22,scale_0.90,layer4_pooled,full_normalized_distance,1.2104959975140597,1.1278155380550572,0.08268045945900249,6.830295980220608,1.0
23,scale_0.90,layer4_pooled,full_normalized_distance,1.0485748041925707,0.928422596290863,0.12015220790170766,11.458620541060332,1.0
24,scale_0.90,layer4_pooled,full_normalized_distance,1.0111787157432257,0.8261005920969549,0.18507812364627085,18.303206027240563,1.0
25,scale_0.90,layer4_pooled,full_normalized_distance,0.9962597577755117,0.783791794096053,0.21246796367945864,21.32656287890743,1.0
26,scale_0.90,layer4_pooled,full_normalized_distance,1.1112080326458729,0.936007647042948,0.17520038560292484,15.766659388305662,1.0
27,scale_0.90,layer4_pooled,full_normalized_distance,1.0971362419617279,0.938680541291793,0.15845570066993486,14.442663965458353,1.0
28,scale_0.90,layer4_pooled,full_normalized_distance,0.9288220584789026,0.8639414752547798,0.06488058322412282,6.985254347889357,1.0
29,scale_0.90,layer4_pooled,full_normalized_distance,1.1569592130852313,0.9543061051798712,0.20265310790536006,17.516011421420416,1.0
30,scale_0.90,layer4_pooled,full_normalized_distance,1.0160835404743251,0.9244223492136303,0.09166119126069483,9.021029040369614,1.0
31,scale_0.90,layer4_pooled,full_normalized_distance,0.9820846980078279,0.8644864054813968,0.11759829252643117,11.974353410134702,1.0
32,scale_0.90,layer4_pooled,full_normalized_distance,1.0168754509172806,0.9601175795512836,0.05675787136599697,5.581595200743833,1.0
33,scale_0.90,layer4_pooled,full_normalized_distance,1.0231681061497557,0.9225185217199774,0.10064958442977834,9.837052564942676,1.0
2,scale_0.90,layer4_pooled,cp_eq1_optimized,0.07628434151411057,0.041068896651268005,0.03521544486284256,46.16339888818075,1.0
3,scale_0.90,layer4_pooled,cp_eq1_optimized,0.0595560260117054,0.0830339789390564,-0.023477952927350998,-39.4216244756531,0.0
4,scale_0.90,layer4_pooled,cp_eq1_optimized,0.0590636245906353,0.028867656365036964,0.030195968225598335,51.12447540152276,1.0
5,scale_0.90,layer4_pooled,cp_eq1_optimized,0.048389241099357605,0.01966175064444542,0.028727490454912186,59.36751600491599,1.0
6,scale_0.90,layer4_pooled,cp_eq1_optimized,0.09058395028114319,0.08006612956523895,0.010517820715904236,11.611130540392885,1.0
7,scale_0.90,layer4_pooled,cp_eq1_optimized,0.026813020929694176,0.02014729380607605,0.006665727123618126,24.860037743779714,1.0
8,scale_0.90,layer4_pooled,cp_eq1_optimized,0.061845120042562485,0.033342812210321426,0.02850230783224106,46.08659149204431,1.0
9,scale_0.90,layer4_pooled,cp_eq1_optimized,0.07358736544847488,0.02252754382789135,0.051059821620583534,69.38666890533162,1.0
10,scale_0.90,layer4_pooled,cp_eq1_optimized,0.099205382168293,0.02829868718981743,0.07090669497847557,71.47464525409922,1.0
11,scale_0.90,layer4_pooled,cp_eq1_optimized,0.11340998858213425,0.07399274408817291,0.039417244493961334,34.75641342214478,1.0
12,scale_0.90,layer4_pooled,cp_eq1_optimized,0.08681206405162811,0.05376674234867096,0.03304532170295715,38.06535654183279,1.0
13,scale_0.90,layer4_pooled,cp_eq1_optimized,0.05693056806921959,0.03039691038429737,0.02653365768492222,46.60704887433222,1.0
14,scale_0.90,layer4_pooled,cp_eq1_optimized,0.046282894909381866,0.028202135115861893,0.018080759793519974,39.065749514005056,1.0
15,scale_0.90,layer4_pooled,cp_eq1_optimized,0.12152569741010666,0.05881422013044357,0.06271147727966309,51.603470389902625,1.0
16,scale_0.90,layer4_pooled,cp_eq1_optimized,0.07555606961250305,0.031529199331998825,0.04402687028050423,58.27046126898577,1.0
17,scale_0.90,layer4_pooled,cp_eq1_optimized,0.17116256058216095,0.09285806864500046,0.07830449193716049,45.7486097838058,1.0
18,scale_0.90,layer4_pooled,cp_eq1_optimized,0.09524289518594742,0.10093800723552704,-0.00569511204957962,-5.979566285129169,0.0
19,scale_0.90,layer4_pooled,cp_eq1_optimized,0.17505529522895813,0.07033879309892654,0.10471650213003159,59.81910001206916,1.0
20,scale_0.90,layer4_pooled,cp_eq1_optimized,0.08397869765758514,0.07550539076328278,0.008473306894302368,10.089828885833098,1.0
21,scale_0.90,layer4_pooled,cp_eq1_optimized,0.10337086766958237,0.05768778175115585,0.045683085918426514,44.193385378177645,1.0
22,scale_0.90,layer4_pooled,cp_eq1_optimized,0.05951832979917526,0.11129389703273773,-0.05177556723356247,-86.99096128435043,0.0
23,scale_0.90,layer4_pooled,cp_eq1_optimized,0.05554261431097984,0.027809083461761475,0.02773353084921837,49.93198680465532,1.0
24,scale_0.90,layer4_pooled,cp_eq1_optimized,0.07488857954740524,0.03905705735087395,0.035831522196531296,47.84644389385314,1.0
25,scale_0.90,layer4_pooled,cp_eq1_optimized,0.11964830011129379,0.07325100153684616,0.04639729857444763,38.778067495235845,1.0
26,scale_0.90,layer4_pooled,cp_eq1_optimized,0.13156497478485107,0.10518916696310043,0.02637580782175064,20.047742846971747,1.0
27,scale_0.90,layer4_pooled,cp_eq1_optimized,0.022470956668257713,0.03176426514983177,-0.009293308481574059,-41.35697744586077,0.0
28,scale_0.90,layer4_pooled,cp_eq1_optimized,0.04619204252958298,0.030176781117916107,0.01601526141166687,34.67103971655602,1.0
29,scale_0.90,layer4_pooled,cp_eq1_optimized,0.1950966715812683,0.0969538539648056,0.09814281761646271,50.304711413325094,1.0
30,scale_0.90,layer4_pooled,cp_eq1_optimized,0.030915692448616028,0.02696489542722702,0.003950797021389008,12.779260978312898,1.0
31,scale_0.90,layer4_pooled,cp_eq1_optimized,0.017490431666374207,0.04702611267566681,-0.029535681009292603,-168.86765044448282,0.0
32,scale_0.90,layer4_pooled,cp_eq1_optimized,0.1145087257027626,0.21122831106185913,-0.09671958535909653,-84.4648167767694,0.0
33,scale_0.90,layer4_pooled,cp_eq1_optimized,0.09141584485769272,0.12425769120454788,-0.032841846346855164,-35.92577019620711,0.0
2,scale_1.10,concat,bp_eq2_uniform,0.35775941610336304,0.26753273606300354,0.0902266800403595,25.219931601755302,1.0
3,scale_1.10,concat,bp_eq2_uniform,0.37112390995025635,0.27384209632873535,0.097281813621521,26.212758330310233,1.0
4,scale_1.10,concat,bp_eq2_uniform,0.3287050724029541,0.2587639093399048,0.06994116306304932,21.277786360746155,1.0
5,scale_1.10,concat,bp_eq2_uniform,0.36051321029663086,0.24481919407844543,0.11569401621818542,32.091477625097646,1.0
6,scale_1.10,concat,bp_eq2_uniform,0.34137335419654846,0.2594166398048401,0.08195671439170837,24.00794127132754,1.0
7,scale_1.10,concat,bp_eq2_uniform,0.3939444124698639,0.27209147810935974,0.12185293436050415,30.931504675045083,1.0
8,scale_1.10,concat,bp_eq2_uniform,0.23924089968204498,0.20971715450286865,0.02952374517917633,12.340592774183033,1.0
9,scale_1.10,concat,bp_eq2_uniform,0.38836869597435,0.283146470785141,0.10522222518920898,27.093384786061005,1.0
10,scale_1.10,concat,bp_eq2_uniform,0.39023447036743164,0.2836258113384247,0.10660865902900696,27.319129170817394,1.0
11,scale_1.10,concat,bp_eq2_uniform,0.260774701833725,0.21067988872528076,0.050094813108444214,19.209997271972167,1.0
12,scale_1.10,concat,bp_eq2_uniform,0.34397435188293457,0.25550577044487,0.08846858143806458,25.719528492030143,1.0
13,scale_1.10,concat,bp_eq2_uniform,0.39167168736457825,0.3125229477882385,0.07914873957633972,20.20792978647546,1.0
14,scale_1.10,concat,bp_eq2_uniform,0.360810250043869,0.28285250067710876,0.07795774936676025,21.60630119489835,1.0
15,scale_1.10,concat,bp_eq2_uniform,0.273453950881958,0.19280114769935608,0.08065280318260193,29.494107846012593,1.0
16,scale_1.10,concat,bp_eq2_uniform,0.3324122726917267,0.23160254955291748,0.1008097231388092,30.326715172756305,1.0
17,scale_1.10,concat,bp_eq2_uniform,0.3678724467754364,0.2867167890071869,0.08115565776824951,22.06081441526646,1.0
18,scale_1.10,concat,bp_eq2_uniform,0.38876989483833313,0.2744799554347992,0.11428993940353394,29.397836849164086,1.0
19,scale_1.10,concat,bp_eq2_uniform,0.36485555768013,0.2393454909324646,0.1255100667476654,34.39993282419901,1.0
20,scale_1.10,concat,bp_eq2_uniform,0.30087897181510925,0.22067727148532867,0.08020170032978058,26.655801116868393,1.0
21,scale_1.10,concat,bp_eq2_uniform,0.34241586923599243,0.2631427049636841,0.07927316427230835,23.151136204333426,1.0
22,scale_1.10,concat,bp_eq2_uniform,0.2685888111591339,0.20770205557346344,0.06088675558567047,22.669133283206463,1.0
23,scale_1.10,concat,bp_eq2_uniform,0.40194186568260193,0.3158549666404724,0.08608689904212952,21.417748782082548,1.0
24,scale_1.10,concat,bp_eq2_uniform,0.35026365518569946,0.24211819469928741,0.10814546048641205,30.875444507300582,1.0
25,scale_1.10,concat,bp_eq2_uniform,0.2749045491218567,0.17024444043636322,0.10466010868549347,38.07143571084383,1.0
26,scale_1.10,concat,bp_eq2_uniform,0.2993778586387634,0.18662863969802856,0.11274921894073486,37.66117489550361,1.0
27,scale_1.10,concat,bp_eq2_uniform,0.3848869800567627,0.28970757126808167,0.09517940878868103,24.7291838176487,1.0
28,scale_1.10,concat,bp_eq2_uniform,0.37198707461357117,0.29049769043922424,0.08148938417434692,21.906509590092863,1.0
29,scale_1.10,concat,bp_eq2_uniform,0.4176856577396393,0.27065929770469666,0.14702636003494263,35.200241451967266,1.0
30,scale_1.10,concat,bp_eq2_uniform,0.3598857522010803,0.27875056862831116,0.08113518357276917,22.54470566737267,1.0
31,scale_1.10,concat,bp_eq2_uniform,0.40245917439460754,0.2902979552745819,0.11216121912002563,27.868968147754014,1.0
32,scale_1.10,concat,bp_eq2_uniform,0.3280123174190521,0.24949194490909576,0.07852037250995636,23.938239005032024,1.0
33,scale_1.10,concat,bp_eq2_uniform,0.3263181149959564,0.22852963209152222,0.0977884829044342,29.967224744892352,1.0
2,scale_1.10,concat,full_normalized_distance,0.8458834625447681,0.7314816963711444,0.11440176617362374,13.524530415728966,1.0
3,scale_1.10,concat,full_normalized_distance,0.8615380548185394,0.740056884744322,0.12148117007421744,14.100499611669886,1.0
4,scale_1.10,concat,full_normalized_distance,0.8108083280319142,0.7193940635561358,0.09141426447577838,11.274460475456229,1.0
5,scale_1.10,concat,full_normalized_distance,0.8491327461553121,0.6997416581545584,0.14939108800075374,17.593372611878188,1.0
6,scale_1.10,concat,full_normalized_distance,0.8262848833139191,0.7203008257732877,0.10598405754063145,12.826575879670076,1.0
7,scale_1.10,concat,full_normalized_distance,0.8876310184641633,0.737687573582963,0.14994344488120026,16.89254225708259,1.0
8,scale_1.10,concat,full_normalized_distance,0.6917237883462517,0.6476374827059791,0.044086305640272605,6.373397356422977,1.0
9,scale_1.10,concat,full_normalized_distance,0.8813270629843951,0.7525243793859984,0.12880268359839675,14.614629347939495,1.0
10,scale_1.10,concat,full_normalized_distance,0.883441532154145,0.7531610868047083,0.13028044534943672,14.746923322884667,1.0
11,scale_1.10,concat,full_normalized_distance,0.7221837741651704,0.649122313166449,0.07306146099872146,10.116740864619652,1.0
12,scale_1.10,concat,full_normalized_distance,0.829426732005829,0.7148507123097382,0.11457601969609077,13.81388075338129,1.0
13,scale_1.10,concat,full_normalized_distance,0.8850668758512864,0.7905984414204704,0.09446843443081598,10.673592810695395,1.0
14,scale_1.10,concat,full_normalized_distance,0.8494824895709964,0.752133632643972,0.09734885692702433,11.45978382392233,1.0
15,scale_1.10,concat,full_normalized_distance,0.7395322182054789,0.6209688360930138,0.11856338211246509,16.03221322797893,1.0
16,scale_1.10,concat,full_normalized_distance,0.8153677362904749,0.6805917271799848,0.13477600911049004,16.529475365739856,1.0
17,scale_1.10,concat,full_normalized_distance,0.8577557307012719,0.7572539719370073,0.10050175876426459,11.716827433141207,1.0
18,scale_1.10,concat,full_normalized_distance,0.8817821667944222,0.7409182889290818,0.14086387786534038,15.974906634511411,1.0
19,scale_1.10,concat,full_normalized_distance,0.8542313008549032,0.6918749756024778,0.16235632525242538,19.006131605075964,1.0
20,scale_1.10,concat,full_normalized_distance,0.7757305870147306,0.6643451986510156,0.11138538836371503,14.358772262960452,1.0
21,scale_1.10,concat,full_normalized_distance,0.827545611112756,0.7254553121504923,0.10209029896226374,12.33651627066997,1.0
22,scale_1.10,concat,full_normalized_distance,0.7329240222003014,0.6445185110971808,0.08840551110312056,12.062029408941862,1.0
23,scale_1.10,concat,full_normalized_distance,0.8965956342550435,0.7948018201293608,0.10179381412568267,11.353369371483366,1.0
24,scale_1.10,concat,full_normalized_distance,0.8369750954308013,0.6958709574328956,0.14110413799790567,16.858821578808037,1.0
25,scale_1.10,concat,full_normalized_distance,0.7414911316015272,0.583514250788039,0.15797688081348826,21.30529605553948,1.0
26,scale_1.10,concat,full_normalized_distance,0.7737930713553378,0.6109478532543159,0.16284521810102193,21.04506025306996,1.0
27,scale_1.10,concat,full_normalized_distance,0.8773676311065536,0.7611932360026351,0.11617439510391847,13.241244717139221,1.0
28,scale_1.10,concat,full_normalized_distance,0.8625393609726703,0.7622305300094246,0.10030883096324561,11.629478665183795,1.0
29,scale_1.10,concat,full_normalized_distance,0.9139864963331125,0.7357435663391106,0.17824292999400182,19.501702783237207,1.0
30,scale_1.10,concat,full_normalized_distance,0.8483934844175552,0.7466599877163784,0.10173349670117682,11.991310467323977,1.0
31,scale_1.10,concat,full_normalized_distance,0.8971724186516297,0.7619684445888582,0.13520397406277151,15.070010095252412,1.0
32,scale_1.10,concat,full_normalized_distance,0.8099534769590808,0.7063879173783988,0.10356555958068203,12.786605962775111,1.0
33,scale_1.10,concat,full_normalized_distance,0.8078590409173576,0.6760615831291144,0.13179745778824326,16.3144126775407,1.0
2,scale_1.10,concat,cp_eq1_optimized,0.22359268367290497,0.13408564031124115,0.08950704336166382,40.03129346226904,1.0
3,scale_1.10,concat,cp_eq1_optimized,0.19757984578609467,0.14589305222034454,0.05168679356575012,26.159952377655994,1.0
4,scale_1.10,concat,cp_eq1_optimized,0.20913760364055634,0.14592760801315308,0.06320999562740326,30.224117770680635,1.0
5,scale_1.10,concat,cp_eq1_optimized,0.1981411874294281,0.13044998049736023,0.06769120693206787,34.16311762835064,1.0
6,scale_1.10,concat,cp_eq1_optimized,0.19897021353244781,0.16984958946704865,0.02912062406539917,14.635670107728892,1.0
7,scale_1.10,concat,cp_eq1_optimized,0.21516618132591248,0.15105149149894714,0.06411468982696533,29.79775419704677,1.0
8,scale_1.10,concat,cp_eq1_optimized,0.1651684045791626,0.1367224007844925,0.028446003794670105,17.222424510896186,1.0
9,scale_1.10,concat,cp_eq1_optimized,0.2424478679895401,0.15572725236415863,0.08672061562538147,35.76876808368765,1.0
10,scale_1.10,concat,cp_eq1_optimized,0.17734242975711823,0.1184142678976059,0.05892816185951233,33.22846198728974,1.0
11,scale_1.10,concat,cp_eq1_optimized,0.2054394632577896,0.14487868547439575,0.06056077778339386,29.478648757520446,1.0
12,scale_1.10,concat,cp_eq1_optimized,0.2434992641210556,0.18704618513584137,0.05645307898521423,23.184086074657195,1.0
13,scale_1.10,concat,cp_eq1_optimized,0.2152213305234909,0.16530288755893707,0.04991844296455383,23.194003513919085,1.0
14,scale_1.10,concat,cp_eq1_optimized,0.24031463265419006,0.16154082119464874,0.07877381145954132,32.77944858753904,1.0
15,scale_1.10,concat,cp_eq1_optimized,0.2252197265625,0.14951585233211517,0.07570387423038483,33.61334079634465,1.0
16,scale_1.10,concat,cp_eq1_optimized,0.18973790109157562,0.10861086845397949,0.08112703263759613,42.75742072113108,1.0
17,scale_1.10,concat,cp_eq1_optimized,0.19143415987491608,0.14563609659671783,0.04579806327819824,23.923663001359664,1.0
18,scale_1.10,concat,cp_eq1_optimized,0.22431722283363342,0.1667834222316742,0.05753380060195923,25.648409816651984,1.0
19,scale_1.10,concat,cp_eq1_optimized,0.22635795176029205,0.1374499648809433,0.08890798687934875,39.27760707655966,1.0
20,scale_1.10,concat,cp_eq1_optimized,0.20641043782234192,0.12968939542770386,0.07672104239463806,37.16916799541911,1.0
21,scale_1.10,concat,cp_eq1_optimized,0.20117317140102386,0.15863505005836487,0.042538121342659,21.145026966667906,1.0
22,scale_1.10,concat,cp_eq1_optimized,0.16539162397384644,0.13217030465602875,0.03322131931781769,20.0864581406312,1.0
23,scale_1.10,concat,cp_eq1_optimized,0.2110425978899002,0.15682289004325867,0.05421970784664154,25.691357284499862,1.0
24,scale_1.10,concat,cp_eq1_optimized,0.19978603720664978,0.13389942049980164,0.06588661670684814,32.97858930870538,1.0
25,scale_1.10,concat,cp_eq1_optimized,0.19240300357341766,0.11336808651685715,0.07903491705656052,41.07779794923595,1.0
26,scale_1.10,concat,cp_eq1_optimized,0.21149584650993347,0.13711164891719818,0.07438419759273529,35.17052406458958,1.0
27,scale_1.10,concat,cp_eq1_optimized,0.19811974465847015,0.16625884175300598,0.03186090290546417,16.08163939451212,1.0
28,scale_1.10,concat,cp_eq1_optimized,0.18294884264469147,0.13681796193122864,0.04613088071346283,25.215180400349603,1.0
29,scale_1.10,concat,cp_eq1_optimized,0.23449277877807617,0.15668348968029022,0.07780928909778595,33.18195532626307,1.0
30,scale_1.10,concat,cp_eq1_optimized,0.22701621055603027,0.15615436434745789,0.07086184620857239,31.214443248214955,1.0
31,scale_1.10,concat,cp_eq1_optimized,0.204109787940979,0.1525888741016388,0.05152091383934021,25.241765404207726,1.0
32,scale_1.10,concat,cp_eq1_optimized,0.1894216239452362,0.1572231501340866,0.0321984738111496,16.998309453987435,1.0
33,scale_1.10,concat,cp_eq1_optimized,0.1800439953804016,0.1397736668586731,0.040270328521728516,22.36693783451131,1.0
2,scale_1.10,layer2_flat,bp_eq2_uniform,0.38406991958618164,0.2674596905708313,0.11661022901535034,30.361718809087964,1.0
3,scale_1.10,layer2_flat,bp_eq2_uniform,0.38551685214042664,0.25981247425079346,0.12570437788963318,32.606714127121634,1.0
4,scale_1.10,layer2_flat,bp_eq2_uniform,0.32819539308547974,0.24472038447856903,0.0834750086069107,25.43454611653095,1.0
5,scale_1.10,layer2_flat,bp_eq2_uniform,0.3562982380390167,0.22133402526378632,0.1349642127752304,37.87956222227297,1.0
6,scale_1.10,layer2_flat,bp_eq2_uniform,0.33899927139282227,0.24975872039794922,0.08924055099487305,26.324702890349435,1.0
7,scale_1.10,layer2_flat,bp_eq2_uniform,0.40334779024124146,0.2722967863082886,0.13105100393295288,32.490819859022075,1.0
8,scale_1.10,layer2_flat,bp_eq2_uniform,0.1989322006702423,0.1907331943511963,0.00819900631904602,4.121507876241612,1.0
9,scale_1.10,layer2_flat,bp_eq2_uniform,0.386038213968277,0.2759700119495392,0.11006820201873779,28.512255532168023,1.0
10,scale_1.10,layer2_flat,bp_eq2_uniform,0.42708349227905273,0.28832870721817017,0.13875478506088257,32.4889131912166,1.0
11,scale_1.10,layer2_flat,bp_eq2_uniform,0.2530724108219147,0.20747964084148407,0.0455927699804306,18.015701447730613,1.0
12,scale_1.10,layer2_flat,bp_eq2_uniform,0.34106555581092834,0.2445446103811264,0.09652094542980194,28.29982206793872,1.0
13,scale_1.10,layer2_flat,bp_eq2_uniform,0.42450928688049316,0.29840102791786194,0.12610825896263123,29.70683159585054,1.0
14,scale_1.10,layer2_flat,bp_eq2_uniform,0.35797756910324097,0.27864018082618713,0.07933738827705383,22.16267026886013,1.0
15,scale_1.10,layer2_flat,bp_eq2_uniform,0.23703338205814362,0.17204689979553223,0.06498648226261139,27.416594953024894,1.0
16,scale_1.10,layer2_flat,bp_eq2_uniform,0.33832675218582153,0.2121235877275467,0.12620316445827484,37.30215350767958,1.0
17,scale_1.10,layer2_flat,bp_eq2_uniform,0.38751161098480225,0.27306270599365234,0.1144489049911499,29.53431632667727,1.0
18,scale_1.10,layer2_flat,bp_eq2_uniform,0.40684112906455994,0.2589581608772278,0.14788296818733215,36.34907034276314,1.0
19,scale_1.10,layer2_flat,bp_eq2_uniform,0.33962973952293396,0.2003401666879654,0.13928957283496857,41.01218374757571,1.0
20,scale_1.10,layer2_flat,bp_eq2_uniform,0.2717546224594116,0.18953073024749756,0.08222389221191406,30.256667381579568,1.0
21,scale_1.10,layer2_flat,bp_eq2_uniform,0.327349990606308,0.23152588307857513,0.09582410752773285,29.27267764692999,1.0
22,scale_1.10,layer2_flat,bp_eq2_uniform,0.25980228185653687,0.17891395092010498,0.08088833093643188,31.134572936810148,1.0
23,scale_1.10,layer2_flat,bp_eq2_uniform,0.40997129678726196,0.313314825296402,0.09665647149085999,23.57639967677547,1.0
24,scale_1.10,layer2_flat,bp_eq2_uniform,0.3330382704734802,0.21289388835430145,0.12014438211917877,36.07524803320918,1.0
25,scale_1.10,layer2_flat,bp_eq2_uniform,0.2537187933921814,0.1349872201681137,0.11873157322406769,46.7965228890524,1.0
26,scale_1.10,layer2_flat,bp_eq2_uniform,0.28574639558792114,0.1635594367980957,0.12218695878982544,42.760629941805234,1.0
27,scale_1.10,layer2_flat,bp_eq2_uniform,0.3959602415561676,0.3000936806201935,0.09586656093597412,24.211158311997643,1.0
28,scale_1.10,layer2_flat,bp_eq2_uniform,0.3952430486679077,0.28282904624938965,0.11241400241851807,28.44174054347164,1.0
29,scale_1.10,layer2_flat,bp_eq2_uniform,0.43477824330329895,0.2632119655609131,0.17156627774238586,39.46064008136386,1.0
30,scale_1.10,layer2_flat,bp_eq2_uniform,0.34969645738601685,0.2555356025695801,0.09416085481643677,26.926453736483484,1.0
31,scale_1.10,layer2_flat,bp_eq2_uniform,0.420327365398407,0.2948136627674103,0.1255137026309967,29.860940058406626,1.0
32,scale_1.10,layer2_flat,bp_eq2_uniform,0.31789255142211914,0.21807989478111267,0.09981265664100647,31.398236981071797,1.0
33,scale_1.10,layer2_flat,bp_eq2_uniform,0.32610490918159485,0.195463627576828,0.13064128160476685,40.06112080073511,1.0
2,scale_1.10,layer2_flat,full_normalized_distance,0.8764358728237699,0.7313818299231002,0.1450540429006697,16.550445662745148,1.0
3,scale_1.10,layer2_flat,full_normalized_distance,0.8780852488687264,0.7208501567604649,0.15723509210826148,17.90658621251808,1.0
4,scale_1.10,layer2_flat,full_normalized_distance,0.8101794777522814,0.699600435217945,0.11057904253433637,13.648709399673326,1.0
5,scale_1.10,layer2_flat,full_normalized_distance,0.8441542963688767,0.6653330373035542,0.17882125906532254,21.183480299076717,1.0
6,scale_1.10,layer2_flat,full_normalized_distance,0.8234066691408592,0.7067654779316109,0.11664119120924832,14.16568453724207,1.0
7,scale_1.10,layer2_flat,full_normalized_distance,0.8981623352615511,0.7379658343152324,0.16019650094631865,17.83602970831436,1.0
8,scale_1.10,layer2_flat,full_normalized_distance,0.6307649335057274,0.6176296533541703,0.013135280151557072,2.0824366501371117,1.0
9,scale_1.10,layer2_flat,full_normalized_distance,0.8786787967946842,0.7429266611847217,0.13575213560996247,15.449574532242684,1.0
10,scale_1.10,layer2_flat,full_normalized_distance,0.9242115475139366,0.7593796247176641,0.16483192279627257,17.834869434328144,1.0
11,scale_1.10,layer2_flat,full_normalized_distance,0.7114385578838339,0.6441733320178414,0.06726522586599248,9.454818707883588,1.0
12,scale_1.10,layer2_flat,full_normalized_distance,0.8259122905138636,0.6993491408175553,0.12656314969630833,15.324042413439617,1.0
13,scale_1.10,layer2_flat,full_normalized_distance,0.9214220388947653,0.7725296472212079,0.1488923916735574,16.15897877285315,1.0
14,scale_1.10,layer2_flat,full_normalized_distance,0.8461413228335335,0.7465121309478998,0.09962919188563368,11.774533307495325,1.0
15,scale_1.10,layer2_flat,full_normalized_distance,0.6885250642614887,0.5865950899820629,0.10192997427942585,14.804105118323875,1.0
16,scale_1.10,layer2_flat,full_normalized_distance,0.8225895114646449,0.6513425945346223,0.17124691693002259,20.818028256268942,1.0
17,scale_1.10,layer2_flat,full_normalized_distance,0.8803540321766037,0.7390029851004019,0.14135104707620183,16.056159443782214,1.0
18,scale_1.10,layer2_flat,full_normalized_distance,0.9020433792945436,0.7196640339453234,0.18237934534922018,20.218467263919223,1.0
19,scale_1.10,layer2_flat,full_normalized_distance,0.8241719960335148,0.6329931542883626,0.1911788417451522,23.196473874992716,1.0
20,scale_1.10,layer2_flat,full_normalized_distance,0.7372307948796111,0.6156796736087647,0.12155112127084633,16.487526309929933,1.0
21,scale_1.10,layer2_flat,full_normalized_distance,0.8091353293563543,0.6804790710647538,0.12865625829160054,15.900462335983299,1.0
22,scale_1.10,layer2_flat,full_normalized_distance,0.7208360172140913,0.5981871796020122,0.12264883761207912,17.014804294314523,1.0
23,scale_1.10,layer2_flat,full_normalized_distance,0.9055068158630966,0.7915994255889806,0.113907390274116,12.579407275407174,1.0
24,scale_1.10,layer2_flat,full_normalized_distance,0.8161351241963309,0.6525241579501888,0.16361096624614213,20.047043852824437,1.0
25,scale_1.10,layer2_flat,full_normalized_distance,0.7123465356021343,0.519590646890634,0.1927558887115004,27.059286327306495,1.0
26,scale_1.10,layer2_flat,full_normalized_distance,0.755971422195206,0.5719430684921284,0.18402835370307757,24.34329503732412,1.0
27,scale_1.10,layer2_flat,full_normalized_distance,0.8898991421011345,0.7747176009620453,0.11518154113908918,12.943212965348572,1.0
28,scale_1.10,layer2_flat,full_normalized_distance,0.8890928507955822,0.7521024481403975,0.1369904026551847,15.407884849422446,1.0
29,scale_1.10,layer2_flat,full_normalized_distance,0.9325001268668,0.725550777769431,0.20694934909736895,22.192956669346174,1.0
30,scale_1.10,layer2_flat,full_normalized_distance,0.8362971450220512,0.7148924430564084,0.12140470196564279,14.516933686566212,1.0
31,scale_1.10,layer2_flat,full_normalized_distance,0.9168722543499798,0.767871946052739,0.14900030829724076,16.250934368464733,1.0
32,scale_1.10,layer2_flat,full_normalized_distance,0.7973613376909106,0.6604239468418944,0.13693739084901613,17.17381874137555,1.0
33,scale_1.10,layer2_flat,full_normalized_distance,0.8075950831717524,0.6252417573656257,0.18235332580612673,22.57979643582347,1.0
2,scale_1.10,layer2_flat,cp_eq1_optimized,0.22339606285095215,0.15290798246860504,0.0704880803823471,31.552964489378933,1.0
3,scale_1.10,layer2_flat,cp_eq1_optimized,0.20460636913776398,0.1486421823501587,0.055964186787605286,27.35212350581833,1.0
4,scale_1.10,layer2_flat,cp_eq1_optimized,0.1863749772310257,0.13797403872013092,0.048400938510894775,25.969654955685655,1.0
5,scale_1.10,layer2_flat,cp_eq1_optimized,0.1878432333469391,0.12657630443572998,0.061266928911209106,32.615989311536886,1.0
6,scale_1.10,layer2_flat,cp_eq1_optimized,0.19466127455234528,0.1613999903202057,0.03326128423213959,17.08674943614664,1.0
7,scale_1.10,layer2_flat,cp_eq1_optimized,0.2163630574941635,0.157356396317482,0.05900666117668152,27.272059222957008,1.0
8,scale_1.10,layer2_flat,cp_eq1_optimized,0.16373232007026672,0.14021694660186768,0.023515373468399048,14.362084076108895,1.0
9,scale_1.10,layer2_flat,cp_eq1_optimized,0.23057128489017487,0.15236887335777283,0.07820241153240204,33.91680432769937,1.0
10,scale_1.10,layer2_flat,cp_eq1_optimized,0.1997670978307724,0.14158399403095245,0.058183103799819946,29.125468824108875,1.0
11,scale_1.10,layer2_flat,cp_eq1_optimized,0.20709291100502014,0.15762147307395935,0.04947143793106079,23.88852312265902,1.0
12,scale_1.10,layer2_flat,cp_eq1_optimized,0.23220238089561462,0.17066477239131927,0.06153760850429535,26.50171297412073,1.0
13,scale_1.10,layer2_flat,cp_eq1_optimized,0.21347418427467346,0.15903136134147644,0.05444282293319702,25.503235024845612,1.0
14,scale_1.10,layer2_flat,cp_eq1_optimized,0.22119107842445374,0.15682591497898102,0.06436516344547272,29.099348809027664,1.0
15,scale_1.10,layer2_flat,cp_eq1_optimized,0.19617995619773865,0.13885654509067535,0.05732341110706329,29.219810330160456,1.0
16,scale_1.10,layer2_flat,cp_eq1_optimized,0.18101714551448822,0.10859641432762146,0.07242073118686676,40.0076639042296,1.0
17,scale_1.10,layer2_flat,cp_eq1_optimized,0.19324298202991486,0.13800255954265594,0.05524042248725891,28.58599153599358,1.0
18,scale_1.10,layer2_flat,cp_eq1_optimized,0.23264171183109283,0.15790955722332,0.07473215460777283,32.123282630292074,1.0
19,scale_1.10,layer2_flat,cp_eq1_optimized,0.18829143047332764,0.11400773376226425,0.07428369671106339,39.45144849339891,1.0
20,scale_1.10,layer2_flat,cp_eq1_optimized,0.1702050417661667,0.10876093059778214,0.06144411116838455,36.10005351806059,1.0
21,scale_1.10,layer2_flat,cp_eq1_optimized,0.18827781081199646,0.1383618414402008,0.049915969371795654,26.511870494061455,1.0
22,scale_1.10,layer2_flat,cp_eq1_optimized,0.1486869603395462,0.1174747571349144,0.031212203204631805,20.991890030668944,1.0
23,scale_1.10,layer2_flat,cp_eq1_optimized,0.21380949020385742,0.17243199050426483,0.04137749969959259,19.352508469080366,1.0
24,scale_1.10,layer2_flat,cp_eq1_optimized,0.17589209973812103,0.11737726628780365,0.05851483345031738,33.26745973076971,1.0
25,scale_1.10,layer2_flat,cp_eq1_optimized,0.15545275807380676,0.08954739570617676,0.06590536236763,42.39574979809307,1.0
26,scale_1.10,layer2_flat,cp_eq1_optimized,0.17902818322181702,0.11756628751754761,0.06146189570426941,34.33084925392693,1.0
27,scale_1.10,layer2_flat,cp_eq1_optimized,0.21894197165966034,0.1899075210094452,0.02903445065021515,13.261253851872606,1.0
28,scale_1.10,layer2_flat,cp_eq1_optimized,0.21822641789913177,0.16544781625270844,0.05277860164642334,24.185248584603865,1.0
29,scale_1.10,layer2_flat,cp_eq1_optimized,0.22347749769687653,0.1531718373298645,0.07030566036701202,31.459838727055903,1.0
30,scale_1.10,layer2_flat,cp_eq1_optimized,0.20099639892578125,0.1413855105638504,0.05961088836193085,29.65768972987712,1.0
31,scale_1.10,layer2_flat,cp_eq1_optimized,0.20829996466636658,0.15985742211341858,0.048442542552948,23.256145352835613,1.0
32,scale_1.10,layer2_flat,cp_eq1_optimized,0.1730223149061203,0.13449041545391083,0.03853189945220947,22.269901701924223,1.0
33,scale_1.10,layer2_flat,cp_eq1_optimized,0.1636091023683548,0.11564837396144867,0.04796072840690613,29.314217676369044,1.0
2,scale_1.10,layer3_flat,bp_eq2_uniform,0.3348734974861145,0.2675156593322754,0.06735783815383911,20.114412952739254,1.0
3,scale_1.10,layer3_flat,bp_eq2_uniform,0.35701605677604675,0.2874014675617218,0.06961458921432495,19.49900792775789,1.0
4,scale_1.10,layer3_flat,bp_eq2_uniform,0.3290856182575226,0.2708667814731598,0.05821883678436279,17.691091179386433,1.0
5,scale_1.10,layer3_flat,bp_eq2_uniform,0.3650261461734772,0.27043670415878296,0.09458944201469421,25.913059381089333,1.0
6,scale_1.10,layer3_flat,bp_eq2_uniform,0.3442102372646332,0.27099573612213135,0.07321450114250183,21.270285777700707,1.0
7,scale_1.10,layer3_flat,bp_eq2_uniform,0.38377124071121216,0.27179601788520813,0.11197522282600403,29.177596168539793,1.0
8,scale_1.10,layer3_flat,bp_eq2_uniform,0.3130415081977844,0.24446995556354523,0.0685715526342392,21.904939389282394,1.0
9,scale_1.10,layer3_flat,bp_eq2_uniform,0.3907240331172943,0.2905493676662445,0.1001746654510498,25.63821443272246,1.0
10,scale_1.10,layer3_flat,bp_eq2_uniform,0.3620845675468445,0.27993178367614746,0.08215278387069702,22.688838805548283,1.0
11,scale_1.10,layer3_flat,bp_eq2_uniform,0.2740802764892578,0.21620218455791473,0.05787809193134308,21.11720429959518,1.0
12,scale_1.10,layer3_flat,bp_eq2_uniform,0.34734874963760376,0.2683034837245941,0.07904526591300964,22.756744049100988,1.0
13,scale_1.10,layer3_flat,bp_eq2_uniform,0.36787140369415283,0.32265326380729675,0.04521813988685608,12.291833350636677,1.0
14,scale_1.10,layer3_flat,bp_eq2_uniform,0.3638482093811035,0.2874201834201813,0.07642802596092224,21.005469860828587,1.0
15,scale_1.10,layer3_flat,bp_eq2_uniform,0.3213987648487091,0.2201327532529831,0.10126601159572601,31.507903162938266,1.0
16,scale_1.10,layer3_flat,bp_eq2_uniform,0.32620537281036377,0.25172144174575806,0.07448393106460571,22.833447046771322,1.0
17,scale_1.10,layer3_flat,bp_eq2_uniform,0.35174015164375305,0.29774999618530273,0.05399015545845032,15.349443390522772,1.0
18,scale_1.10,layer3_flat,bp_eq2_uniform,0.3725210726261139,0.2882113754749298,0.08430969715118408,22.632195423633497,1.0
19,scale_1.10,layer3_flat,bp_eq2_uniform,0.39672061800956726,0.2887178361415863,0.10800278186798096,27.223889297607453,1.0
20,scale_1.10,layer3_flat,bp_eq2_uniform,0.33152085542678833,0.25346696376800537,0.07805389165878296,23.544187456340772,1.0
21,scale_1.10,layer3_flat,bp_eq2_uniform,0.35544872283935547,0.2905711233615875,0.06487759947776794,18.25230906988144,1.0
22,scale_1.10,layer3_flat,bp_eq2_uniform,0.2815070152282715,0.2502409815788269,0.03126603364944458,11.106662341604586,1.0
23,scale_1.10,layer3_flat,bp_eq2_uniform,0.3942587077617645,0.3181946277618408,0.0760640799999237,19.292935958612585,1.0
24,scale_1.10,layer3_flat,bp_eq2_uniform,0.3658442497253418,0.2686293423175812,0.09721490740776062,26.572758074092775,1.0
25,scale_1.10,layer3_flat,bp_eq2_uniform,0.30001193284988403,0.2120935618877411,0.08791837096214294,29.30495801506713,1.0
26,scale_1.10,layer3_flat,bp_eq2_uniform,0.3174816966056824,0.21729733049869537,0.100184366106987,31.555950209974505,1.0
27,scale_1.10,layer3_flat,bp_eq2_uniform,0.372086763381958,0.27769961953163147,0.09438714385032654,25.366971668696983,1.0
28,scale_1.10,layer3_flat,bp_eq2_uniform,0.3537210524082184,0.2964002788066864,0.05732077360153198,16.205078326866964,1.0
29,scale_1.10,layer3_flat,bp_eq2_uniform,0.39846518635749817,0.2789008617401123,0.11956432461738586,30.00621602857273,1.0
30,scale_1.10,layer3_flat,bp_eq2_uniform,0.3695851266384125,0.3009122312068939,0.06867289543151855,18.58107658604985,1.0
31,scale_1.10,layer3_flat,bp_eq2_uniform,0.3854619562625885,0.28596049547195435,0.09950146079063416,25.813561928428697,1.0
32,scale_1.10,layer3_flat,bp_eq2_uniform,0.338909775018692,0.2834838926792145,0.05542588233947754,16.35417046801234,1.0
33,scale_1.10,layer3_flat,bp_eq2_uniform,0.32643258571624756,0.26126012206077576,0.0651724636554718,19.965060630289987,1.0
2,scale_1.10,layer3_flat,full_normalized_distance,0.8183807151761514,0.7314583506014206,0.08692236457473079,10.621262569208401,1.0
3,scale_1.10,layer3_flat,full_normalized_distance,0.8450042091919386,0.758157592538282,0.08684661665365667,10.277654916843982,1.0
4,scale_1.10,layer3_flat,full_normalized_distance,0.8112775335944199,0.7360255178635585,0.07525201573086138,9.275742592964393,1.0
5,scale_1.10,layer3_flat,full_normalized_distance,0.8544309757651313,0.7354409618164913,0.11899001394863995,13.926228955117965,1.0
6,scale_1.10,layer3_flat,full_normalized_distance,0.8297110789481278,0.7362007010620559,0.09351037788607186,11.270233730578555,1.0
7,scale_1.10,layer3_flat,full_normalized_distance,0.8760950184896752,0.7372869426284561,0.13880807586121913,15.843952189153619,1.0
8,scale_1.10,layer3_flat,full_normalized_distance,0.7912540782805286,0.69924238367471,0.0920116946058186,11.628590250764026,1.0
9,scale_1.10,layer3_flat,full_normalized_distance,0.8839955125647351,0.7622983243668381,0.12169718819789699,13.766720132399703,1.0
10,scale_1.10,layer3_flat,full_normalized_distance,0.8509812777574421,0.7482403139047608,0.10274096385268139,12.073234339926952,1.0
11,scale_1.10,layer3_flat,full_normalized_distance,0.7403786551343277,0.6575746110638925,0.08280404407043518,11.184012869104137,1.0
12,scale_1.10,layer3_flat,full_normalized_distance,0.8334851524023733,0.7325346186011882,0.10095053380118513,12.111857483014782,1.0
13,scale_1.10,layer3_flat,full_normalized_distance,0.8577545146417509,0.8033097333000475,0.054444781341703385,6.347361676595696,1.0
14,scale_1.10,layer3_flat,full_normalized_distance,0.8530512404083397,0.7581822781101933,0.09486896229814634,11.121132917246934,1.0
15,scale_1.10,layer3_flat,full_normalized_distance,0.8017465495388292,0.6635250609479391,0.13822148859089012,17.240047826862966,1.0
16,scale_1.10,layer3_flat,full_normalized_distance,0.8077194721069485,0.7095370909906797,0.09818238111626876,12.155505036920427,1.0
17,scale_1.10,layer3_flat,full_normalized_distance,0.8387373267522473,0.7716864598854936,0.06705086686675377,7.994262891137528,1.0
18,scale_1.10,layer3_flat,full_normalized_distance,0.8631582388254356,0.7592250989988804,0.10393313982655528,12.041029692060231,1.0
19,scale_1.10,layer3_flat,full_normalized_distance,0.8907531846808826,0.7598918819695158,0.13086130271136676,14.691084462201687,1.0
20,scale_1.10,layer3_flat,full_normalized_distance,0.8142737321402286,0.7119929266053215,0.10228080553490704,12.56098551355054,1.0
21,scale_1.10,layer3_flat,full_normalized_distance,0.8431473451768148,0.7623268634405946,0.08082048173622014,9.58557032747053,1.0
22,scale_1.10,layer3_flat,full_normalized_distance,0.7503426087172066,0.7074474985167831,0.04289511020042347,5.71673655501188,1.0
23,scale_1.10,layer3_flat,full_normalized_distance,0.8879850311370846,0.7977400927142133,0.09024493842287129,10.162889604930502,1.0
24,scale_1.10,layer3_flat,full_normalized_distance,0.8553879233720123,0.7329793207418354,0.12240860263017694,14.310302879597442,1.0
25,scale_1.10,layer3_flat,full_normalized_distance,0.7746120743312539,0.6512964945211068,0.12331557981014707,15.919656289433645,1.0
26,scale_1.10,layer3_flat,full_normalized_distance,0.7968459030523811,0.659237939591913,0.1376079634604681,17.269080876638412,1.0
27,scale_1.10,layer3_flat,full_normalized_distance,0.8626549291367412,0.745251124831934,0.11740380430480724,13.609590618366619,1.0
28,scale_1.10,layer3_flat,full_normalized_distance,0.8410957762445587,0.769935424313866,0.0711603519306927,8.460433869771018,1.0
29,scale_1.10,layer3_flat,full_normalized_distance,0.8927095679530921,0.7468612478099427,0.1458483201431494,16.337712216684757,1.0
30,scale_1.10,layer3_flat,full_normalized_distance,0.8597501109490041,0.775773460756288,0.08397665019271616,9.767564914870892,1.0
31,scale_1.10,layer3_flat,full_normalized_distance,0.8780227289342668,0.7562545807754877,0.12176814815877912,13.8684505703447,1.0
32,scale_1.10,layer3_flat,full_normalized_distance,0.8232979715980017,0.7529726325427963,0.07032533905520533,8.541906026881144,1.0
33,scale_1.10,layer3_flat,full_normalized_distance,0.8080007248960208,0.722855617756099,0.08514510713992185,10.537751330702523,1.0
2,scale_1.10,layer3_flat,cp_eq1_optimized,0.21829992532730103,0.11230407655239105,0.10599584877490997,48.555146601861146,1.0
3,scale_1.10,layer3_flat,cp_eq1_optimized,0.18478618562221527,0.13907532393932343,0.045710861682891846,24.737163943682294,1.0
4,scale_1.10,layer3_flat,cp_eq1_optimized,0.2199629545211792,0.14737583696842194,0.07258711755275726,32.999701113506454,1.0
5,scale_1.10,layer3_flat,cp_eq1_optimized,0.20040570199489594,0.13086630403995514,0.0695393979549408,34.699311078666256,1.0
6,scale_1.10,layer3_flat,cp_eq1_optimized,0.1894320398569107,0.16445857286453247,0.024973466992378235,13.183338473845474,1.0
7,scale_1.10,layer3_flat,cp_eq1_optimized,0.19267162680625916,0.13930661976337433,0.05336500704288483,27.697387481068503,1.0
8,scale_1.10,layer3_flat,cp_eq1_optimized,0.15383939445018768,0.12377985566854477,0.030059538781642914,19.539558699433535,1.0
9,scale_1.10,layer3_flat,cp_eq1_optimized,0.24027132987976074,0.1532229334115982,0.08704839646816254,36.22920658547234,1.0
10,scale_1.10,layer3_flat,cp_eq1_optimized,0.15616272389888763,0.09791024774312973,0.058252476155757904,37.30242064239494,1.0
11,scale_1.10,layer3_flat,cp_eq1_optimized,0.19292443990707397,0.11714564263820648,0.07577879726886749,39.279003378200876,1.0
12,scale_1.10,layer3_flat,cp_eq1_optimized,0.2398378998041153,0.20222145318984985,0.03761644661426544,15.68411274649727,1.0
13,scale_1.10,layer3_flat,cp_eq1_optimized,0.21373292803764343,0.1678524911403656,0.04588043689727783,21.466246365643077,1.0
14,scale_1.10,layer3_flat,cp_eq1_optimized,0.2540740370750427,0.16408182680606842,0.0899922102689743,35.41967975344141,1.0
15,scale_1.10,layer3_flat,cp_eq1_optimized,0.2549329996109009,0.15921223163604736,0.09572076797485352,37.54742152666573,1.0
16,scale_1.10,layer3_flat,cp_eq1_optimized,0.1959611028432846,0.10712848603725433,0.08883261680603027,45.331759985357294,1.0
17,scale_1.10,layer3_flat,cp_eq1_optimized,0.18930180370807648,0.15053683519363403,0.038764968514442444,20.477865374181732,1.0
18,scale_1.10,layer3_flat,cp_eq1_optimized,0.21027405560016632,0.17238615453243256,0.037887901067733765,18.01834323279377,1.0
19,scale_1.10,layer3_flat,cp_eq1_optimized,0.26348641514778137,0.15836746990680695,0.10511894524097443,39.895394675895346,1.0
20,scale_1.10,layer3_flat,cp_eq1_optimized,0.24109108746051788,0.15001033246517181,0.09108075499534607,37.77856575054192,1.0
21,scale_1.10,layer3_flat,cp_eq1_optimized,0.20774699747562408,0.17396441102027893,0.033782586455345154,16.261407801644115,1.0
22,scale_1.10,layer3_flat,cp_eq1_optimized,0.17213623225688934,0.14626267552375793,0.02587355673313141,15.03086037945133,1.0
23,scale_1.10,layer3_flat,cp_eq1_optimized,0.20107072591781616,0.1356474757194519,0.06542325019836426,32.537431741694405,1.0
24,scale_1.10,layer3_flat,cp_eq1_optimized,0.21938061714172363,0.1478380411863327,0.07154257595539093,32.61116541979964,1.0
25,scale_1.10,layer3_flat,cp_eq1_optimized,0.22190137207508087,0.13833554089069366,0.08356583118438721,37.65899705916911,1.0
26,scale_1.10,layer3_flat,cp_eq1_optimized,0.22162161767482758,0.1445319503545761,0.07708966732025146,34.784362702835594,1.0
27,scale_1.10,layer3_flat,cp_eq1_optimized,0.16612312197685242,0.13275454938411713,0.03336857259273529,20.086651512114006,1.0
28,scale_1.10,layer3_flat,cp_eq1_optimized,0.14607222378253937,0.10619989037513733,0.03987233340740204,27.296314367396647,1.0
29,scale_1.10,layer3_flat,cp_eq1_optimized,0.23872949182987213,0.15497086942195892,0.08375862240791321,35.08515925935619,1.0
30,scale_1.10,layer3_flat,cp_eq1_optimized,0.24944525957107544,0.16954606771469116,0.07989919185638428,32.0307517542934,1.0
31,scale_1.10,layer3_flat,cp_eq1_optimized,0.19120030105113983,0.14075204730033875,0.050448253750801086,26.385028409052545,1.0
32,scale_1.10,layer3_flat,cp_eq1_optimized,0.1998453438282013,0.17901839315891266,0.020826950669288635,10.42153410743884,1.0
33,scale_1.10,layer3_flat,cp_eq1_optimized,0.19026345014572144,0.16065722703933716,0.029606223106384277,15.560646610556821,1.0
2,scale_1.10,layer4_pooled,bp_eq2_uniform,0.47240519523620605,0.3796355724334717,0.09276962280273438,19.63772281465967,1.0
3,scale_1.10,layer4_pooled,bp_eq2_uniform,0.4516153633594513,0.39293432235717773,0.05868104100227356,12.993588297269241,1.0
4,scale_1.10,layer4_pooled,bp_eq2_uniform,0.483231782913208,0.3755514621734619,0.1076803207397461,22.283368881567014,1.0
5,scale_1.10,layer4_pooled,bp_eq2_uniform,0.4993527829647064,0.362191379070282,0.13716140389442444,27.467836081699406,1.0
6,scale_1.10,layer4_pooled,bp_eq2_uniform,0.382979154586792,0.2748834192752838,0.10809573531150818,28.224965775971217,1.0
7,scale_1.10,layer4_pooled,bp_eq2_uniform,0.5177010297775269,0.38466548919677734,0.1330355405807495,25.69736835131703,1.0
8,scale_1.10,layer4_pooled,bp_eq2_uniform,0.42439374327659607,0.3088076412677765,0.11558610200881958,27.235581070575464,1.0
9,scale_1.10,layer4_pooled,bp_eq2_uniform,0.5018831491470337,0.3682185709476471,0.1336645781993866,26.632609288892734,1.0
10,scale_1.10,layer4_pooled,bp_eq2_uniform,0.44183725118637085,0.356094092130661,0.08574315905570984,19.406050265179783,1.0
11,scale_1.10,layer4_pooled,bp_eq2_uniform,0.4018145799636841,0.29292115569114685,0.10889342427253723,27.100416386609965,1.0
12,scale_1.10,layer4_pooled,bp_eq2_uniform,0.40086179971694946,0.2839900553226471,0.11687174439430237,29.155121410055674,1.0
13,scale_1.10,layer4_pooled,bp_eq2_uniform,0.44649574160575867,0.40191543102264404,0.044580310583114624,9.984487292686826,1.0
14,scale_1.10,layer4_pooled,bp_eq2_uniform,0.4719346761703491,0.3709752559661865,0.1009594202041626,21.392668371651176,1.0
15,scale_1.10,layer4_pooled,bp_eq2_uniform,0.4368283152580261,0.2608802914619446,0.17594802379608154,40.27852995100596,1.0
16,scale_1.10,layer4_pooled,bp_eq2_uniform,0.49119049310684204,0.35715147852897644,0.1340390145778656,27.288601155486333,1.0
17,scale_1.10,layer4_pooled,bp_eq2_uniform,0.4665727913379669,0.4072956144809723,0.05927717685699463,12.704807900795384,1.0
18,scale_1.10,layer4_pooled,bp_eq2_uniform,0.4459192752838135,0.39276421070098877,0.05315506458282471,11.920333461448598,1.0
19,scale_1.10,layer4_pooled,bp_eq2_uniform,0.7065584659576416,0.5086914896965027,0.19786697626113892,28.00433167164415,1.0
20,scale_1.10,layer4_pooled,bp_eq2_uniform,0.4819859266281128,0.3704194128513336,0.11156651377677917,23.14725547217676,1.0
21,scale_1.10,layer4_pooled,bp_eq2_uniform,0.42098718881607056,0.3590325117111206,0.06195467710494995,14.716523150986147,1.0
22,scale_1.10,layer4_pooled,bp_eq2_uniform,0.5538418292999268,0.4723864793777466,0.08145534992218018,14.707330796049694,1.0
23,scale_1.10,layer4_pooled,bp_eq2_uniform,0.48564815521240234,0.4055386483669281,0.08010950684547424,16.495379625250038,1.0
24,scale_1.10,layer4_pooled,bp_eq2_uniform,0.45319774746894836,0.3255945146083832,0.12760323286056519,28.15619309074933,1.0
25,scale_1.10,layer4_pooled,bp_eq2_uniform,0.4119519889354706,0.2727532684803009,0.13919872045516968,33.79003480831265,1.0
26,scale_1.10,layer4_pooled,bp_eq2_uniform,0.3831993639469147,0.24837297201156616,0.1348263919353485,35.1843986760047,1.0
27,scale_1.10,layer4_pooled,bp_eq2_uniform,0.44979479908943176,0.35426896810531616,0.0955258309841156,21.23764685080541,1.0
28,scale_1.10,layer4_pooled,bp_eq2_uniform,0.42293581366539,0.3727073073387146,0.050228506326675415,11.87615347379767,1.0
29,scale_1.10,layer4_pooled,bp_eq2_uniform,0.5675702691078186,0.41150614619255066,0.15606412291526794,27.496881251429016,1.0
30,scale_1.10,layer4_pooled,bp_eq2_uniform,0.45881783962249756,0.3819224536418915,0.07689538598060608,16.759458621684338,1.0
31,scale_1.10,layer4_pooled,bp_eq2_uniform,0.4447019696235657,0.3574618101119995,0.08724015951156616,19.617668791801762,1.0
32,scale_1.10,layer4_pooled,bp_eq2_uniform,0.4453268349170685,0.389983206987381,0.0553436279296875,12.42764270872418,1.0
33,scale_1.10,layer4_pooled,bp_eq2_uniform,0.44910499453544617,0.3908098340034485,0.05829516053199768,12.980296643587398,1.0
2,scale_1.10,layer4_pooled,full_normalized_distance,0.9720135752510929,0.8713616613478834,0.10065191390320949,10.35499055423226,1.0
3,scale_1.10,layer4_pooled,full_normalized_distance,0.9503845151931415,0.886492326370824,0.06389218882231751,6.722772499009605,1.0
4,scale_1.10,layer4_pooled,full_normalized_distance,0.9830887883738763,0.8666619435206117,0.1164268448532646,11.842963344717562,1.0
5,scale_1.10,layer4_pooled,full_normalized_distance,0.9993525733840949,0.8511067842172121,0.1482457891668828,14.834182961547958,1.0
6,scale_1.10,layer4_pooled,full_normalized_distance,0.8751904416603189,0.7414626346287233,0.1337278070315956,15.279852323083936,1.0
7,scale_1.10,layer4_pooled,full_normalized_distance,1.0175470797732427,0.8771151454589954,0.14043193431424728,13.80102573194,1.0
8,scale_1.10,layer4_pooled,full_normalized_distance,0.921296633312633,0.7858850313726258,0.13541160194000723,14.69793734651689,1.0
9,scale_1.10,layer4_pooled,full_normalized_distance,1.001881379352899,0.8581591588366894,0.14372222051620953,14.345233226002687,1.0
10,scale_1.10,layer4_pooled,full_normalized_distance,0.9400396280863599,0.8439124268911568,0.09612720119520313,10.225866902099348,1.0
11,scale_1.10,layer4_pooled,full_normalized_distance,0.8964536574343195,0.7654033651495751,0.1310502922847444,14.618747014727852,1.0
12,scale_1.10,layer4_pooled,full_normalized_distance,0.8953901939567458,0.7536445519243765,0.14174564203236928,15.830600221991975,1.0
13,scale_1.10,layer4_pooled,full_normalized_distance,0.9449822660830823,0.896566150401234,0.04841611568184834,5.123494632600902,1.0
14,scale_1.10,layer4_pooled,full_normalized_distance,0.9715293883052114,0.8613654926524356,0.11016389565277585,11.339224214806135,1.0
15,scale_1.10,layer4_pooled,full_normalized_distance,0.9346960096823204,0.7223299681751334,0.21236604150718696,22.72033252598753,1.0
16,scale_1.10,layer4_pooled,full_normalized_distance,0.99115134374811,0.8451644556285793,0.14598688811953064,14.729020854405892,1.0
17,scale_1.10,layer4_pooled,full_normalized_distance,0.9659946079952693,0.9025470785293943,0.06344752946587495,6.568103894232088,1.0
18,scale_1.10,layer4_pooled,full_normalized_distance,0.9443720403356015,0.8863004126152585,0.05807162772034302,6.1492320017908,1.0
19,scale_1.10,layer4_pooled,full_normalized_distance,1.1887459492739747,1.0086540434623783,0.1800919058115964,15.14973875801098,1.0
20,scale_1.10,layer4_pooled,full_normalized_distance,0.9818206828419462,0.8607199461512829,0.12110073669066335,12.334302872904017,1.0
21,scale_1.10,layer4_pooled,full_normalized_distance,0.9175916181134945,0.8473871744499331,0.07020444366356149,7.650946486174372,1.0
22,scale_1.10,layer4_pooled,full_normalized_distance,1.0524655142093033,0.971994320330882,0.08047119387842139,7.6459696580938665,1.0
23,scale_1.10,layer4_pooled,full_normalized_distance,0.9855436623634717,0.900598299317657,0.08494536304581468,8.61913746591578,1.0
24,scale_1.10,layer4_pooled,full_normalized_distance,0.9520480528512711,0.8069628425254575,0.14508521032581367,15.239273888660163,1.0
25,scale_1.10,layer4_pooled,full_normalized_distance,0.9076915653849281,0.7385841434532708,0.1691074219316573,18.630493923313804,1.0
26,scale_1.10,layer4_pooled,full_normalized_distance,0.8754420185790887,0.7048020601723098,0.1706399584067788,19.491862942967487,1.0
27,scale_1.10,layer4_pooled,full_normalized_distance,0.9484669726347162,0.841746954975563,0.10672001765915329,11.251843315385736,1.0
28,scale_1.10,layer4_pooled,full_normalized_distance,0.9197127961112534,0.8633739715079608,0.05633882460329265,6.125697591840001,1.0
29,scale_1.10,layer4_pooled,full_normalized_distance,1.0654297434442297,0.9072002493303787,0.158229494113851,14.851236797856965,1.0
30,scale_1.10,layer4_pooled,full_normalized_distance,0.9579330244046267,0.8739822122239005,0.0839508121807262,8.763745485527608,1.0
31,scale_1.10,layer4_pooled,full_normalized_distance,0.9430821487267859,0.8455315607498037,0.09755058797698213,10.343806009749787,1.0
32,scale_1.10,layer4_pooled,full_normalized_distance,0.9437444939357988,0.883157072085573,0.06058742185022581,6.419896724110929,1.0
33,scale_1.10,layer4_pooled,full_normalized_distance,0.9477394098964611,0.8840925675555117,0.06364684234094942,6.715647959372668,1.0
2,scale_1.10,layer4_pooled,cp_eq1_optimized,0.11584984511137009,0.010255091823637486,0.1055947532877326,91.14794515720722,1.0
3,scale_1.10,layer4_pooled,cp_eq1_optimized,0.06742727756500244,0.08703400939702988,-0.019606731832027435,-29.078338233120892,0.0
4,scale_1.10,layer4_pooled,cp_eq1_optimized,0.03405432030558586,0.02928577922284603,0.00476854108273983,14.002749254160356,1.0
5,scale_1.10,layer4_pooled,cp_eq1_optimized,0.06183687597513199,0.028526216745376587,0.0333106592297554,53.86859976984084,1.0
6,scale_1.10,layer4_pooled,cp_eq1_optimized,0.0437927283346653,0.0529252253472805,-0.009132497012615204,-20.85391196140112,0.0
7,scale_1.10,layer4_pooled,cp_eq1_optimized,0.04095500335097313,0.01641104184091091,0.024543961510062218,59.92909168906158,1.0
8,scale_1.10,layer4_pooled,cp_eq1_optimized,0.06266311556100845,0.03327568620443344,0.029387429356575012,46.897491599335815,1.0
9,scale_1.10,layer4_pooled,cp_eq1_optimized,0.04748847708106041,0.028867347165942192,0.018621129915118217,39.21189109295036,1.0
10,scale_1.10,layer4_pooled,cp_eq1_optimized,0.13178381323814392,0.04365163668990135,0.08813217654824257,66.87632902859768,1.0
11,scale_1.10,layer4_pooled,cp_eq1_optimized,0.04626233130693436,0.058775320649147034,-0.012512989342212677,-27.04790050229613,0.0
12,scale_1.10,layer4_pooled,cp_eq1_optimized,0.07111198455095291,0.04014198109507561,0.030970003455877304,43.55103243286829,1.0
13,scale_1.10,layer4_pooled,cp_eq1_optimized,0.0979808121919632,0.05594535171985626,0.042035460472106934,42.90172691090005,1.0
14,scale_1.10,layer4_pooled,cp_eq1_optimized,0.06362234801054001,0.03001358173787594,0.03360876627266407,52.82541013193668,1.0
15,scale_1.10,layer4_pooled,cp_eq1_optimized,0.11542128026485443,0.05080673098564148,0.06461454927921295,55.981487235615205,1.0
16,scale_1.10,layer4_pooled,cp_eq1_optimized,0.05588122457265854,0.024906281381845474,0.030974943190813065,55.42996494284795,1.0
17,scale_1.10,layer4_pooled,cp_eq1_optimized,0.19271034002304077,0.1158585175871849,0.07685182243585587,39.87944934675977,1.0
18,scale_1.10,layer4_pooled,cp_eq1_optimized,0.1684396117925644,0.1548512727022171,0.01358833909034729,8.067187370985417,1.0
19,scale_1.10,layer4_pooled,cp_eq1_optimized,0.12251350283622742,0.022321708500385284,0.10019179433584213,81.78020545944057,1.0
20,scale_1.10,layer4_pooled,cp_eq1_optimized,0.11745642870664597,0.1441698968410492,-0.02671346813440323,-22.74330015677063,0.0
21,scale_1.10,layer4_pooled,cp_eq1_optimized,0.13948793709278107,0.08471111208200455,0.05477682501077652,39.26993699386976,1.0
22,scale_1.10,layer4_pooled,cp_eq1_optimized,0.04214474931359291,0.059187453240156174,-0.017042703926563263,-40.43849875424958,0.0
23,scale_1.10,layer4_pooled,cp_eq1_optimized,0.10600500553846359,0.048242006450891495,0.0577629990875721,54.49082219619154,1.0
24,scale_1.10,layer4_pooled,cp_eq1_optimized,0.10979054123163223,0.06238434836268425,0.04740619286894798,43.1787586951596,1.0
25,scale_1.10,layer4_pooled,cp_eq1_optimized,0.14485958218574524,0.09888805449008942,0.04597152769565582,31.735234219018928,1.0
26,scale_1.10,layer4_pooled,cp_eq1_optimized,0.08727478235960007,0.055577874183654785,0.03169690817594528,36.31851872741507,1.0
27,scale_1.10,layer4_pooled,cp_eq1_optimized,0.026440763846039772,0.014170941896736622,0.01226982194930315,46.404945107804984,1.0
28,scale_1.10,layer4_pooled,cp_eq1_optimized,0.057698801159858704,0.030566992238163948,0.027131808921694756,47.023176176665935,1.0
29,scale_1.10,layer4_pooled,cp_eq1_optimized,0.20268961787223816,0.12105510383844376,0.0816345140337944,40.275626788565226,1.0
30,scale_1.10,layer4_pooled,cp_eq1_optimized,0.0466512031853199,0.025023993104696274,0.021627210080623627,46.359383260163455,1.0
31,scale_1.10,layer4_pooled,cp_eq1_optimized,0.01713854819536209,0.053907573223114014,-0.03676902502775192,-214.539905051915,0.0
32,scale_1.10,layer4_pooled,cp_eq1_optimized,0.06630127131938934,0.16089829802513123,-0.09459702670574188,-142.67754572701665,0.0
33,scale_1.10,layer4_pooled,cp_eq1_optimized,0.12827524542808533,0.17702312767505646,-0.04874788224697113,-38.002564005165375,0.0
